postUrl,postCode,ownerUsername,text,TP_rating
https://www.instagram.com/p/C3Y5f_xIyFP/,C3Y5f_xIyFP,hannie_jl,"Oh the triple feeding life is so tough, sending big hugs. The mam shields were good for Zachy as well, hope it gets a little easier for you both ❤️",3
https://www.instagram.com/p/C3Y5f_xIyFP/,C3Y5f_xIyFP,schmopop,"Oh Jo, I can remember so vividly that initial c-section pain. You’re amazing and I really hope this feeding journey turns out easier in the end, than your last.
Sending love ❤",2
https://www.instagram.com/p/C3LENVwoQ0W/,C3LENVwoQ0W,livingthemumlife,Well done you for persevering and doing what you knew mattered for you both. I had a 13 month old and a baby with a cleft palate and exclusively pumped for as long as I could and it was hard hard work! But I’m grateful I did it and grateful I knew when to give myself permission to stop for all of our sakes too. I think what matters is the confidence to trust ourselves and know whatever choices we made we were all just doing our best for our families ❤️ 👏,3
https://www.instagram.com/p/C3LENVwoQ0W/,C3LENVwoQ0W,cerigillettcoaching,Get that in pride of place ❤ you deserve it,2
https://www.instagram.com/p/C3LENVwoQ0W/,C3LENVwoQ0W,lifeofalouise,#breastfeedingjourney #triplefeeding #mamaof2 #womenarestrong #womenarebeautiful #supportsmallbusiness,2
https://www.instagram.com/p/C2shcV7vKGT/,C2shcV7vKGT,severusia,Brilliant. Can you share more about how you have it set up to pump hands free?,3
https://www.instagram.com/p/C2S-fF-NzSM/,C2S-fF-NzSM,successfulbreastfeeding,"Yes it's intended as a temporary strategy but so often when I talk to parents, no-one's told them when or how to stop until they get desperate enough to come along to the Baby Cafe and ask for help. Absolutely agree, if you're trapped in the triple feeding cycle, get specialist support.  Because it's often not sustainable.",1
https://www.instagram.com/p/C2n1RelsTxI/,C2n1RelsTxI,lifeattarget,Well done you. I relate so closely to your story. You should be so proud ❤️,3
https://www.instagram.com/p/C2n1RelsTxI/,C2n1RelsTxI,ourbabyclubreading,So proud of you and your determination ❤️ x,3
https://www.instagram.com/p/C2n1RelsTxI/,C2n1RelsTxI,boobingit,It's amazing how far you've come. You should be so proud of making it all work. And you deserve a medal for triple feeding! 🙌❤️,3
https://www.instagram.com/p/C2hB6CEAq-z/,C2hB6CEAq-z,skinw.ithin,"Try a manual pump - they can feel less intimidating and mechanical than electric , and more conducive to promoting the breastfeeding hormones. Remember,  feeling sleepy during this process is a good sign.",2
https://www.instagram.com/p/C2hB6CEAq-z/,C2hB6CEAq-z,rebecca.sardar,Remember let down is hormonal so try to create those cosy feelings by watching videos or smelling something of theirs to help. Stress makes it way harder which is a spiral that’s so easy to get into!,2
https://www.instagram.com/p/C2hB6CEAq-z/,C2hB6CEAq-z,pearceamelia,The amount doesn’t correlate with what baby can get and if you drink more milk yourself it doesn’t mean you make more milk!🤣which was said to me once upon a time 🙈,2
https://www.instagram.com/p/C2hB6CEAq-z/,C2hB6CEAq-z,manpreet.pinder,Flange size is SO important. Do not just go with the one that comes with the pump without checking first..!,2
https://www.instagram.com/p/C2hB6CEAq-z/,C2hB6CEAq-z,kathrynstaggibclc,"That pumping and bottle feeding is not ""an easier journey as you can see what baby is taking"" as one of my twin clients was once told by a HV!",2
https://www.instagram.com/p/C2hB6CEAq-z/,C2hB6CEAq-z,birth_therapies,Change in settings. One breast can be less or more productive ❤️,2
https://www.instagram.com/p/C2hB6CEAq-z/,C2hB6CEAq-z,cresswells_elmtreecottage,Suction only pumps can increase supply. You don’t need to catch your letdown in the early days unless there’s a reason to be giving extra milk to your baby.,2
https://www.instagram.com/p/C2hB6CEAq-z/,C2hB6CEAq-z,cresswells_elmtreecottage,Pumps can be rented if they’re needed. You might not want or need one so you don’t need to buy one before your baby is born.,2
https://www.instagram.com/p/C2hB6CEAq-z/,C2hB6CEAq-z,nourishibclc,Hands on pumping is amazing!!,2
https://www.instagram.com/p/C2hB6CEAq-z/,C2hB6CEAq-z,jemmacalver,"Cover the bottle whilst pumping so you can't see how much milk is coming out, so you don't obsess over it!",2
https://www.instagram.com/p/C2hB6CEAq-z/,C2hB6CEAq-z,tamzinwestibclc,Not all pumps are equal!,2
https://www.instagram.com/p/C2Y2JGhPj_y/,C2Y2JGhPj_y,pattylcampos,"My daughter was diagnosed with FPIES at 7 months also, our GP had no idea about it, I had a subscription to the baby mealtimes from Dr Kyla and I was able to find answers when it happened. She was a breastfed baby FPIES to Banana. We did a rechallenge at the hospital when she was 19 months old and passed!",2
https://www.instagram.com/p/C2Y2JGhPj_y/,C2Y2JGhPj_y,bethsmeaton89,My boy was diagnosed with FPIES at 7 months. Either chicken or peanuts. We were told it was most likely chicken as peanuts is very rare with FPIES. Did a good challenge and it turned out to be peanuts! He has just turned 2 and we’ve been discharged from the allergist and he can now eat peanuts with no reaction 😊 though we still keep the medication on hand just in case!,2
https://www.instagram.com/p/C1tXrRAJEcc/,C1tXrRAJEcc,l.a.thomas_,👏🏼👏🏼👏🏼 All the good stuff! Lucky boy 💙👌🏼,2
https://www.instagram.com/p/C1tXrRAJEcc/,C1tXrRAJEcc,jess.roseeyy,Naw so special and a great start to life. I fed the twins for 8 months and can relate to the ending stages but the memories last forever ❤️,2
https://www.instagram.com/p/C1tXrRAJEcc/,C1tXrRAJEcc,emilyleilua,That’s why you are a super mama ❤️ Jai Jai is so blessed x,2
https://www.instagram.com/p/C1tXrRAJEcc/,C1tXrRAJEcc,orlaayerharris,So so beautiful and special!! He is such a lucky wee boy ❤️,2
https://www.instagram.com/p/C1tXrRAJEcc/,C1tXrRAJEcc,livrosecosford,"Thought I’d wean Bodhi at 2, we’re still going 😬🥰. No end in sight for my wee man, big lover of the 🍈🍈😂. You’re incredible to persevere. Most incredible start to life 😘",2
https://www.instagram.com/p/C1tXrRAJEcc/,C1tXrRAJEcc,bethberry__,Not always an easy journey but such a special one 🤍 what a start to life you have given him 🫶🏼,2
https://www.instagram.com/p/C1tXrRAJEcc/,C1tXrRAJEcc,ema.pene,Jais lucky to have such a strong māmā 🫶🏾,2
https://www.instagram.com/p/C1tXrRAJEcc/,C1tXrRAJEcc,_laurabrooke_,You are amazing friend ❤️❤️,2
https://www.instagram.com/p/C2DtQySKIzA/,C2DtQySKIzA,the.smart.doula,@pottagepower  here you go part three ❤️,2
https://www.instagram.com/p/C0zfU7jrl9y/,C0zfU7jrl9y,igielis,"Wij hebben dit de eerste weken gedaan, op aangeven van de vroedvrouw in het ziekenhuis die zei dat we nog een dessertje moesten geven aan ons kindje.
Achteraf gezien helemaal geen noodzaak toe om dat nog te geven,  en ook geen begeleiding over hoe lang dat dan moest of hoeveel dat moest zijn",-
https://www.instagram.com/p/C0zfU7jrl9y/,C0zfU7jrl9y,sonda.m,"De eerste 6 weken Triple feeding owv dysmatuurtje dat amper bijkwam in het begin. Naar huis gegaan onder zijn 10% met amper een gewicht van 2,2kg. Nu 5 maanden later hebben we een stevige jongen van bijna 7 kg, puur op moedermelk 💪🏾 In het begin werd ons gezegd dat het nakolven en bijvoeden na een dikke week tot twee weken wel kon stoppen meestal, maar helaas kwam ons ventje amper aan. De moed zakte telkens in de schoenen en heel vaak mezelf afgevraagd of kunstvoeding dan toch niet beter zou zijn, maar ik wilde zo graag proberen om verder te geraken dan bij ons eerste zoontje. In week 7 kwam de ommekeer en sindsdien is het puur voeden op verzoek en groeit hij als kool 🥰",-
https://www.instagram.com/p/C0zfU7jrl9y/,C0zfU7jrl9y,shana_93,"Het zwaarste wat ik ooit heb gedaan, maar met veel steun van mijn partner zijn we erdoor geraakt.",-
https://www.instagram.com/p/C0zfU7jrl9y/,C0zfU7jrl9y,marijevandelagemaat,@jorrindevanderwind goed stukje! Dit had ik ook,-
https://www.instagram.com/p/C0zfU7jrl9y/,C0zfU7jrl9y,louise.puttemans,"Hier ook tripple feeding en helaas mee gestopt na 10 dagen omdat ik zo op was, geen perspectief, te weinig begeleiding.. Wel ten gevolge van een traumatische geboorte en opname op neonatologie ❤️‍🩹",-
https://www.instagram.com/p/C0zfU7jrl9y/,C0zfU7jrl9y,shauni_vh,Ik vond triple feeding zo slopend! Toch volgehouden tot m’n kindje terug begon bij te komen en konden we terug volledig naar bv overschakelen. Nu al 10 maanden bezig met bv 💪,-
https://www.instagram.com/p/C0zfU7jrl9y/,C0zfU7jrl9y,sarah.robert.142,"Beslist om toch borstvoeding te geven maar fulltime te kolven, ondertussen al 8 maanden",-
https://www.instagram.com/p/C0zfU7jrl9y/,C0zfU7jrl9y,elk_e.willems,De oudste dochter heeft zo tot haar 17 maanden bv gekregen. Bij de andere 2 lukte live voeden wel na betere begeleiding. Zelfs 6 maanden getandemd.,-
https://www.instagram.com/p/C0zfU7jrl9y/,C0zfU7jrl9y,katrien_dc,"Zo’n 5 maanden gedaan bij mijn dochter omdat ze niet bijkwam.. de eerste weken dag en nacht, maar nadien liet ik het kolven weg na de nachtvoeding(en) omdat de voedingsmomenten té lang duurden. Maar tot ik ging gaan werken, kolfde ik altijd bij (meestal ook eens 1u powerkolven per dag) én aangevuld met kunstvoeding. Zodra ik begon te werken, wou de dochter niet meer live drinken en kolfde ik 3 à 4 keer per dag om 1 fles van 240 te kunnen vullen.. Toen mijn dochter 6 maanden was waren we op reis en is het kolven ook (kunnen) stilvallen.. Ik kon het toen eindelijk loslaten.. 
Mijn zoon is nu 8,5 weken en de borstvoeding loopt goed! Eindelijk ervaar ik alle voordelen en gemakken van (live) borstvoeding te kunnen geven ❤️",-
https://www.instagram.com/p/C0zfU7jrl9y/,C0zfU7jrl9y,evachristina90,Ik heb dit in mijn kraamweek(!) gedaan omdat mijn melk niet top opgang kwam en ons zoontje teveel afviel. Slopend. 2wk gedaan. Toen liep het als 'n tiet (en nu nog met 25mnd ❤️💪🏽..),-
https://www.instagram.com/p/C0zfU7jrl9y/,C0zfU7jrl9y,sofie_weckx,"Dit heeft mijn borstvoeding goed op gang gezet. Inderdaad super intensief, maar geen seconde spijt van deze tijdelijke maatregel. Dankzij Elke van @momme_vroedvrouwenteam werd dit ook in goede banen geleid. Een goede vroedvrouw is zo belangrijk!",-
https://www.instagram.com/p/C0zfU7jrl9y/,C0zfU7jrl9y,elynemeulenbergs,"Ik heb het denk ik zo'n 2 weken gedaan net na de geboorte van onze dochter. Super vermoeiend, je bent precies enkel nog maar met dat bezig. Vroedvrouw/lactatiedeskundige zei dat ik voor mijn gezondheid moest uiteindelijk beslissen/kiezen... We hebben dan alles alles alles op alles gezet om dochterlief volledig te laten drinken aan de borst. Melk spuiten in tepelhoedje, niemand die dat ooit als advies gaf, maar het werkte. 2 dagen later en we waren vertrokken voor een borstvoedingsavontuur van 6 maanden 💜. Zeer blij en ik gun het alle mama's, papa's en kindjes!!!",-
https://www.instagram.com/p/C0zfU7jrl9y/,C0zfU7jrl9y,silvieketje,"Doe ik al paar maand, ik heb gewoon te weinig melk en heb er alles aan gedaan meer melk te krijgen maar lukt gewoon niet. Ik doe dit enkel 'smorgens en 'savonds. Ze drinkt 2 min ad borst en begint dan te trekken en bijten in men tepels. Dan flesje en dan manueel kolven, soms duurt dit allemaal samen maar 15 minuten in totaal dus voor mij is dit wel heel doenbaar. Aangezien elke druppel telt en ik enkele druppels heb doe ik nog even voort",-
https://www.instagram.com/p/C0zfU7jrl9y/,C0zfU7jrl9y,anphilips,"Dit is ontzettend triggerend voor mij😢 11 jaar geleden heb ik dit ook moeten doen, zonder uitleg, zonder hulp, met een premature baby die maar 6x per dag mocht drinken van de kinderarts. Na 4 weken mocht ze naar huis terwijl ze maar 1x per dag live aan de borst dronk. Ik ben met haar thuis gekomen zonder uitleg en zonder vroedvrouw aan huis (ik wist toen zelfs nog niet dat dat bestond). Daarbovenop had ze ook nog kma. Ik was doodop en heb dus na enkele weken de handdoek in de ring moeten gooien. Met veel tranen die door niemand begrepen werden. Ik ween er nog om als ik er aan terug denk. Gelukkig nu bij ons 3e kindje LLL leren kennen en me laten omringen zoals het hoort. Nu wel al 2,8j aan de borst. Ik heb er deze keer álles voor over gehad om het te laten slagen, en daar zit die eerste ervaring zeker voor iets tussen.",-
https://www.instagram.com/p/C0zfU7jrl9y/,C0zfU7jrl9y,emily_vandeperre,"Ondertussen 4 maanden. 1 periode gehad dat ik wel 2w voltijds borstvoeding heb gegeven, maar toen kwam hij niet voldoende bij en daalde mijn productie. Nu al een week intensief aan het bijkolven voor betere productie want die ik is enorm gezakt. We houden vol, maar binnen enkele weken werken. Geen idee hoe ik dat dan ga doen. Zorgen voor later?",-
https://www.instagram.com/p/DHGyKmWM-cJ/,DHGyKmWM-cJ,ohmamaphotography,That’s fascinating! So good to know!,3
https://www.instagram.com/p/DHGyKmWM-cJ/,DHGyKmWM-cJ,catrionanic,I love telling this to pumping parents. The look of relief on their faces!!!,3
https://www.instagram.com/p/DHGyKmWM-cJ/,DHGyKmWM-cJ,pregnant.me,Triple feeding sets you up for failure! 😢,1
https://www.instagram.com/p/DHGyKmWM-cJ/,DHGyKmWM-cJ,mariamc1965,Do you have the research to support this? Would be interesting to read this.,2
https://www.instagram.com/p/DGvRwciASg4/,DGvRwciASg4,anna.tomchuk1,"I knew early on I was not alone in my experience, but somehow it still felt lonely. There was lots of grief and tears involved in the process. Vasospasm and nipple blisters were a nightmare, undetected lip and tongue tie did not help. Numerous appointments with lactation clinic, and finally finding paid specialists is what helped, but at that point my supply was already dwindling. So much time spent at the breast that I felt like a cow, and not a person, and was constantly told that everything was fine… how women do this without any support I will never know.",2
https://www.instagram.com/p/DGvRwciASg4/,DGvRwciASg4,tyrannosarahs.porter,"I legitimately have PTSD from my first. He had a painful latch that never really resolved despite a lot of support, so after 6 months of trying to exclusively nurse, I ended up exclusively pumping for another 8 months. I felt so lonely, desperate, and helpless, and all my friends having babies seemed to have no problems with nursing. In the end, I feel good about our journey, but it took a lot for me to get there. Now my second baby is almost 6 months old and still going strong with nursing, but she also needed a lot of help in the beginning. So much love to all the mamas struggling. It really is its own special kind of hell to have feeding struggles. Whatever you need to do to feed your baby really is okay, even though it doesn’t seem that way at the time.",2
https://www.instagram.com/p/DGvRwciASg4/,DGvRwciASg4,bunni212,You’d think breastfeeding is instinctual and easy but it was my hardest journey. Thanks for sharing as I find they don’t talk about the struggles of breastfeeding and pumping etc… ❤️🙌,2
https://www.instagram.com/p/DGvRwciASg4/,DGvRwciASg4,michellejaelin,This is so relatable. Breastfeeding is really hard and it's not often discussed openly about how challenging it is... thank you for sharing your story ❤️,2
https://www.instagram.com/p/DGvRwciASg4/,DGvRwciASg4,advancedlactationcarewinnipeg,You’re a rock star! 🌟,2
https://www.instagram.com/p/DGvRwciASg4/,DGvRwciASg4,nicoleosinga_rd,Thank you for being so open and honest. I am curious to see how breastfeeding will go with my little that I will meet in 2 months,2
https://www.instagram.com/p/DGvRwciASg4/,DGvRwciASg4,withyoupostpartum,"All feeding, all love 👏",2
https://www.instagram.com/p/DGvRwciASg4/,DGvRwciASg4,okayforest,"Thank you for sharing about this and normalizing it! It can feel so so lonely to go through and so confusing while you’re also grappling with everything else postpartum. 😓 
It’s good for mama’s to hear they aren’t alone in it and it’s actually super common to have some challenges with it.",2
https://www.instagram.com/p/DGvRwciASg4/,DGvRwciASg4,keerthu1026,"Oh I relate to this so much. 🫂My 2nd baby started off great for the first 4 weeks. But then developed a feeding aversion due to oversupply from my end.  He would refuse to nurse. His percentile dropped from 30 to 5 at 3 months. We are now 8 months pp. I still EBF cos baby doesn’t do bottles (haven’t figured it out so far). But triple feed. I nurse, pump remaining out to maintain supply & give it in a dropper or cup. Exhausting is an understatement. I m spoon feeding solids because I don’t have the mental bandwidth for BLW this time around. I’m counting days till he turns 1 year. Oh did I mention, I am also dairy free since Nov of 2023. 🤕🤕🤕",2
https://www.instagram.com/p/DGvRwciASg4/,DGvRwciASg4,erin.walker1,This was so my daughter.,2
https://www.instagram.com/p/DGvRwciASg4/,DGvRwciASg4,emilyjidkine,"I had a really similar experience with my first and reading your story back makes me realize that although everyones breastfeeding journey is different, there is a support network out there and there are people who can relate to your struggles!",2
https://www.instagram.com/p/DGvRwciASg4/,DGvRwciASg4,kristkcn,Yes! I had a similar experience where my baby didn’t fully latch until 4 months and was constantly looking for success stories using shields. I appreciate you sharing this!,2
https://www.instagram.com/p/DGvRwciASg4/,DGvRwciASg4,kaitmcmack,"Yes! I’m a PA- and will admit I judged patients who chose not to breastfeed before I had my first. Then with her she refused to nurse and lost too much weight, I had thrush, mastitis that turned to an abscess and surgery for the abscess. It was horrible and contributed to significant PPD. My second I didn’t think I would even try after the first couple of weeks but it ended up going so smoothly and I had a totally redeeming journey. My kids have definitely taught me fed is best and happy healthy mom is best!",2
https://www.instagram.com/p/DGvRwciASg4/,DGvRwciASg4,joce.lum,"As someone who still sometimes experiences mom guilt for having struggles with breastfeeding back when my daughter was a newborn, I really needed and deeply appreciate this post. Thank you for sharing your experience 🤍",2
https://www.instagram.com/p/DHWkNIMymgy/,DHWkNIMymgy,withyoupostpartum,Thank you for highlighting the need for follow up and review by a lactation consultant or feeding professional. This part is where I fell through the cracks in 2020 and I was left to triple feed for 8 weeks. It broke my mental health and ultimately led me to become a lactation consultant myself. It is vital this is not a long term plan for folks 🤍,1
https://www.instagram.com/p/DHWkNIMymgy/,DHWkNIMymgy,advancedlactationcarewinnipeg,"👏👏👏 Yes! I’ve recently worked with several families who had been triple feeding for WEEKS (and in one case, several months) when they reached out to me. There is help for weaning off and families should not be left without a plan to wean off of triple feeding.",1
https://www.instagram.com/p/DHWkNIMymgy/,DHWkNIMymgy,d.schapppert,Days!! We were on this for months when my twins were newborns with tongue ties. Please share more that this is not normal.,1
https://www.instagram.com/p/DG_biMkS-nz/,DG_biMkS-nz,sadia8k,"My baby was underweight and doing three things was so exhausting. Once the latch improved and my baby gained weight, I stopped. But I would definitely say that it works the best, my milk supply also strongly established because of it.",3
https://www.instagram.com/p/DG_biMkS-nz/,DG_biMkS-nz,shyrellekatanov,Omg why did I throw out my shoe box😂😂,2
https://www.instagram.com/p/DG_biMkS-nz/,DG_biMkS-nz,namitasurlakar,Can I use this methods at 2 months for baby?,2
https://www.instagram.com/p/DG_biMkS-nz/,DG_biMkS-nz,amandawiski,Can you do this 4 months po?,2
https://www.instagram.com/p/DG_biMkS-nz/,DG_biMkS-nz,amandawiski,Also I tried a haaka today and nothing happened - is this maybe because I latched it on after my let down?,2
https://www.instagram.com/p/DG_biMkS-nz/,DG_biMkS-nz,simplykate_xo,Can you still increase your supply with this method at almost 4 months pp?,2
https://www.instagram.com/p/DG_biMkS-nz/,DG_biMkS-nz,lustrous_midnight_eyes,Did this for 4 months and it was exhausting. It’s also okay to listen to your body and not put so much pressure on yourself to make milk. Combo feeding is an option and it’s okay to take care of your mental health to ensure you can be with baby and not a zombie of a person,1
https://www.instagram.com/p/DG_biMkS-nz/,DG_biMkS-nz,bobbie_ferguson1,I'm 39w and 4d.... this just exhausted me lol,1
https://www.instagram.com/p/DG_biMkS-nz/,DG_biMkS-nz,bethie_liza,"What if baby doesn’t nurse more than 10-15 min per session? Like when she’s done on one breast, that’s it. She wouldn’t nurse from the other breast until the next feeding session.",2
https://www.instagram.com/p/DG_biMkS-nz/,DG_biMkS-nz,darling.motherhood,One of the hardest things I ever did for and don’t recommend to anyone for more than 1-2 weeks,1
https://www.instagram.com/p/DG_biMkS-nz/,DG_biMkS-nz,_melhagerman,I did this with my daughter for three weeks and it was hell on earth.,1
https://www.instagram.com/p/DG_biMkS-nz/,DG_biMkS-nz,jade_siren28,What if your baby won’t let you put them down?,2
https://www.instagram.com/p/DG_biMkS-nz/,DG_biMkS-nz,s_r_u_t_e_e_z,Can low supply mom can use wearable breast pump,2
https://www.instagram.com/p/DG_biMkS-nz/,DG_biMkS-nz,mierswa77,"Im 2 weeks pp. Even if I just pump and not nurse first, I barely make 1oz combined. Is that normal, shouldn't I be making more? I have to supplement which is fine, I'd just like to make enough",1
https://www.instagram.com/p/DGTVoTHNdxc/,DGTVoTHNdxc,idehealy,What would recommend for premature baby?  My daughter was born at 34+6,2
https://www.instagram.com/p/DGTVoTHNdxc/,DGTVoTHNdxc,sarcon46,What would the recommendation be for pre term/ poorly babies please?,2
https://www.instagram.com/p/DGMb9PXO9r6/,DGMb9PXO9r6,arestfulnight,This was the hardest part of breastfeeding with my first! She has a tongue tie and really struggled with her match for several weeks. We were using a nipple shield and triple feeding - never been so tired in my life!!!,1
https://www.instagram.com/p/DGMb9PXO9r6/,DGMb9PXO9r6,totstherapy,Such a good reminder 👏,2
https://www.instagram.com/p/DGMb9PXO9r6/,DGMb9PXO9r6,thealliancecenterct,"Thank you for the reminder @lauren.d.horowitz , especially the part about this being a temporary strategy!",2
https://www.instagram.com/p/DGngC9QAa22/,DGngC9QAa22,theblackrabbit_hole,"I find the bracelet idea so sweet 💚
Welcome to this world",2
https://www.instagram.com/p/DGngC9QAa22/,DGngC9QAa22,workingsquirrel,"I'm so proud of all of you. I really hope you're healing okay and uuuugh I hope the mastitis clears up soon. Now is not the time, boob!! I'm not sure how to give any support from this distance, but if you or @coggro can think of anything, shoot me a text ❤️ I love you guys",2
https://www.instagram.com/p/DGngC9QAa22/,DGngC9QAa22,lemonademadedaily,It IS exhausting but hang in there and learn to savor the joy that is group family naps!,2
https://www.instagram.com/p/DGngC9QAa22/,DGngC9QAa22,workingsquirrel,Oh! How's August doing with everything?,2
https://www.instagram.com/p/DGngC9QAa22/,DGngC9QAa22,maissac,Love you all so much and so proud of all 4 of you (August included).,2
https://www.instagram.com/p/DGngC9QAa22/,DGngC9QAa22,strumpet_in_stays,"What a resilient little guy (and parents!) Wishing you guys all the best and hopefully at least a little sleep! Pumping and mastitis is the worst, hoping it clears up soon! ❤️",2
https://www.instagram.com/p/DGNzu45OoNa/,DGNzu45OoNa,flow_lactation,"Yes yes yes! I week max is my rec, unless there is TONS of extra support around",2
https://www.instagram.com/p/DGNzu45OoNa/,DGNzu45OoNa,taytaypooka,It’s… not meant to be forever? 😭 I’m 11wks pp and I’m so tired,1
https://www.instagram.com/p/DGNzu45OoNa/,DGNzu45OoNa,lararahop,"I've been doing it for 10 weeks and was never told how to transition off pumping  as I just hoped she'd get better at latching 😭 no tongue tie, she just suckles more for comfort than feeding now. It breaks my heart but I'm going to have to start weaning off pumping and increasing her formula as it isn't sustainable. I just don't know where to start with it.",1
https://www.instagram.com/p/DGNzu45OoNa/,DGNzu45OoNa,ellen_atwood_corwin,"We had to triple feed our baby boy for almost two months. I had PreE with severe features and delivered at 36&6. He was 5lbs 12oz at birth and 5lbs 2oz when we left the hospital. We kept up the triple feeding for almost two months to support his weight gain. It was a a miserable two months but we had LOTS of help (thank goodness!!). Now we have a very happy, healthy 11mo old boy who LOVES to eat both solids and his milk. Being a momma is HARD in general but even harder when triple feeding. But if you are triple feeding, you should be SO PROUD of yourself and know that it does get easier!! 🩵",3
https://www.instagram.com/p/DGNzu45OoNa/,DGNzu45OoNa,xeni.kaldy,"3 months, and felt like a lifetime for sure. I gave up trying to nurse, and pumping too, as we all felt like our entire life revolves around trying to breastfeed, and manage pumping sessions.",1
https://www.instagram.com/p/DGNzu45OoNa/,DGNzu45OoNa,ginny_espenshade,Whew. Hardest week and a half of my life. Looking at the comments here and I can’t believe people are doing it long term. I’m so sorry 😭,2
https://www.instagram.com/p/DGNzu45OoNa/,DGNzu45OoNa,lexington.concord,🥴 12 weeks of triple feeding….low supply. How isn’t this supposed to be long term??,1
https://www.instagram.com/p/DGNzu45OoNa/,DGNzu45OoNa,liljenn_rn,"Some women (me) return to work, but still want to provide some  breastmilk in the day time AND want the connection of breastfeeding when possible. Pumping is essential.  That is what triple feeding is, correct?  Or is it doing all three in sequence every few hours?  I want to keep giving as much breastmilk s possible and must pump to maintain my supply, so i will be triple feeding for the long run.",2
https://www.instagram.com/p/DGNzu45OoNa/,DGNzu45OoNa,emmafry_22,Got started on triple feeding with formula 12 hours after birth to help my baby’s blood sugars. Almost gave up on breastfeeding but luckily found the most incredible lactation consultant who truly changed our journey! As an L&D RN gave me such a different perspective on what our patients go through and how to give better support ❤️ hugs to all the triple feeding warriors,3
https://www.instagram.com/p/DGNzu45OoNa/,DGNzu45OoNa,milkandcradleva,It’s so hard and unsustainable and not ever my first recommendation to support milk supply.  So sorry for those who have experienced this and felt the need to stop breastfeeding.,1
https://www.instagram.com/p/DGNzu45OoNa/,DGNzu45OoNa,lauraaaa_leeee,"I needed to hear this a few months ago after having my son. It was so hard, draining, and guilt-inducing because I thought I was supposed to be happily bonding yet I was dreading feedings and crying constantly. Thank you for posting this! ❤️",1
https://www.instagram.com/p/DGNzu45OoNa/,DGNzu45OoNa,alex_walk35,"I was sent home triple feeding, with minimal support and sent to a lactation consultant who made me feel so terrible, and it was the most exhausting awful 6 weeks",1
https://www.instagram.com/p/DGNzu45OoNa/,DGNzu45OoNa,baumd0tc0mm,I’m so sorry for those doing this long term. My baby had tongue and lip tie and wouldn’t do bottles before @foundations_pediatricpt help. I thought it was hard just doing extra long breast feeds with a little pumping for a stash. I could not imagine triple feeding 😵‍💫,1
https://www.instagram.com/p/DGLk_gMgWTN/,DGLk_gMgWTN,fullfeedings,Having the right ‘ingredients’ is the best way to support feeding our babies well! Being flexible in our feeding strategy is an important part of feeding fully and achieving consistent nighttime sleep ❤️,2
https://www.instagram.com/p/DGLk_gMgWTN/,DGLk_gMgWTN,pavithra_rohanhv,I have saggy soft breasts with big nipples difficult to latch now i m doing triple feeding but how long,2
https://www.instagram.com/p/DFnaH_uptG6/,DFnaH_uptG6,laura.k__,Yes!! Triple feeding helped kick start my breastfeeding journey but it is a slow form of torture 😆,3
https://www.instagram.com/p/DFU2aq4zvH_/,DFU2aq4zvH_,nurturing.flow,#worldbreastpumpingday #pumpingisbreastfeeding #exclusivepumping #milksupply #mumsofinstragramau #australianmums #BreastfeedingCommunity #breastmilk #breastmilkstash #exclusivepumpersaustralia #mothersmilk #bottlefeeding #aussiemumsandbubs #pumpingtips #PumpingJourney #PumpingMumsUnite #PumpingMilkJourney #PumpingAndFeeding #triplefeeding #relactation #pumpingmumlife,2
https://www.instagram.com/p/C8kamOLsscQ/,C8kamOLsscQ,millie_ozzie_and_me,You’re doing an  amazing job. The kids are lucky to have you as their mumma 🫶🏻,2
https://www.instagram.com/p/C8kamOLsscQ/,C8kamOLsscQ,readwithlauren_,Well done Mama! You’re smashing it ✨,2
https://www.instagram.com/p/C8cLsDcpWd6/,C8cLsDcpWd6,gio_and_me_3,I feel that this saved my viewing journey. It took me two months to before I could latch babe without pain. I thank my husband for his patience and dedication to feeing baby this way while we worked out and finally got a tie diagnosis and treatment we needed.,2
https://www.instagram.com/p/C8cLsDcpWd6/,C8cLsDcpWd6,ctambo16,So I am tripple feeding with twins and find myself side lying them but kind of propping under super vision so I can hands on pump. Does this make it counter productive I’m just trying my best to get it all done in a timely manner since I have two older kids. I nurse each baby 10 min seperate a couple times a day and pump while side lying a propped bottle to the twins. Is this defeating the purpose of paced feeding ? I do fill about half the nipple only.,2
https://www.instagram.com/p/C8CqLF6MmI6/,C8CqLF6MmI6,second9months,Good job!  It should always be short term intervention!,2
https://www.instagram.com/p/C8CqLF6MmI6/,C8CqLF6MmI6,super_mummy,I see so mums discharged from the hospital and left on triple feeding.  It can really break a person😢 I usually don’t recommend triple feeding for more than 1 week while I put a plan in place. Does your study recommend any particular length of time before it becomes detrimental?,1
https://www.instagram.com/p/C8CqLF6MmI6/,C8CqLF6MmI6,rscottpillai_ibclc_sleepcoach,"I have had so many mums thank me for helping them move away from triple feeding. Sometimes because we got their supply up quickly, but other times it was about finding a workable plan that involved formula. 

Do you have a link to your research paper? I’d love to read it.",1
https://www.instagram.com/p/C8CqLF6MmI6/,C8CqLF6MmI6,opticalillusion85,"100% agreed. Nearly had a nervous breakdown, at it for months. We need to be told that it's only a short term solution before beginning!",1
https://www.instagram.com/p/C8CqLF6MmI6/,C8CqLF6MmI6,latch.ie,"Same here Anabela. Re. timeframe - I think it's really subjective. So much depends on the mum herself and her circumstances, health status etc. So IMO the inportant thing is providing an individualised plan.",2
https://www.instagram.com/p/C505x7nJhA-/,C505x7nJhA-,breastfeedvictory,Triple feeding sure is hard work!👏,3
https://www.instagram.com/p/C505x7nJhA-/,C505x7nJhA-,annarichardson1974,"If one was also donating their breastmilk to others, would that then be them quadruple feeding?! 🤔 😀",2
https://www.instagram.com/p/C7EvMmaobY0/,C7EvMmaobY0,lifeofalouise,#breastfeeding #triplefeeding #lalecheleaguegb #breastfeedingsupport #postnatalmentalhealth,2
https://www.instagram.com/p/C7KPjeGtBOj/,C7KPjeGtBOj,elliesteen_,"I donated, as you already know❤️ So happy we could help with your journey❤️",2
https://www.instagram.com/p/C7KPjeGtBOj/,C7KPjeGtBOj,zareena237,I had a few donors. One of whom is now a good friend x,2
https://www.instagram.com/p/C7KPjeGtBOj/,C7KPjeGtBOj,_emily_thomas__,"This is amazing. I triple fed for 10 months and it was tough, I would have loved to find a donor who could have helped. Also couldn’t get on with sns xxxx",1
https://www.instagram.com/p/C7KPjeGtBOj/,C7KPjeGtBOj,katie.duckling,No way?! I didn’t know this was an option. I also had to do the whole triple feeding thing and have never been able to pump loads x,2
https://www.instagram.com/p/C7KPjeGtBOj/,C7KPjeGtBOj,motherfluster,You did incredibly Meg ❤️ Lucky babies xx,2
https://www.instagram.com/p/C7KPjeGtBOj/,C7KPjeGtBOj,bluegriffin2012,"I have been lucky enough to donate many litres to Birmingham children’s hospital; the whole process was incredibly simple and I wish I had known about it with previous babies. Hearing your story always makes me feel very grateful I was able to do it for someone else..,",2
https://www.instagram.com/p/C7KPjeGtBOj/,C7KPjeGtBOj,bambis_breastfeeding_support,"Wow, your donor lived down the road? That’s amazing 🤩 xx",2
https://www.instagram.com/p/C7Zazw-NigW/,C7Zazw-NigW,thesleepremedy,I wish someone could have told me this when I was paranoid about my supply!👏,2
https://www.instagram.com/p/C7Zazw-NigW/,C7Zazw-NigW,lucyrowland.yoga,I threw in that towel early on … I could deal with the extra admin!,2
https://www.instagram.com/p/C6RBA5Mr1Su/,C6RBA5Mr1Su,kayt_kat,Mothering isn’t as easy as anyone would hope :/ take care of yourself!,2
https://www.instagram.com/p/C6RBA5Mr1Su/,C6RBA5Mr1Su,holton_nutrition,"I feel you. I was here with my first and I was devastated. My second allowed me the opportunity to breastfeed but only because I pushed and pushed and basically stopped worrying about what the scale said (he’s still not technically on the growth chart but he created his own curve. He was meeting all milestones but my anxiety and desire to people please were causing my supply to suck). Anyways, just here to say that I STILL doubt myself and still envy anyone who is able to exclusively feed. It’s such a feeling of loss and made me feel inadequate as a mom and a human. It’s such a grieving process. Sending you love and strength.",2
https://www.instagram.com/p/C6RBA5Mr1Su/,C6RBA5Mr1Su,karig.rmt,You’re an amazing mama Kass 🤍 breastfeeding is something no one talks about being challenging! Thinking of you ❤️,2
https://www.instagram.com/p/C6RBA5Mr1Su/,C6RBA5Mr1Su,mrsfranceshomer,I know just how you feel ❤️ it was the same for me with my second and I really hoped I’d be able to breastfeed the second time around.  I see you and how hard it is ! Great job mama,2
https://www.instagram.com/p/C6RBA5Mr1Su/,C6RBA5Mr1Su,imrozelle,"Sending love momma! Breastfeeding I always said, in my experience was harder and more painful than labor. Im not sure if your looking for advice or whatnot, but in case you are looking for more supplement/food ingredient, in our culture we use moringa leaves also known as horseradish leaves. They're also in supplement liquid or pill form. It has helped me.",2
https://www.instagram.com/p/C6RBA5Mr1Su/,C6RBA5Mr1Su,jennamaw,"I see your big mama heart. I'm so sorry lady. So tough. You are a wonderful mama & your babies are so lucky to have YOU 🤍
Lentils & watermelon increased my milk supply.
Mint & parsley decreased my milk supply. 
Thinking of you!! 🤍",2
https://www.instagram.com/p/C6RBA5Mr1Su/,C6RBA5Mr1Su,thecoachkennedy,Sooo hard ❤️❤️❤️ sending you all the love Mama. You’re doing amazing,2
https://www.instagram.com/p/C6RBA5Mr1Su/,C6RBA5Mr1Su,_talexander,Support is best… ❤️ as we go through this journey that sometimes is sad and hard we need to feel seen heard and loved. Thanks for sharing your truth.,2
https://www.instagram.com/p/C6RBA5Mr1Su/,C6RBA5Mr1Su,alexatomlinson_,"I exclusively pumped with my first for 10 months and so for my 2nd I really tried to breastfeed and he was latching and everything was fine but he was alway feeding and I got mastitis twice in a matter of 3 weeks. I cried so much because I was so frustrated because I thought we were going to be able to do it this time but my body just wouldn't. It wasn't until I was so sick in bed for 2 days straight that my husband and I decided this wasn't worth it. And I definitely felt like an absolute failure and it took me awhile to not feel that way. So believe me, I definitely understand. You're more than allowed to be upset and grieve what you had planned for you and your baby girl but definitely give yourself grace for what you were able to do ❤️",2
https://www.instagram.com/p/C5Qr5OPO5uh/,C5Qr5OPO5uh,_kjohnsonscott,#ftm #sahm #workingmom #breastfeeding #pumpingmomma #pumpingatwork #combofeeding #triplefeeding #workingmommy #babygirl #babyboy #pumpingtips #breastfeedingtips #epingmom,2
https://www.instagram.com/p/C5Qr5OPO5uh/,C5Qr5OPO5uh,chloedecker.12,So adorable😍 collab? D♏  Momaffections tell them angel sent you,2
https://www.instagram.com/p/C4bU4N6xN_E/,C4bU4N6xN_E,kel_pru,Congrats!!! Sending lots of love!!!,2
https://www.instagram.com/p/C4bU4N6xN_E/,C4bU4N6xN_E,lindalou0,You look so beautiful. Can’t wait to see that adorable little girl,2
https://www.instagram.com/p/C4bU4N6xN_E/,C4bU4N6xN_E,jessicadrouinhair,Sending you love momma ❤,2
https://www.instagram.com/p/C4bU4N6xN_E/,C4bU4N6xN_E,alimshapiro,This picture is soul. Sending you love Mama. The transition is NO JOKE.,2
https://www.instagram.com/p/C_hqulrohJz/,C_hqulrohJz,serenalouth,#birthtalespodcast #birthtales #birthstoriespodcast #birthstories #hashimotosthyroiditis #earlymiscarriage #meconium #meconiuminwaters #ARM #artificialruptureofmembranes #labourward #hospitalbirth #highbloodpressure #pethidine #epidural #episiotomy #triplefeeding,2
https://www.instagram.com/p/C30AJ-WIuPT/,C30AJ-WIuPT,hmjones18,You are doing amazing! 💙 xx,2
https://www.instagram.com/p/C3qJ_jmIbTi/,C3qJ_jmIbTi,lifeofalouise,"And I don't just wear @popsyclothing to feed in, but I do love to do so 🤣🙈🤣💗",2
https://www.instagram.com/p/C3qJ_jmIbTi/,C3qJ_jmIbTi,lifeofalouise,#breastfeedinginpublicday #breastfeedingjourney #6monthsbreastfeedingandcounting #decreasingtopups #triplefeeding #breastfeedinginpublicday2024 #breastfeedinginpublicuk,2
https://www.instagram.com/p/C4IriXZqUee/,C4IriXZqUee,themothermission,This story 🙌 I also struggled w breastfeeding and it wasn’t until my daughter was 4 at her first dental visit that the dentist noticed her lip tie… it made me so angry. I had shared my struggle w our pediatrician and lactation consultant and no one really listened to me.,2
https://www.instagram.com/p/C4IriXZqUee/,C4IriXZqUee,uncensored_motherhood_stories,Do check out the full piece on our website (link in bio)- it’s hard to do it justice in Insta snippets!,2
https://www.instagram.com/p/C_ePPqStbgb/,C_ePPqStbgb,breastvest,Yes.... I was i had this info 6 years ago ❤️,2
https://www.instagram.com/p/C_ePPqStbgb/,C_ePPqStbgb,motherhoodroad,Always remind this to parents. I wish it would be printed on the formula bottles actually.,2
https://www.instagram.com/p/C_ePPqStbgb/,C_ePPqStbgb,caroline_evans_parenting,"This is why it is so important that professionals in post partum care seek out good quality information and training on a range of subjects including infant feeding. So much mis-information out there on feeding, sleep and infant care, some of the stories I hear from families are both shocking and heartbreaking!",2
https://www.instagram.com/p/C_ePPqStbgb/,C_ePPqStbgb,prajnart,Completely agree ! I was never told this and was only told to top up but only came across this after 4weeks research,2
https://www.instagram.com/p/C_ePPqStbgb/,C_ePPqStbgb,shimantisengupta,"Hi, I don’t usually get to pump through the day after feeds. But am working on 2 things- bolster my supply and keeping expressed milk as formula replacement ( I have a breastfeeding bub but also supplementing a few feeds). I usually aim to power pump during 2-6 am ( just easier to extract more due to prolactin rise). Do think one power pump sesh will increase overall supply or only have better supply during those hours",2
https://www.instagram.com/p/C_ePPqStbgb/,C_ePPqStbgb,cordeliauys,This is vital information and sadly very often parents aren’t given the necessary information to protect milk supply.,2
https://www.instagram.com/p/C_ePPqStbgb/,C_ePPqStbgb,eyepatchgirl,What I don’t understand is if you’re able to pump the same volume as the formula feed then they didn’t require a formula supplement? If the formula is additional to what you can currently supply to baby how are you going to get the same volume expressed? If you could else that volume wouldn’t you have enough milk to feed baby without supplementing?,2
https://www.instagram.com/p/C_ePPqStbgb/,C_ePPqStbgb,sophiecampbell4,I was told to give as much formula as baby wanted when only about 10 hours old. Was given no support or information about supply as sadly the ward was so desperately understaffed. 😔😔😔,2
https://www.instagram.com/p/C_ePPqStbgb/,C_ePPqStbgb,babyetaluk,"It’s so disheartening when I see families, who want to breastfeed that have not had good support when it comes to needing to pump to protect (and build ) their supply!
Often very quick to say, need to top up but with no support around this!!!",2
https://www.instagram.com/p/C_ePPqStbgb/,C_ePPqStbgb,ekd_gordon,"With my first I was told to give formula top ups due to poor weight gain. I tried she hated it so I saw a lactation consultant.problem.was solved easily. She was very jaundice so keeping her awake during feeds (toe nipping, removing clothes) and breast compressions worked a treat. She gained weight beautifully. I've heard of too many storeId about women told to give formula instead of addressing the root cause. It's so sad as it often has a mental impact on the mother too.",2
https://www.instagram.com/p/C_SsqaCJFho/,C_SsqaCJFho,dlee_1122,@victadude we have to show this to both grandmas because they shove the bottle in like the first photo,2
https://www.instagram.com/p/C_GWacItftK/,C_GWacItftK,naila0099,But how do I know if I really do have a low supply of milk? How can I check and be sure?,2
https://www.instagram.com/p/C_GWacItftK/,C_GWacItftK,kathrynstaggibclc,#lowsupply #lowsupplymom #lowsupplymum #notenoughmilk #milkproduction #breastfeedingsupport #ibclc #lactationconsultant #triplefeeding #milksupply,2
https://www.instagram.com/p/C_Qs3mEPxkM/,C_Qs3mEPxkM,_forwardandfree_,This dress is so pretty 🫶🏻,2
https://www.instagram.com/p/C3viMLUyFn9/,C3viMLUyFn9,hannah_sempsrott,"Yes, I did this with my first! It was really hard work but I'm SO glad I stuck it out, after 3 months of triple feeding and some craniofacial massage for my son's jaw (we tried this as an alternative to a tongue/lip tie revision and it worked!), I got to have the nursing situation I had dreamed of and my milk was enough to nourish him fully, and nursing was no longer painful. It was SO rewarding and sweet ❤️",3
https://www.instagram.com/p/C3viMLUyFn9/,C3viMLUyFn9,tamar_rei,"Yes. Boy had a tongue tie, and I had low supply. Triple fed from 4weeks to about 10weeks. I would pump while feeding him the bottle or my husband would do the bottle if he was home. Thankful for donor milk at the time which kept us from needing to spend $$ on formula.",3
https://www.instagram.com/p/C3viMLUyFn9/,C3viMLUyFn9,nerdyhippiemom,"Yes, I've done this before and I'm a breastfeeding professional and mama of 8.",2
https://www.instagram.com/p/C3viMLUyFn9/,C3viMLUyFn9,kath_michellle,"Yes, it was very hard but I was determined. We supplemented with donor milk while triple feeding until I got my supply up.",3
https://www.instagram.com/p/C3viMLUyFn9/,C3viMLUyFn9,motherloveherb,#lactationconsultant #breastfeedingstruggles #breastfeedingtips #triplefeeding #ibclc #lactionsupport #newmomsupport #breastfeeding #breastfeedingsupport #fourthtrimester #postpartum #postpartumsupport #lactation #normalizebreastfeeding #pumpingmom #breastpumping #pumpingisbreastfeeding #doula #midwife #breastfeedingmom #breastfeedingawareness #breastfeedingjourney,2
https://www.instagram.com/p/C-5UIWuIomg/,C-5UIWuIomg,carmela2830,I remember those days😴😵‍💫. Keep up the good work Mama. 💗💗,2
https://www.instagram.com/p/C-i9sWgTR97/,C-i9sWgTR97,yeahitslauren,Great post! Also @ibclc.amy is the best! 🙌,2
https://www.instagram.com/p/C-i9sWgTR97/,C-i9sWgTR97,georgiestephen_,"What a journey you’ve had 🩷 good on you for sharing, we need more honest recounts about what it’s really like. Heavy on number 9 & 10!! x",2
https://www.instagram.com/p/C-i9sWgTR97/,C-i9sWgTR97,kellydurnford,7. Instantly drier than the Sahara,2
https://www.instagram.com/p/C-i9sWgTR97/,C-i9sWgTR97,krystalbarry_,🫶 well done mumma and kudos to persevering through it.,2
https://www.instagram.com/p/C-UiylxTqVj/,C-UiylxTqVj,frombelliestobabesdoula,#ebm #exclusivepumping #breastfeedingawarenessweek #breastfeeding #triplefeeding #ibclc #doula #olympics,2
https://www.instagram.com/p/C-PhvFevKG4/,C-PhvFevKG4,preserve_nutrition,"Weekly child family health nurse visits for weight checks and a paediatrician appointment later (during our second COVID lockdown) she was diagnosed with a cows milk protein and #soyallergy. 

I triple fed for 5 months. I honestly have no idea how I did this with a toddler not in daycare and a newborn. 

I was on a dairy and #soyfree diet (if anyone has been on this journey you will know how challenging this is) for 9 months and then #dairyfree for another 3 months while we worked our way up the #dairyladder. 

I finished my breastfeeding journey in May this year when she was 23 months old. She still has a cows milk protein allergy that I am hoping she will outgrow before starting preschool next year 🤞. 

So all up 46 months of breastfeeding, with two of those years being on maternal elimination diets for #foodallergies. 

It wasn’t easy, but I am grateful for the experience and wouldn’t change it for the world 💕. 

💕 If you are struggling with maternal elimination diets while breastfeeding I know firsthand how hard they can be. 

🤝 Reach out for support for how I can help you reach all your nutrition requirements 💪 while breastfeeding on a restrictive diet and for advice on the best tasting products available and questions to ask when eating out so you don’t feel like you are missing out 🍫💕.",3
https://www.instagram.com/p/C-LcXSupsYF/,C-LcXSupsYF,mymyomama,So proud of this family ❤️❤️❤️,2
https://www.instagram.com/p/C-LcXSupsYF/,C-LcXSupsYF,abbynormal15,"So thankful for all of your help. Couldn’t have done it without you, Kenzie ❤️",2
https://www.instagram.com/p/C-LWYm7Pca0/,C-LWYm7Pca0,erabrahams1,😘❤️ u go girl!! My grandkids are blessed to have u as their mom!! You got this!!😘😘,2
https://www.instagram.com/p/C-LWYm7Pca0/,C-LWYm7Pca0,kathywhepley,"Thanks for being so open, Caro. It can be so much more complicated than people realize. 💕 I had very different experiences with my 2 babies.",2
https://www.instagram.com/p/C9kJ9U6upbG/,C9kJ9U6upbG,second9months,I disagree. For most people that would be too large.,2
https://www.instagram.com/p/DD61g3Ps8Tz/,DD61g3Ps8Tz,cradleoflifecards,That sounds like a classic hell endured through the force of love. We keep on pushing through because the love and urge to provide we have for our child is that strong yet the toll it takes on our own health can be crippling. So glad you completed the ultimate healing process by channelling your experience to help others xx,2
https://www.instagram.com/p/C9TaxmfMoob/,C9TaxmfMoob,nurtured.embodied.mama,Love this! Such an important reminder that it is ok to prioritize your mental health if breastfeeding is having a negative impact on it ❤️❤️,2
https://www.instagram.com/p/C9TaxmfMoob/,C9TaxmfMoob,itsmorethanmilk,"It's also a good idea to work with an IBCLC to find a way to change the feeding plan, or even stop milk production in a safe way. A parent's mental health is just as important as a healthy and thriving baby!",2
https://www.instagram.com/p/C9TaxmfMoob/,C9TaxmfMoob,_aftertheglow_,"Yes! Breastfeeding was a very short experience for both my babies for this very reason. With my first it was hard to accept this and felt blinded how much I was struggling. With my second, I was prepared to radically accept whatever the outcome was without judgement or guilt",2
https://www.instagram.com/p/C9TaxmfMoob/,C9TaxmfMoob,mytribecare,Yes!! I say this all the time,2
https://www.instagram.com/p/C9TaxmfMoob/,C9TaxmfMoob,laurasandovaltherapy,What was your relationship with feeding your baby like?,2
https://www.instagram.com/p/C9vUImHO2pL/,C9vUImHO2pL,dearmomstherapy,#lactation #pumping #triplefeeding #milksupply #bottlefeeding #fedisbest #occupationaltherapy #lactationconsultant,2
https://www.instagram.com/p/C87zKIttjmv/,C87zKIttjmv,mariana.colmenares_mdibclc,Never just the tongue indeed. 👏,2
https://www.instagram.com/p/C87zKIttjmv/,C87zKIttjmv,milkymoonbysev,"💯 I had the tongue tie snipped by NHS, no explanations and by the time I signed the paperwork they had already cut it. No after care instructions and a very brief feeding observation by the midwife supporting the Dr. Luckily I have Breastfeeding qualifications and 20 years experience so I was able to obtain an optimum deep latch withing two days of the snip",2
https://www.instagram.com/p/C87zKIttjmv/,C87zKIttjmv,trudi_motheringmojo,"Yes! Exercises, bodywork, positioning, understanding normal infant behaviour, tone and environmental support are just a few of the ‘other’ things I look at. A snip without the whole is like sniffing food to get full. 🤲",2
https://www.instagram.com/p/C87zKIttjmv/,C87zKIttjmv,lnakhla,Do you often get asked to do 'just the cut'? Xx,2
https://www.instagram.com/p/C87zKIttjmv/,C87zKIttjmv,luciafiorde,"6 mo baby. Tongue tie snipped at 1 week old, then again at 3 months as it reattached. Went for osteopathy treatment to treat associated tensions and saw no improvement. I exclusively pumped for 5 and a half months (had an oversupply) then went to a different osteopath in Italy and they said my son had congenital torticollis.Only saw a slight improvement after he was treated for torticollis but to this day he still has inefficient feeds and have been forced to switch to formula as I was exhausted from all the pumping. I think the problem is a lack of holistic approach to babies’ care. Sometimes even with a tongue tie the main problem might be somewhere else… in my case the torticollis was the main problem and then the tongue tie. He actually fed better with a tongue tie then he did when it got snipped. Suddenly he started having reflux and got fussy at the breast. To this day I still don’t know why he cannot do it. He latches and he can feed, it just takes so much of his energy that he sweats when feeding. Something is still off, but don’t know what. And it’s so sad when I’ve put so much effort and energy to make it happen.",2
https://www.instagram.com/p/C87zKIttjmv/,C87zKIttjmv,curiouser__and__curiouser_,All we were offered was the tongue tie snip. No advice or aftercare. My daughter still has a very shallow latch now at 3 months old 😔 do I need to still worry about this at this stage? Thank you.,2
https://www.instagram.com/p/C8pux9ZyylT/,C8pux9ZyylT,keelz,Love you and your heart for this Mary!! 😍,2
https://www.instagram.com/p/C9-XE4NtYa9/,C9-XE4NtYa9,beccalouisa_,"I’m glad I went with my gut on this one. Midwives / HVs wanted me to do formula top ups from Day 15 due to slow weight gain - I did, because I felt I had to, but didn’t do it at the intensity that they had ‘prescribed’ as the formula didn’t sit well with my little one. Just before one month old, I stopped the formula top ups completely and she has been EBF ever since 💕 - 4.5 months old now and she’s doing great! 🫶🏼",2
https://www.instagram.com/p/C9-XE4NtYa9/,C9-XE4NtYa9,kathrynstaggibclc,#topuptrap #toppingup #combifeeding #extramilk #mixedfeeding #supplementaryfeeding #triplefeeding #breastfeedingsupport,2
https://www.instagram.com/p/C9-XE4NtYa9/,C9-XE4NtYa9,lucylooeye,"This happened to me😢 the midwife panicked us as there'd be weight loss on day 2, she squeezed me to try and get milk out and (obviously as I was being squeezed by a 50 year old lady) nothing came. She sent the husband out for emergency formula and we started the cycle of bf, top-up, pump, repeat. It drove me mad for months, then I gave up. I'd been recording every ml and pee/poo and I threw it all away, packed up my pump and gave boob when he wanted and formula when he didn't want boob. In the end we stopped any formula at 1 and boob continued. He's now 3 and still boob obsessed!!!",2
https://www.instagram.com/p/C9-XE4NtYa9/,C9-XE4NtYa9,shaunaghbarl,"Our girl cluster fed nightly from day 8-30 and it was tough, some nights were 6pm-4am with literally zero breaks. Luckily I had people to talk to with past experiences who assured me it was normal, even though it doesn't seem like it's talked about enough as I had no idea beforehand. About a week into it we gave a bottle of formula every night around 10pm for 6 days  as I was so overstimulated. She never had much of the bottle, I wondered if due to the milk suddenly flowing quickly she felt she'd done her job 😂 but it did stop the cluster feeding session. In hind sight it was a dangerous game to play because things are great now and she was clearly just establishing the supply. Every night I told myself I'd just make it to 4 weeks and then stop. Suddenly things were easier and were now 15 weeks in of EBF.",2
https://www.instagram.com/p/C9-XE4NtYa9/,C9-XE4NtYa9,sarah_coffey_hb,Is it possible to bring it back at 8 months? I’m now pumping between 3- 4 ounces total every 3-4 hours,2
https://www.instagram.com/p/C9-XE4NtYa9/,C9-XE4NtYa9,omica0102,"@kathrynstaggibclc plz plz reply… is it possible to get out of this when baby is now 3 months old??? Is EBF possible if i try at this time ( due to lack of support, i can only pump 2 to 3 times a day)… plz reply",2
https://www.instagram.com/p/DBtWICvpUS1/,DBtWICvpUS1,_gabby.fr,5 weeks!! It’s exhausting… but I want to think it will be rewarding. 💕,2
https://www.instagram.com/p/DBtWICvpUS1/,DBtWICvpUS1,laurenlowman,Question! How do you know baby is getting enough from breast to stop pumping and supplementing with bottle?,2
https://www.instagram.com/p/DBtWICvpUS1/,DBtWICvpUS1,actsofviolence,I’m in the trenches right now again at 3 months. Baby boy is on a feeding strike. I’m exhausted,2
https://www.instagram.com/p/DBtWICvpUS1/,DBtWICvpUS1,melissalehman91,"The hardest thing I've ever done! But so worth it. After an early induction due to preeclampsia and my hypothyroidism being all out of whack after birth, I was convinced I'd never be able to breastfeed my son. But here he is at 9 months old having been EBF since 7 weeks. If you're still in the thick of it, hang in there mama!
It seems like an eternity in the moment but there are months of payoff ahead of you! 💖",3
https://www.instagram.com/p/DBtWICvpUS1/,DBtWICvpUS1,theadairadventures,"Triple fed for 7 weeks. Exhausting. Imo, moms should *never* be told to triple feed without a real plan in place (+ an end date). Too often it's suggested by providers without providing mom with the actual support she needs to make breastfeeding work.",2
https://www.instagram.com/p/DBtWICvpUS1/,DBtWICvpUS1,mgf_abn,"I triple fed for 8 weeks. It was so hard, but it helped me reach my goal of exclusively breastfeeding my baby so in the end, it was worth it!",1
https://www.instagram.com/p/DBtWICvpUS1/,DBtWICvpUS1,holistic.mama.nutrition,Almost 4 weeks in right now!!,3
https://www.instagram.com/p/DBwZ_hEt0_y/,DBwZ_hEt0_y,ameliahowe,"This is really helpful. What should happy output look like after six weeks? Our baby is now 7 weeks, born at 37 weeks, and we are working on increasing efficiency at the breast and reducing top ups. Seeing a reduction in poos. Hard to know what is typical development and what is a result of reducing top ups.",1
https://www.instagram.com/p/DBwZ_hEt0_y/,DBwZ_hEt0_y,kathrynstaggibclc,#toppingup #triplefeeding #droppingtopups #stoppingtopups #combifeeding #mixedfeeding #supplementalfeeds #extramilk,3
https://www.instagram.com/p/DBwZ_hEt0_y/,DBwZ_hEt0_y,stephanieandrea22,"Thanks so much for this post. How would you manage this for twins? One is still being topped up and I struggle to know how to ensure she’s full, as I don’t want to offer the second breast before he sister has had a chance to feed too. Thanks!",2
https://www.instagram.com/p/DCwFuhag_M7/,DCwFuhag_M7,stephanie__jackdye,"I did this with my first and i felt like I had shackles around my feet because I didn’t leave the sofa.it was, in my experience, brutal. Mentally it took its toll. Really important post ❤️",2
https://www.instagram.com/p/DCwFuhag_M7/,DCwFuhag_M7,doulabud,Such common sense! Thank you for sharing what you’ve been taught! This is the way we  support our clients most effectively,2
https://www.instagram.com/p/DCwFuhag_M7/,DCwFuhag_M7,easternrangeslactation,👏 Not a triple feeding plan insight in my practice either!  I too work with breastfeeding trauma from triple feeding plans. There are better ways 🙌,2
https://www.instagram.com/p/DCwFuhag_M7/,DCwFuhag_M7,babythrive_,It’s so true about antenatal/2nd + babies. When I was first a volunteer breastfeeding counsellor and met people who said “With my first I was triple feeding…” I used to say “Oh well done what an achievement” but quickly learned that most followed quickly with “And never ask me to do that again…”,1
https://www.instagram.com/p/DCwFuhag_M7/,DCwFuhag_M7,seeingfireflies,👏🏼👏🏼👏🏼👏🏼👏🏼👏🏼👏🏼👏🏼👏🏼🙌🏼🙌🏼🙌🏼🙌🏼🙌🏼🙌🏼🙌🏼🙌🏼🙌🏼 finallyyyyyy someone hears my cries. 9 years I've been fighting with this totally damaging approach to bf support and undoing the trauma of so many women in our local bf support group. Feeding plans are blindly given without the actual cause identified and supported and never ever ever given an exit strategy. How the postnatal depression rates would fall if women were not pumped like cows and tortured with sleep deprivation and losing all bonding with their babies because the whole thing is just stress and fear. We have westernized and medicalized and intervened with breastfeeding far too much and women everywhere are doubting their bodies and intuition and natural God given abilities to bf. Thank you!! X,2
https://www.instagram.com/p/DCwFuhag_M7/,DCwFuhag_M7,rosie3791,"I’ve recently finished 2 months of triple feeding - we have made it to EBF now but through so much struggle. I now feel like I have some form of feeding/pumping PTSD as a result. Whenever I think he has had a bad feed I panic, whenever someone suggests giving him a bottle I feel dread. It’s a truly awful thing to have to do.",1
https://www.instagram.com/p/DCwFuhag_M7/,DCwFuhag_M7,lisamansouribclc,"100% this Naomi. Triple feeding plans are one of many examples of why we so desperately need in depth infant feeding training for all health care providers around new families. If they really understood what they were asking new mothers and lactating parents to do, they would offer more appropriate and sustainable alternatives.",2
https://www.instagram.com/p/DCwFuhag_M7/,DCwFuhag_M7,nataliegriffiths90,"I was advised to do this with my first due to tongue tie and weight gain issues. It was a LOT. I did it for 4 months and could only feed with nipple shields this entire time as I never managed to get my baby to latch without them. I was relieved when I decided to stop. But during those few months when my partner even suggested stopping, i would just break down and cry. I’ve now got my second baby - 5 weeks - who is ebf, but I still have so many doubts and worries - hangover from everything I went through with my first I’m sure. Thanks so much for this post. I feel seen like never before x",1
https://www.instagram.com/p/DCwFuhag_M7/,DCwFuhag_M7,em.powered.birth,"I triple fed for 6 months, it is the hardest thing I have ever done and had huge impacts on every other aspect of motherhood and life 😩 I was so petrified of dropping the pumping incase my supply dipped, which when I inevitably couldn't keep it up once we introduced solids, lo and behold my supply drops so quickly",1
https://www.instagram.com/p/DCwFuhag_M7/,DCwFuhag_M7,alwaaaaaat,"Really useful to read and something I've thought about before. Having triple fed in my 2 previous breastfeeding journeys (pretty consistently8/day, maybe 6 if busy)",1
https://www.instagram.com/p/DBqWgfVS9E3/,DBqWgfVS9E3,jess_koty,Triple feeding forever is the stuff of nightmares 😂,1
https://www.instagram.com/p/DBqWgfVS9E3/,DBqWgfVS9E3,natalieudler,Last one is my biggest fear,1
https://www.instagram.com/p/DBnSLBIi219/,DBnSLBIi219,jesslorensnell,This is SO helpful and important! Saving for my (way too many) clients told to triple feed when leaving the hospital with no-insufficient support on a transition plan 😭💔,2
https://www.instagram.com/p/DC90KwzsTgv/,DC90KwzsTgv,victoria.facelli.ibclc,Yes yes yes!! I really want studies of alternatives to triple feeding. It just isn’t a mental health safe strategy most of the time,2
https://www.instagram.com/p/DBZT5fKonvq/,DBZT5fKonvq,danielleknight_x,Great list! ❤️ Our next-to-me cot has been relegated to the dining room until she doesn’t hate it. 😂,2
https://www.instagram.com/p/DBZdM-eiy76/,DBZdM-eiy76,alittleoasis_,Superwoman! I can relate to so much of what you said 👏,1
https://www.instagram.com/p/DBZdM-eiy76/,DBZdM-eiy76,bili_disneymum,"You are right. It's not easy. I had a delay in my milk coming in due to c section and waiting over 8 hours to meet Avery after birth. My milk finally came in on day 7, thankfully, but it was hard to get to that point, we had to feed and express to try and get things going. Well done, you foe sticking at it x",1
https://www.instagram.com/p/DBZdM-eiy76/,DBZdM-eiy76,ellashomelife,#triplefeeding #breastfeedingjourney #pumping #fourthtrimester #firsttimemum #retainedplacenta #tonguetie #tonguetiebabies,2
https://www.instagram.com/p/DBZdM-eiy76/,DBZdM-eiy76,emmawestagram,"You’re amazing ❤️ breastfeeding is seriously tough mentally, physically and emotionally, even when everything happens ‘normally’. Your perseverance and dedication shows how much of wonderful mum you are to your little boy 🥰🥹❤️ you should be so proud! Xx",2
https://www.instagram.com/p/DBZdM-eiy76/,DBZdM-eiy76,laurengeorgiaaa,You are fabulous no matter what! 💓 super mummy xxxxxx,2
https://www.instagram.com/p/DBZdM-eiy76/,DBZdM-eiy76,beeccss,You’re doing amazing Ella! Keep going for aslong as you want too! Xx,2
https://www.instagram.com/p/DBZdM-eiy76/,DBZdM-eiy76,lucindacwilliams,Keep going 💪🏽 it’s so hard and you are doing really well. Determination is what gets us there xx,2
https://www.instagram.com/p/DBZdM-eiy76/,DBZdM-eiy76,thesuffolkmum,"Babes you are such a hero.
Amazing effort ❤️👏",2
https://www.instagram.com/p/DBZdM-eiy76/,DBZdM-eiy76,carajwilliamson,You’re so so amazing 🩵 Bodie is so lucky to have you as his mummy,2
https://www.instagram.com/p/DBZdM-eiy76/,DBZdM-eiy76,theinteriorscoach,"Totally in awe of your determination, creativity and resilience - what a truly incredible mummy you are my precious girl 🙌❤️",2
https://www.instagram.com/p/DBQ4oblO84k/,DBQ4oblO84k,serenna_gordon,"We’re experiencing everything about this post , like you wrote it just for me 🙈but I’ve had her lip, tongue and buccle ties done, and seen the only baby paediatric osteopath in town for neck tension,  changed bottles 5 times (and nipple flows), tried different feeding positions..
 What else can I do? Its so hard to have such an unhappy baby with such gas, spit up, and hunger problems. I dread feeding her now because every time she swallows she clicks down air bubbles and then experiences bad reflux afterwards . Help!",2
https://www.instagram.com/p/DBQ4oblO84k/,DBQ4oblO84k,colleenwallace2019,I'd had a premie due to pre-eclampsia  and so she was first bottle fed. We have been struggling ever since with torticollis (mild) and latching. We are in PT which has helped.somewhat but she is now teething and I'm just feeling unsure if I should keep trying at this point or just pump.,2
https://www.instagram.com/p/DBQ4oblO84k/,DBQ4oblO84k,keelidavidson,"I want to say, my child was a very sleepy eater the first 2 months or so. Now, he feeds quickly and efficiently without any interventions/procedures. I think it can be normal for newborns to get sleepy while they eat.",2
https://www.instagram.com/p/DBQ4oblO84k/,DBQ4oblO84k,flow_lactation,👏👏👏 feeding your baby should not be painful!,2
https://www.instagram.com/p/DA6DO1ORqBK/,DA6DO1ORqBK,jesslorensnell,INCREDIBLE! Triple feed with no plan is truly an epidemic 😭,2
https://www.instagram.com/p/DA6DO1ORqBK/,DA6DO1ORqBK,codle4,I appreciate this so much! I triple fed for 10 weeks with my first and it was agonizing. I didn’t have a clue 😭🫠,2
https://www.instagram.com/p/DBQ4oblO84k/,DBQ4oblO84k,flrrish,"So important- so many people aren’t aware of tongue, lip or cheek ties. Made feeding so hard and once we had that release, it was as if the sky opened up. Thanks for sharing about this! 🙌",2
https://www.instagram.com/p/DAjrJnZMYiP/,DAjrJnZMYiP,motherloveherb,#motherhood #parenthood #newborn #postpartum #newbaby #babybump #fourthtrimester #postpartumsupport #breastfeedingsupport #postpartumjourney #nursing #triplefeeding #pumpingmom #nursingmom #breastfeedingmother,1
https://www.instagram.com/p/DAG-DMOPaBb/,DAG-DMOPaBb,kellylcorcoran,Yes!! Thank you for saying this!  I work w infants with feeding difficulties and I often see exhausted moms who have been triple feeding for weeks and they were given no off ramp.  Not good for mom or baby.,1
https://www.instagram.com/p/DAG-DMOPaBb/,DAG-DMOPaBb,bwellbaby,Yes!! Triple feeding is a temporary strategy to overcome a specific feeding problem- not a long term solution!,2
https://www.instagram.com/p/DAG-DMOPaBb/,DAG-DMOPaBb,mentalhealth_issues,Can I post it ? If yes then SEnd it to me,2
https://www.instagram.com/p/C0XL2K2PTLf/,C0XL2K2PTLf,trenabirtheducation,My families LOVE the Haakaa! It can be so efficient at collecting milk while nursing.,1
https://www.instagram.com/p/Cy6CrEWOHEV/,Cy6CrEWOHEV,rachellcovert,He’s so fortunate to have a hard working mommy like you! I’m sorry feeding has been a struggle. Pumping is so much work. I hope it continues to get easier for you both!  Sending hugs. I wish I could help wash your pump parts for you!,1
https://www.instagram.com/p/Cy6CrEWOHEV/,Cy6CrEWOHEV,anna_e_y,So beautiful and so amazing! Love you all SO MUCH!!!,2
https://www.instagram.com/p/Cy6CrEWOHEV/,Cy6CrEWOHEV,coachkcastle,You’re doing great! It’s so hard. ❤️,2
https://www.instagram.com/p/Cy6CrEWOHEV/,Cy6CrEWOHEV,now_presenting_,"Wow, Shannah, you are amazing!!!! I’m so proud of you and Jamari for working so hard on breastfeeding. You are the best mother I could ever ask for. I love you and our beautiful family so much. Thank you for letting me be a part of this journey with you. You are not alone. We will get through this together.",3
https://www.instagram.com/p/DBjXxhMpXOe/,DBjXxhMpXOe,rachcraigo,I triple fed for 6 weeks with my second. It was awful.,2
https://www.instagram.com/p/DBjXxhMpXOe/,DBjXxhMpXOe,novianaamelia11,"if the baby can’t latch and overwhelmed by the milk flow, how to keep feeding her while we exercise her oral dysfunction? because the result of the exercise takes time. thank you🙏",2
https://www.instagram.com/p/DBjXxhMpXOe/,DBjXxhMpXOe,jacque.ordner.ibclc,Yes yes yes!!! I’m a HUGE fan of incorporating the SNS so we can spend less time triple feeding and more time snuggling ❤️,3
https://www.instagram.com/p/CySpoldgqQW/,CySpoldgqQW,potsfromscots,"This is amazing, thank you so much for sharing and hope you enjoy it!",1
https://www.instagram.com/p/CySpoldgqQW/,CySpoldgqQW,breastmed,#breastfeeding #ibclc #lactation #milkproduction #breastfeedingjourney #chestfeeding #breastdoctor #breasthealth #breastcancerawareness #lowmilksupply #Newbaby #newborn #glasgowmums #tiredmumsclub #pumpingmilk #pumpingmama #triplefeeding #combifeeding #lactationconsultant,2
https://www.instagram.com/p/DBRlb7Ayez5/,DBRlb7Ayez5,vero_nique_a,My version of hell. I wish my LC gave me these details and recommended it as temporary,2
https://www.instagram.com/p/DBRlb7Ayez5/,DBRlb7Ayez5,oleighs,"Phew we did this with our last…we then nursed until 2.5 years old! So worth it, but…woah.",2
https://www.instagram.com/p/DBRlb7Ayez5/,DBRlb7Ayez5,_sudeshna.roy,The main problem is when baby wants to feed right after pumping 😥,2
https://www.instagram.com/p/DBRlb7Ayez5/,DBRlb7Ayez5,jasgainsford,@demi_lee1995 we are 5 and 6 weeks into triple feeding 😴,1
https://www.instagram.com/p/DBRlb7Ayez5/,DBRlb7Ayez5,donnainsandiego,"Did it for 5 months. I wish I knew I wasn’t supposed to. It was hell, but worth trying to give my baby anything I could.",3
https://www.instagram.com/p/DBRlb7Ayez5/,DBRlb7Ayez5,islean___,"How to pump whilst feeding, if using something like the spectra ?",2
https://www.instagram.com/p/DBRlb7Ayez5/,DBRlb7Ayez5,janinevilla22,This was one of the hardest periods of my life. Thank you @lalactation for getting us through this!,2
https://www.instagram.com/p/DBRlb7Ayez5/,DBRlb7Ayez5,spunkyspruce,"Was recommended to do this with no timeline when to stop, so I just didn’t. Actually switched to pumping only for a while because my nipples just couldn’t handle it, then switched back to just breastfeeding once my child was on enough solids I felt comfortable to stop pumping after feedings. Basically didn’t sleep for months though. It was not a great time! Second child is a breastfeeding rockstar though so must’ve figured something out!",1
https://www.instagram.com/p/DBRlb7Ayez5/,DBRlb7Ayez5,makailyn_97,"I did triple feeding for 6 months. I was feeding on demand and pumping shortly after that and then my fiance was able to give bottles. Now I've been exclusively pumping for another 5 months... I'vw been wanting to quit for over a month but determined to make it til she's 1 next month. I wish I could say it's been a labor of love, but it absolutely hasn't. It's not been fun. 😅",2
https://www.instagram.com/p/DBRlb7Ayez5/,DBRlb7Ayez5,sophiaelizabethbb,im crying this is me because of my oversupply. I’ve tried everything to limit my supply but nothing works. I’m miserable 🥲❤️🥰,2
https://www.instagram.com/p/DBRlb7Ayez5/,DBRlb7Ayez5,lactanciamitos,It’s crazy how this is what all the moms I’m seeing are told to do the minute there is an issue instead of looking deep inside into the rooting cause. This triple feeding “strategy” it’s unrealistic and unsustainable,1
https://www.instagram.com/p/DBRlb7Ayez5/,DBRlb7Ayez5,jenniferhoar_,lol I triple fed actual twins,1
https://www.instagram.com/p/DBRlb7Ayez5/,DBRlb7Ayez5,smart.psihoart,I have been on this routine for the past 6 weeks or so having a lot of ups and downs since I didn't increase my milk supply to an extent we all hoped I would.. 😔,1
https://www.instagram.com/p/DBRlb7Ayez5/,DBRlb7Ayez5,flow_lactation,This is an incredible visual! What a super mama!,2
https://www.instagram.com/p/DBM0wobAOzM/,DBM0wobAOzM,chrysautopia,I feel like there's very little options or seemingly there are when a baby loses weight. The NHS has its guidelines (which are not shared with parents until too late) and I personally felt there was no option given to me but to be admitted to hospital and give formula.,2
https://www.instagram.com/p/DBM0wobAOzM/,DBM0wobAOzM,kathrynstaggibclc,#ismybabygettingenoughmilk #breastfeedingsupport #topups #extramilk #combifeeding #babyweightgain #notputtingonweight #breastfeedingproblems #breastfeedingconcerns #babyweighclinic #notenoughmilk #triplefeeding #newmum #newparent #newbaby #newborn,2
https://www.instagram.com/p/Cy3NH6CgdIs/,Cy3NH6CgdIs,the_wise_whisk,"I thought you meant top offs just as nursing a bit more before putting baby to bed! Serious question though- baby is almost 4 weeks old, exclusively breastfed, and just slept 8 hrs last night. Is that too soon? I generally suffer from hyperlactation and overactive let down, but I’m still wondering if going 8 hours this early is going to affect my supply in the long run?",2
https://www.instagram.com/p/Cy3NH6CgdIs/,Cy3NH6CgdIs,nicole.l.weaver,YES! Our pediatrician told us to exclusively bottle feed our 1st percentile baby to see if it would help him gain weight. It did not. All it did was decrease my supply and has made him refuse breastfeeding.,2
https://www.instagram.com/p/Cy3NH6CgdIs/,Cy3NH6CgdIs,twincitieslactation,Seriously will move to work with y’all 😭,2
https://www.instagram.com/p/DBZdM-eiy76/,DBZdM-eiy76,lucyhralph,"Hey lovely, I had a similar experience. My milk was delayed post c section, my baby wouldn’t latch and I pumped (with formula top ups) until about week 5/6 where my baby finally learnt to latch after many BF consultations. You’re doing so well! 🤍",2
https://www.instagram.com/p/DBZdM-eiy76/,DBZdM-eiy76,samantha_westlake1,"Well done babe. It’s an absolute minefield and incredibly mentally challenging, I take my hat off to you! Sending hugs xxx ❤️",2
https://www.instagram.com/p/CyDU9y6JKGS/,CyDU9y6JKGS,thenaturalfertilitynurse,"I understand you can't offer specific medical advice, but in your experience have you seen it offer a decent short term boost while other issues are corrected?",2
https://www.instagram.com/p/CyDU9y6JKGS/,CyDU9y6JKGS,itsmisscara,I am taking it and it has definitely helped me. I would love some advice on how to begin weaning off it though,2
https://www.instagram.com/p/CyDU9y6JKGS/,CyDU9y6JKGS,nurtureandnourishlactation,Yes! Let’s address the issue rather than treat 🙌,2
https://www.instagram.com/p/CyDU9y6JKGS/,CyDU9y6JKGS,sarahosullivan___,I’m due in March with my second and I’m only 10 months pp so the trauma around our feeding journey is still raw. I’ve been told I have insufficient glandular tissue and it’s very clear to see postpartum also. I’m so torn if I even try this time. Can IGT be different in each pregnancy?,2
https://www.instagram.com/p/CyDU9y6JKGS/,CyDU9y6JKGS,krisjade1993,I wish I saw this sooner.  I tried 6 courses of Motilium and it didn’t increase my supply at all.  After pumping and feeding all day everyday for 10 weeks I was told breastfeeding just wasn’t an option for me . 😭,2
https://www.instagram.com/p/CyDU9y6JKGS/,CyDU9y6JKGS,shaw_to_make_you_shine,"With Jabez I was on motilium, fenugreek, expressing every 3 hours, & only getting 10ml each time. After a couple of months of this gp tested for a benign tumor in pituitary gland. Nothing. Tested prolactin levels - through the roof!! 
Caius’ tongue tie obviously played a part…& induction and spinal anesthestic & stupid Covid rules and not having my pump - oh man I was just doomed from the start!!!! 
Naturopath was happy to look into if ANAs played a part but then someone else I know with an autoimmune diseas, who had a c-section under GA, still made more milk than me, & her bub had a tongue tie too!!!
Maybe the universe just doesn’t want to share this gift with some of us🤷‍♀️",2
https://www.instagram.com/p/CyDU9y6JKGS/,CyDU9y6JKGS,just_me_b_mcgee,"I was so allergic to this medication, it had the complete opposite effect for me. Once the allergic reaction set in, I knew my milk days were over 😢",2
https://www.instagram.com/p/CyDU9y6JKGS/,CyDU9y6JKGS,lucyrcliff,"Damn, wish I saw this post two weeks ago… just recently started on Domperidone, any advice on how to manage from here?",2
https://www.instagram.com/p/CyDU9y6JKGS/,CyDU9y6JKGS,the.breast.help,"YES TO ALL OF THIS. Needs a holistic view - like most things!
Women are rarely counselled well on the risks, I had a lovely mum come off it too quickly which caused anxiety spike and depressive thoughts. Was full on. And we don’t think she really needed it in the first place, just a decent plan and support!",2
https://www.instagram.com/p/CyDU9y6JKGS/,CyDU9y6JKGS,enhancesleep,Yes 🙌 this is so important! As a midwife I’ve seen women being prescribed it with no other advice. The basics of breastfeeding seem to be missed hoping the meds will be enough 🫣,2
https://www.instagram.com/p/CyDU9y6JKGS/,CyDU9y6JKGS,heritageblankets,I used this for about 2 or 3 weeks. I think it definitely helped but who knows because I was trying everything else too at the same time. But I did go from not enough(I'm expressing) to an oversupply.  But it gave me the absolute worst headaches and I felt numb in the head too. I was very glad to wean off,2
https://www.instagram.com/p/CyDU9y6JKGS/,CyDU9y6JKGS,sashamilamiller,Wish I knew so much of this when I was deep in the trenches of issues galore,2
https://www.instagram.com/p/CyDU9y6JKGS/,CyDU9y6JKGS,mammasherelactation,"❤️yep… people miss the basics. 
Galactogogues have their space but above mentioned factors can impede on supply and managing this is best practice..
X",2
https://www.instagram.com/p/CyDU9y6JKGS/,CyDU9y6JKGS,birth_aims,Yes to this!! 🙌🙌🙌 I met a woman last week who’d been started on domperidone THE DAY OF BIRTH 😳 Ummmm what now?! 😱 Where is the explanation/justification for that?,2
https://www.instagram.com/p/CyDU9y6JKGS/,CyDU9y6JKGS,countydoula,"I was recommended this by my midwife but we just needed… TIME! 🥰 especially the first bubba, we were both learning. Triple feeding and an LC, we got there just took us a little to nurture our rhythm.",3
https://www.instagram.com/p/DBRlb7Ayez5/,DBRlb7Ayez5,jadeinjourney,I did triple feeding for almost 4 weeks and I didn’t see much improvement 😭 Still supplementing and I stopped triple feeding like a month ago. I started at 3 weeks PP and I’m now 12 weeks. Any chance I can still up my supply so I can stop supplementing already? I’m using the tube to supplement,1
https://www.instagram.com/p/DBRlb7Ayez5/,DBRlb7Ayez5,holistic.mama.nutrition,OMG this is me right now,2
https://www.instagram.com/p/DBRlb7Ayez5/,DBRlb7Ayez5,a.hartman.coach,I've triple fed both of my singletons and breastfeeding twins is definitely a lot easier than triple feeding!,1
https://www.instagram.com/p/DBRlb7Ayez5/,DBRlb7Ayez5,vicdick,This was almost the death of us- oof 6 weeks of triple. Then a wonderful 2 years of BF🥹,3
https://www.instagram.com/p/CwfxVyeLEAI/,CwfxVyeLEAI,sweetsandmorebystephy,This is the main page I follow for help @shayzb,
https://www.instagram.com/p/CwfxVyeLEAI/,CwfxVyeLEAI,sweetsandmorebystephy,@rdaux my love check this page she shares amazing information and videos to help mama’s breastfeeding and or pumping.,
https://www.instagram.com/p/CwfxVyeLEAI/,CwfxVyeLEAI,travelingteachermama,"I’ve been having trouble with my wireless pump. Not sure if it’s the flange or the pump itself. 

My wall plugged one is fine 

Same size flanges",
https://www.instagram.com/p/CxVrTGwMgyZ/,CxVrTGwMgyZ,graceredders,Lovely story so proud of you 💪,
https://www.instagram.com/p/CxVrTGwMgyZ/,CxVrTGwMgyZ,boobingit,Can you relate to Josie's experience?,
https://www.instagram.com/p/CzL_Qjgg0N7/,CzL_Qjgg0N7,maryapatricia,Even if you have a good latch and good supply it’s STILL hard.,
https://www.instagram.com/p/CzL_Qjgg0N7/,CzL_Qjgg0N7,madison.mitchell.0927,How stressful and painful it can be. But it will all be okay.,
https://www.instagram.com/p/CzL_Qjgg0N7/,CzL_Qjgg0N7,stefpowers4,"That it does not come natural for every baby. My little one ended up not being able to latch. Even with a tongue and lip tie lasered, weekly lactation appointments, going to a chiropractor, etc she just couldn’t get it down and by then I was giving her breast milk through a bottle so I think she got used to that. It was one of the hardest things for me as a mom because I thought it was me and I did something wrong and that I would miss out on that special bond. 

I did my reading on breastfeeding before having her but not one resource mentioned anything about how your baby just might not be able to latch. I was caught by surprise by the fact when I tried to latch her in the hospital she didn’t. As a new mom that was so hard. 

But she is now 7 months and is so healthy and I’ve been an exclusive pumper so still able to give her my breast milk.",
https://www.instagram.com/p/CzL_Qjgg0N7/,CzL_Qjgg0N7,isha__dilip,No need to feed for 30 mins .. every baby is different one can complete in 5 mins another one can take 45 mins,
https://www.instagram.com/p/CzL_Qjgg0N7/,CzL_Qjgg0N7,tiffmaerob,"About hypoplasia breasts and the fact that I have them! Stressed so hard for 2 months trying to up my supply, then later learned it’s not going to happen due to the type of breast I have. I’m thankful I got two months in for my son at least 💙",
https://www.instagram.com/p/CzL_Qjgg0N7/,CzL_Qjgg0N7,jenncobleigh,Cluster feeding! No one told me about it. Had my first baby during COVID with little to no help.,
https://www.instagram.com/p/CzL_Qjgg0N7/,CzL_Qjgg0N7,tedddy_9494,Everyone would give free advice and point out that my milk supply is low without even knowing . If the baby cries low milk supply.,
https://www.instagram.com/p/CzL_Qjgg0N7/,CzL_Qjgg0N7,sophiemerivale,Make sure you drink litres of water throughout the day (and night!) one of the struggles early on was a simple solution. Especially with a hungry baby and supply!,
https://www.instagram.com/p/CzL_Qjgg0N7/,CzL_Qjgg0N7,amandagenereaux1987,Have your baby’s tongue and lip be checked for tie sometimes the doctor doesn’t check,
https://www.instagram.com/p/CzL_Qjgg0N7/,CzL_Qjgg0N7,jeanne.packwood,To be prepared for it to be so dang hard!!!,
https://www.instagram.com/p/CzL_Qjgg0N7/,CzL_Qjgg0N7,courtneyw85,"That it's tough as hell at first but it will all be ok/ successful... or it won't be. But either is ok and there are solutions to feed baby either way. Don't obsess, just enjoy day by day.",
https://www.instagram.com/p/CzL_Qjgg0N7/,CzL_Qjgg0N7,kramc9217,"I was always told it was easy. A natural thing. But I wish I was told How hard it really is. My baby had trouble latching I felt horrible. I wish I never gave up. But, Now I’m 8m exclusively pumping. And she’s thriving. 🍼",
https://www.instagram.com/p/CzL_Qjgg0N7/,CzL_Qjgg0N7,travelingteachermama,"That it’s ok to nurse all the time the first few weeks- feeding, soothing, latch practicing 

I attribute our success to me doing this and not following a strict schedule",
https://www.instagram.com/p/CzDwNn-SHqJ/,CzDwNn-SHqJ,natalieudler,The last 3 are genuinely scary 😂😂😂,
https://www.instagram.com/p/Cvlujsps1Ze/,Cvlujsps1Ze,jacewritesqwq,"I was sad only able to breastfed for 1 Week. My supply dipped and then, continued to drop despite frequent pumping (12x day& night total) then, one day it was gone. I was devastated and I tried up to 4 Weeks to produce small bottles for her. But, now she's taller than average and weighs more than average and I know I made the right choice for my baby. I still have some grief about it and there were lots of tears.",
https://www.instagram.com/p/Cvlujsps1Ze/,Cvlujsps1Ze,mamasteph_np,"Sending you all the love! I still have grief about our failed breastfeeding journey, although it's much less acute than it was even a year ago. I will always hold a place in my heart for that grief, but thankfully not as much as was once there.",
https://www.instagram.com/p/Cvlujsps1Ze/,Cvlujsps1Ze,sepkanitah,"body feed? when you breast feed you honestly do not know how much milk you are producing . baby latches and does their thing. falling asleep when satisfied or just unlatching and going about their business . i never pumped , so i never measured. my son is two ... and nurses only to go to sleep when sick or hurt .  i just make sure i eat and stay nourished. to be honest i don't remember breast feeding being ""dreamy"" there were dreamy moments but it was the most cost effective and convenient thing for me as a single parent . no bottles and all that comes with that . all i had to do was nourish myself and keep stress low.  solids are introduced at 6 months . i'm wondering who determines low supply and how do they determine that?",
https://www.instagram.com/p/Cvlujsps1Ze/,Cvlujsps1Ze,vallliek,"No extra points for suffering, rule to live by",
https://www.instagram.com/p/Cvlujsps1Ze/,Cvlujsps1Ze,goingtoholland,No extra points for suffering 🙌🙌🙌 I had low supply too. I’ve been meaning to post something too for this week for the low-supply mamas. Thanks for sharing,
https://www.instagram.com/p/CvvMjibyErd/,CvvMjibyErd,me.dharadave,"I’m struggling with low supply
Initially I feel my beast full every 3 hour I mean I can fill heavy nowadays my Brest is so loose it’s like nothing in that",
https://www.instagram.com/p/CvvMjibyErd/,CvvMjibyErd,melissatbdd,I’m exclusively breastfeeding and at 3 months my period came back . I thought it was a one off but baby is 4 months and it seems it really is back 😢 I usually have a really good supply but during the first few days of my p my milk is seriously low. I’m so glad for the frozen supply I have 🤷‍♀️,
https://www.instagram.com/p/CvvMjibyErd/,CvvMjibyErd,z.raden,I had a home birth and my milk supply took days to come in and then was low enough for weeks that I had to triple feed to build supply while supplementing with formula which broke my heart (and my brain). It was so stressful and demoralizing. I have hypothyroidism and I made the mistake of taking fenugreek to help not knowing that among all the other galactogouges this one specifically should NEVER be used if you take thyroid medication as it messes with your levels drastically. I think my supply would have established a lot quicker had I not used this. Not all galactogogues are for everyone! But after months of dedication and exauhstion we are now exclusively breastfeeding and so grateful!!,
https://www.instagram.com/p/CvvMjibyErd/,CvvMjibyErd,mrsadventure1,"I didn't even know you could have your prolactin levels tested! After STRUGGLING with two babies and asking every doc, midwife, nurse, and lactation Consultant what it could be and if it could be a hormone issue, no one suggested this! They all just said keep pumping around the clock no matter what. With first baby she ONLY slept longer than 10 minutes if she was on us for 7 months so for the first 5 months I literally got like 3 broken hours of sleep a day between baby and pumping and finally gave up for my sanity's sake. I wish someone had been more willing to ask questions and dig into deeper issues like you do!",
https://www.instagram.com/p/CvvMjibyErd/,CvvMjibyErd,isthatsalua,Can induction cause low milk supply?,
https://www.instagram.com/p/CvvMjibyErd/,CvvMjibyErd,julenemfjr,What is considered a low supply,
https://www.instagram.com/p/CvvMjibyErd/,CvvMjibyErd,batgirl1989,How late can u build milk supply ? Is it weeks ?? Months ? Could it be at 1 year old ???,
https://www.instagram.com/p/CvvMjibyErd/,CvvMjibyErd,royelranch,What would make one side produce almost nothing? I’m 6 months PP and my left produces about half an ounce if that. My right is basically what nourishes him.,
https://www.instagram.com/p/CvvMjibyErd/,CvvMjibyErd,hernameismichael,"If your baby eats quite a bit of solids (my baby is 11 months old), is 25oz of breast milk daily still the norm? I don’t pump, but I’d guess she drinks less than 25oz daily.",
https://www.instagram.com/p/CvvMjibyErd/,CvvMjibyErd,janelleelaine,"My baby seems to feed/grow just fine, but starting around 9 months going now into 10.5months, when i pump, i get way less than this every time. I’m not sure if my supply is low or not since she feeds fine on the breast day & night?",
https://www.instagram.com/p/CvvMjibyErd/,CvvMjibyErd,lalactation,#lowmilksupplyawarenessday #igtandlowmilksupplysupportgroup #igtandlowmilksupply #igt #lowmilksupply #lowsupply #normalizebf #normalizebreastfeeding #worldbreastfeedingweek #wbfw #chestfeeding #sns #atbreastsupplementation #breastfeeding #bf #ibclc #bottlefeeding #donormilk #mixedfed #pacedbottlefeeding #triplefeeding #breastfeedingproblems #breastfeeding #supplementalnursingsystem #postpartum #breastpump #milkbank #lactationcookie #lactation #galactagogues,
https://www.instagram.com/p/CvsiR9LPQ4U/,CvsiR9LPQ4U,khuff47,You are amazing mama!! No one told me how hard and shame inducing breastfeeding is when you do it the first time! There is so much pressure to make sure your infant is growing it can be overwhelming. The second time has been so much smoother because I had to learn all the hard lessons with my first. What a lucky girl you have to have such a dedicated and tenacious mama. 🥰,
https://www.instagram.com/p/CwaVvn9AsIz/,CwaVvn9AsIz,angelajminich0036,Triple feeding now and so tired,
https://www.instagram.com/p/CvGus-bLmAv/,CvGus-bLmAv,rockcreekteletherapy,Love this! 👏did you see her in Seattle? The videos looked so fun!,
https://www.instagram.com/p/CurYp2mvQa_/,CurYp2mvQa_,amyamyamy103,I’ve been triple feeding for 20 weeks and I’ve got at least 3 more to go!. Our bub was 6 weeks prem weighing 1.9kg. We finally hit the 5kg mark today 🥳 😮‍💨,
https://www.instagram.com/p/CuhA7ufg4zs/,CuhA7ufg4zs,mandysparks72,Nobody tells you how hard it is.,
https://www.instagram.com/p/Ct70VUQMZ9_/,Ct70VUQMZ9_,bbwoogirl,We'll miss you too! Thank you for all of your help!,
https://www.instagram.com/p/ClCrqXOJyeK/,ClCrqXOJyeK,sarah.roeder,"What do you mean by weight doesn’t stabilize by magic? I’ve also been told that appetite regressions, teething issues, colds, etc can explain lack of appetite. Would you disagree with that? My LO has had some appetite changes and drop in percentile and I’ve raised concerns to both pediatrician and IBCLC and both said appetite changes around 6 months are completely normal",
https://www.instagram.com/p/ClCrqXOJyeK/,ClCrqXOJyeK,darylleiristroskolanski,Is this related to the weight/age chart specifically?,
https://www.instagram.com/p/ClCrqXOJyeK/,ClCrqXOJyeK,amber_bozick,"Just curious, do you tag FPIES because it’s a major cause of FTT? Do you see a lot of babies who had ftt diagnosis before getting to solids and the FPIES diagnosis? I was a Peds nurse for 7years and had never seen FPIES till my niece was diagnosed, but I feel like it’s a lot more common now.",
https://www.instagram.com/p/Ck2hOLOj5oF/,Ck2hOLOj5oF,naturallynourishedwithlucy,"i used this system with my son leo in his first few days of life, my milk hadn’t yet come in so we supplemented with donated milk and a SNS. the skin to skin contact, and stimulation from this technique brought my milk in quickly, and we’ve been nursing for a year 🤍",
https://www.instagram.com/p/Ck2hOLOj5oF/,Ck2hOLOj5oF,autumnjmahoney,"Ive used it! I was told to give a bottle top up after feeding, I ended up giving almost only bottles for a bit because I was constantly worried about not seeing a number in ounces. I found out about the SNS after doing some research and it helped get my daughter nursing again (it was still a struggle) because she had bottle preference. 
I wish I knew about it sooner!",
https://www.instagram.com/p/Ck2hOLOj5oF/,Ck2hOLOj5oF,themaz78,I did this with my daughter and it worked well for us. I did this with for almost the first year of her life. ❤️❤️. It was a nice bonding experience with her.,
https://www.instagram.com/p/Ck2hOLOj5oF/,Ck2hOLOj5oF,alifawcett13,I did this with my second and it worked/helped like a charm!,
https://www.instagram.com/p/Ck2hOLOj5oF/,Ck2hOLOj5oF,kelsowest,"I used one with my girl for the first 7 months or so! It’s fiddly, but it really helped us!",
https://www.instagram.com/p/Ck2hOLOj5oF/,Ck2hOLOj5oF,welcomebabies_lactation,Thanks for sharing ❤️ I love teaching families about the supplemental nursing system!,
https://www.instagram.com/p/CrbgXl2xHIn/,CrbgXl2xHIn,zomee.pump,"yey! that's a wonderful news. good job, mommy!",
https://www.instagram.com/p/ClWFOD2A6wZ/,ClWFOD2A6wZ,katiefollett,Do Winnipeg hospitals accommodate bringing in pre-collected colostrum ahead of delivery?? Can this help with the transition?,
https://www.instagram.com/p/ClWFOD2A6wZ/,ClWFOD2A6wZ,theothermegatron,"This was my experience exactly. Day 4 still on colostrum so the hospital put us on an triple feed schedule for all feeds. By day 8 I had horrific engorgement and an oversupply. Despite request for revisit, second consultant didn’t come for a few more days. At this point in time she said ‘why on earth are you pumping after every feed you’re not feeding 3 babies but your body thinks you are’. So much conflicting advice, I had no issue with supply but had lost a lot of blood in labour and didn’t learn of the link to delayed transition until long after!",
https://www.instagram.com/p/ClWFOD2A6wZ/,ClWFOD2A6wZ,lberin,"I had delay of milk transition... It was 7 days! I didn't think it was low production, because I had sought input from an IBCLC on day 2 (baby wouldn't latch, I got very little from pumping). Post delivery hospital staff offered no help or advice (actually discouraged me from continued attempts to pump or direct feed). You were the one who was finally able to move us from exclusively pumping to exclusively direct feeding. Thank you! You offered support where I had had none, encouragement, and I believe your support saved my mental health and improved the relationship with my baby.",
https://www.instagram.com/p/ClWFOD2A6wZ/,ClWFOD2A6wZ,telikaibclc,does premature delivery cause delay?,
https://www.instagram.com/p/ClWFOD2A6wZ/,ClWFOD2A6wZ,mbmilkdocs,#breastfeeding #triplefeeding #supportedisvital #informedisbest #breastfeedinghelp #mybodymychoice #babyfriendlyhospital #colostrum #milkproduction #humanmilk #obgyn #familymedicine #ibclc #pediatrics #breastfeedingsupport #lactation,
https://www.instagram.com/p/CscLlUzSJ19/,CscLlUzSJ19,herasmilkyway,#parenthood #motherhood #hometowntravel #coffeeshops #pumping #pumpingonthego,
https://www.instagram.com/p/CzL_Qjgg0N7/,CzL_Qjgg0N7,at_carson,You’re gonna leak for a while so you have to wear nursing bra or tank to sleep for a while… and washable breast pads. You need those.,
https://www.instagram.com/p/CzL_Qjgg0N7/,CzL_Qjgg0N7,monica_lynn823,More about bottle refusal and nipple confusion! How difficult it can be❣️,
https://www.instagram.com/p/CsaOC3dR0Gk/,CsaOC3dR0Gk,luminargis,Such a Gorgeous photo! So special 🤍🤍,
https://www.instagram.com/p/CsaOC3dR0Gk/,CsaOC3dR0Gk,karly88,"Far out girl, that’s an incredible achievement 🙌🏼",
https://www.instagram.com/p/CsaOC3dR0Gk/,CsaOC3dR0Gk,ree_davies,Fantastic work babe. You are such an inspiration mum ❤️,
https://www.instagram.com/p/CriQrWuyI9v/,CriQrWuyI9v,thebooknookhome,"Well done, must be such a good feeling ❤️",
https://www.instagram.com/p/CriQrWuyI9v/,CriQrWuyI9v,justanothermum.co,well done!!!!!! such an amazing achievement. I'm glad you ca. feel proud of all this work! 🙌🙌🙌,
https://www.instagram.com/p/CriQrWuyI9v/,CriQrWuyI9v,riffraff_sleeptoys,Felt this so much thank you for sharing 🫶,
https://www.instagram.com/p/CriQrWuyI9v/,CriQrWuyI9v,yaslisson,Thriving 🔥 well done team,
https://www.instagram.com/p/CriQrWuyI9v/,CriQrWuyI9v,presleykp.fit,Omg so cute 🥹 this caption ❤️❤️❤️,
https://www.instagram.com/p/CriQrWuyI9v/,CriQrWuyI9v,mrs_blundell_86,"If this isn't dedication and persistence, I don't know what it!! So proud of you mumma ❤️",
https://www.instagram.com/p/CriQrWuyI9v/,CriQrWuyI9v,dyllanellamary,This makes me happy cry to read this!!! Proud of all three of you!!,
https://www.instagram.com/p/CriQrWuyI9v/,CriQrWuyI9v,finding_claudia_,Gf you know I’m so so proud of you and your team - you’re amazing!!! You really are!!! (Also I call Clara girl Dot and it melts me your little is nicknamed the same). You did it! You’re doing it!!,
https://www.instagram.com/p/CriQrWuyI9v/,CriQrWuyI9v,thelifeofclaire_,Yay I love this ❤️❤️❤️ well done team,
https://www.instagram.com/p/CriQrWuyI9v/,CriQrWuyI9v,newbornmum,#motherhood #lowsupply #lowsupplymama #triplefeeding #mixedfeeding #matrescence,
https://www.instagram.com/p/Cr6iSqtPxVi/,Cr6iSqtPxVi,jacroark,Still triple feeding my 8wk old.  We have the combined issue of inability to latch and really low supply even with pumping.  Ties were released 4wks ago.  Any suggestions on what else we can explore to help him latch?,
https://www.instagram.com/p/Cr6iSqtPxVi/,Cr6iSqtPxVi,goodgollymissmollysue,"I triple fed for 13 weeks because my baby was 7 weeks premature and didn’t latch effectively. Once he was able to complete a feeding at the breast at 13 weeks I would feed him but then still need to pump because I had a huge oversupply at that point. It was so hard, but I fed my baby and others. Thankfully my second child nursed better and I was able to pump less.",
https://www.instagram.com/p/Cr6iSqtPxVi/,Cr6iSqtPxVi,graveyardpoem,"My twins are 3 weeks old today and we’re triple feeding. Thankfully they can now nurse together and get their supplement together, but this schedule is rough 🥲",
https://www.instagram.com/p/Cr6iSqtPxVi/,Cr6iSqtPxVi,kimberly_maurya,"Ex 30 weeker now 46 weeks 5 days and I’m still triple feeding. She will not transfer milk and has a beautiful latch and suck 😢 I feel like giving up. We have done everything… pumped let down, laid back feeding, massages, the list goes on",
https://www.instagram.com/p/Cr6iSqtPxVi/,Cr6iSqtPxVi,shannonculpepper81,"Currently triple feeding twins due to severe anemia from delivery. Thankfully, my supply finally seems to be catching up.",
https://www.instagram.com/p/Cr6iSqtPxVi/,Cr6iSqtPxVi,sallywinnie,Had my baby Sunday and this is me. Struggling,
https://www.instagram.com/p/Cr6iSqtPxVi/,Cr6iSqtPxVi,lillian.s.l,I triple fed my ACTUAL twins in the first 3 months 😅 now THAT was hard 😭😬,
https://www.instagram.com/p/Cr6iSqtPxVi/,Cr6iSqtPxVi,january_darkness,"Did triple feeding for a year. It's hard, but worth it.",
https://www.instagram.com/p/Cr6iSqtPxVi/,Cr6iSqtPxVi,thenotorioushgc,"I wish that my lc didn't leave me with ""all I can suggest now is triple feeding"" with no end date or anything. I triple fed for a year with my first. It felt more like than twins because it was a full feeding on both sides (minimum 15 min each side) then bottle feeding, getting baby to bed, then pumping for 20 min minimum. If I had full supply I'd latch both twins at the same time. But I can't imagine all that having twins would entail!",
https://www.instagram.com/p/Cr6iSqtPxVi/,Cr6iSqtPxVi,momof4_lrah,"Been there, and trust me... It gets easier. Trust the process y'all 💯",
https://www.instagram.com/p/Cr6iSqtPxVi/,Cr6iSqtPxVi,lexie.h3,Whelp. I did this without even knowing I did this!!,
https://www.instagram.com/p/Cr6iSqtPxVi/,Cr6iSqtPxVi,phoenixrose,I’m going to be triple feeding twins in the next few months….is that double-triple feeding?! 😢😂,
https://www.instagram.com/p/Cr6iSqtPxVi/,Cr6iSqtPxVi,flyhunniel,"I'm currently in the hospital, just had my baby on may 5th and was just given this plan with no follow up or exit plan. I'll be discharged tomorrow morning. They gave me this plan bc my milk isn't in yet and my daughter had low blood sugar.",
https://www.instagram.com/p/Cr6iSqtPxVi/,Cr6iSqtPxVi,mandy4m.m,I was. I was placed on it 48 hrs after giving birth to allow my already cracking and bleeding nipples time to heal by only offering one side with  each feeding. I was exhausted. My baby ended up having an affinity for the bottle. I didn't have the support necessary to get her back to breast so I'm exclusively pumping 11 mo later. 😢,
https://www.instagram.com/p/Cr1dvmXMQQc/,Cr1dvmXMQQc,susanrussell1048,Look at those eyes. ❤️❤️,
https://www.instagram.com/p/CqZbohbMzBr/,CqZbohbMzBr,kaylalove1993,"This is so amazing , your so sweet !",
https://www.instagram.com/p/CqZbohbMzBr/,CqZbohbMzBr,ivey_fante,What a beautiful moment! I was able to do this for someone on a much smaller scale and it warmed my heart so I can only imagine how you feel! You are so thoughtful and just how amazing is this?! ❤️❤️,
https://www.instagram.com/p/CqZbohbMzBr/,CqZbohbMzBr,ramsmcglam,Incredible!! ❤️ Way to go!,
https://www.instagram.com/p/CqZbohbMzBr/,CqZbohbMzBr,thatmortgagebabe,This is amazing! What a meaningful gift ♥️,
https://www.instagram.com/p/CqZbohbMzBr/,CqZbohbMzBr,oohkaay_,What a blessing!!! 🙌❤️ you go mama!,
https://www.instagram.com/p/CqdEhDmNubV/,CqdEhDmNubV,flow_lactation,"Fill out the form here:

https://flowlactationcare.com/request-a-scale/",
https://www.instagram.com/p/Cj2PBkeyohn/,Cj2PBkeyohn,mothercare.by.justine,Thank you for bringing more awareness to paced feeding 🙌🙏🏼 I worked as a nanny for many years (now pp doula) and always try my best to encourage and educate  families about the benefits of it (with a little demo or sharing a video helpful ☺️),
https://www.instagram.com/p/Cj2PBkeyohn/,Cj2PBkeyohn,_aferris_,I love your content and find it very helpful. As a midwife in the public system this is the way I’ve always shown parents- please don’t demonise hard working health care workers,
https://www.instagram.com/p/Cj2PBkeyohn/,Cj2PBkeyohn,finding_claudia_,I wish I’d known about this when I was over feeding little Clara! ❤️,
https://www.instagram.com/p/CjTEyocNrPH/,CjTEyocNrPH,knit_in_dk,"I did triple feeding for 3 weeks and stopped when I started hallucinating from the lack of sleep (yes, really). Triple feeding was appropriate for me and my son because he was born premature and was unable to suckle at birth.",
https://www.instagram.com/p/CjTEyocNrPH/,CjTEyocNrPH,kidscuddlesandmuddypuddles,"It is exhausting, mentally and physically. I’ve just managed 7 days triple feeding on my own as my partner works away, and still had to factor in looking after 2 other children by myself with school runs, swimming lessons, bedtime routines and everything else that goes with looking after 3 kids! I’m glad to have made it through in (almost!) one piece… 😴 But I’ll do anything I can for my baby. ❤️",
https://www.instagram.com/p/CjTEyocNrPH/,CjTEyocNrPH,annalouisewynne,I did this for 8 weeks and it definitely contributed to my PPD. I sat in the OB office sobbing and decided my baby needed her mama to be healthy and we switched to exclusively formula feeding. Best decision ever!,
https://www.instagram.com/p/CjTEyocNrPH/,CjTEyocNrPH,ashleigh_sumer,No one told me it wasn’t sustainable long term. I did it for almost 3 months,
https://www.instagram.com/p/CjTEyocNrPH/,CjTEyocNrPH,elissaquinn89,Thank you for sharing this. I was also directed to triple feed without an end date and it was awful and exhausting and did not work for my body,
https://www.instagram.com/p/CjTEyocNrPH/,CjTEyocNrPH,thegrovesoapco,"Oh goodness. Yes, this and severe postpartum with my first. 😢",
https://www.instagram.com/p/CjTEyocNrPH/,CjTEyocNrPH,_baker_taylor,"Me too! I tried triple feeding, then nursing + supplement, then bottle with my first. Major PPD due to lack of sleep. Fast forward to 2nd baby, when I realized my supply was low and I was headed to combo feeding, I had a good cry and started all formula since. My postpartum experience has been so much easier!",
https://www.instagram.com/p/CjTEyocNrPH/,CjTEyocNrPH,kater783,Thank you for saying this!!! I tried to do this for 3 months because I didn’t know what else to do. Hoping second time around is better.,
https://www.instagram.com/p/CjTEyocNrPH/,CjTEyocNrPH,noel.m.breton,Yes!!! My LC did not tell me when this should be stopped/when to know when this would be working or not. And it totally depressed me as well! And justifies my feeling. Thank goodness I finally stopped on my own and just moved on to formula. Thank you for posting ❤️,
https://www.instagram.com/p/CjTEyocNrPH/,CjTEyocNrPH,ariannelizabeth,This happened to me too!!,
https://www.instagram.com/p/CjTEyocNrPH/,CjTEyocNrPH,bryana.greene,"I think had this not been how I was introduced to breast feeding, I would have made it. My milk didn’t come in for 5 days as I had a planned C-section. I did this routine every two hours for the first week of her life and exactly a week later I was a hysterical mess. Thankfully I had a supportive husband who told me that I didn’t have to torture myself. So I stopped and started enjoying my baby.

Now I know that the body will sometimes take its time and that’s ok. I could I have just let her latch to get used to it and then let her eat a bottle.

I’m in school for counseling now and when I graduate I intend on focusing on PPD and PPA and letting mamas know that fed is best and there is no shame!",
https://www.instagram.com/p/CjTEyocNrPH/,CjTEyocNrPH,mcvalko21,One of the most guilt provoking statements made by an LC is “ do this for your baby” …And …It is the visual of someone in a white lab coat claiming that they “passed their boards” or “sat for their exam” telling you with complete certainty to devote your body and mind 24 hours a day to squeezing out drops of breast milk and then use your dirty finger  to have the baby suck the drops from a syringe so that they don’t get “nipple confusion”. It never needed to get this crazy.,
https://www.instagram.com/p/CjTEyocNrPH/,CjTEyocNrPH,adventures.of.chuck,"I did this as well. I only did this for a very limited time and it worked. My supply got to where it needed to be and I was able to stop the triple feed. HOWEVER, I had a husband who was extremely helpful- did the bottle feed while I pumped, did all the diaper changing and cleaned all the pump parts. He had the ability to take a 3 month paternity leave and I took 6 months. I had an amazing lactation consultant who was understanding and realistic. (We live in Cali.) If you have the support , which we ALL should have, this could be a feasible option. Unfortunately that is not the reality and this should never be pushed or guilted onto anybody. Love to all, no matter how you feed your babies. ❤️",
https://www.instagram.com/p/Ci7hWykATMM/,Ci7hWykATMM,growthinparenthood,This was my reality! So grateful for the supports that helped us get through the learning curve.,
https://www.instagram.com/p/Ci7hWykATMM/,Ci7hWykATMM,stephaniesublettmd,This is such an accurate depiction of reality for new moms. Permission to share on my page please 💕,
https://www.instagram.com/p/Ci7hWykATMM/,Ci7hWykATMM,ustronsko,Did it match? Not at all. Was it hard? It still is sometimes. Have I succeeded? Totally!!! Still breastfeeding - 20months. BUT at some point I asked for a professional help with IBCLC. Otherwise I would had given up at the very beginning.,
https://www.instagram.com/p/CinmTX3jJEf/,CinmTX3jJEf,pro_k397,Send me post on @mothers_chapter,
https://www.instagram.com/p/Ci71KPKAfNB/,Ci71KPKAfNB,doulaschool,So true. Having those honest conversations makes a huge difference 🙌,
https://www.instagram.com/p/CpaHtVcN2tt/,CpaHtVcN2tt,kbmissimer,I had a baby 36 weeks 6 days and she is having the hardest time gaining weight and being sleepy. This post hit the nail on the head describing exactly what she is doing!,
https://www.instagram.com/p/CpaHtVcN2tt/,CpaHtVcN2tt,tifabf,This explains so much about babies I know and the struggles of their Mamas!,
https://www.instagram.com/p/CpaHtVcN2tt/,CpaHtVcN2tt,kittygkeating,"This was my son!!! Induced at 37 weeks. Healthy and 6.5 lbs but very much acted like a premie for the first 6 weeks. Then it was like a switch went off and life got so much easier. Thank goodness my pediatrician and LCs clued me into what was going on. Nursing a sleepy eater is such exhausting and taxing work! So grateful he was kept safe and that he was healthy, but I wish I had been educated right after birth when we saw all those signs that our path would be a little different for a while.",
https://www.instagram.com/p/CpaHtVcN2tt/,CpaHtVcN2tt,ac_adsit,This was my experience with Eve!,
https://www.instagram.com/p/CjTEyocNrPH/,CjTEyocNrPH,rnharger,"100% my experience. I triple fed my first child for weeks and I just could not keep up. It was like round the clock torture and it did not help my supply issues one bit. “Failing” at this totally led to my ppd. I was convinced my body was broken and that my baby would pay the price. Formula feeding was the right call but it took me over 3 months to admit it and make the change. My baby thrived after that and is a happy, healthy 10 year old now. And we went straight to formula feeding with my second. It was a totally different experience.",
https://www.instagram.com/p/CjTEyocNrPH/,CjTEyocNrPH,julia_christine_smith,Man I wish I had seen this after my first child in 2017. I’m very grateful k knew better by the time her brother was born ♥️,
https://www.instagram.com/p/CjTEyocNrPH/,CjTEyocNrPH,beth.kao,Triple feeding on an every 2 hour cycle was definitely one of the main causes of my PPD/PPA.,
https://www.instagram.com/p/CjTEyocNrPH/,CjTEyocNrPH,foxymomma_lactation,"I had this conversation with a mom today… she’s triple feeding with a helper and a haakaa because the pump isn’t enjoyable for her and her nipples are so damaged im doing what’s best for her. Dad is finger feeding while mom pumps. But they know exactly why we are doing it, and there’s a plan in place for this to not be a long term thing. No one helped me so now I help others! 😅",
https://www.instagram.com/p/CjTEyocNrPH/,CjTEyocNrPH,number1abs,It took so much time that I had to start the next feed almost immediately. It was awful- I felt so alone.,
https://www.instagram.com/p/CjTEyocNrPH/,CjTEyocNrPH,tracydbenner,Man I wish I could send this to myself 18 months ago. I did triple feeding for 3 months and it severely impacted and created my postpartum depression that I am still figuring out. No one told me it wasn’t sustainable and that I needed help.,
https://www.instagram.com/p/CjTEyocNrPH/,CjTEyocNrPH,shelb_94,My baby is 7 weeks. I only made it 4 weeks breastfeeding… this was recommended to me by the many lactation consultants I saw because I was having issues and they swore this would solve them. I have been high risk for PPD and the entire time I tried this method not only was I frustrated but my baby was as well. The whole experience was absolutely horrible and I finally just switched to formula because I had to begin supplementing anyways. Now I am happy and my baby is happy.,
https://www.instagram.com/p/CjTEyocNrPH/,CjTEyocNrPH,mariannesourial,"I did this for 9 months, with no full time support. I also had a colicky baby would wouldn’t be put down between feeds. I was chastised by the paediatrician very early on and as a first time mum I believed this is what I had to do.",
https://www.instagram.com/p/CjTEyocNrPH/,CjTEyocNrPH,jessgeesaman_,💔💔💔 heart broken for the women who believe they must do this.,
https://www.instagram.com/p/CjTEyocNrPH/,CjTEyocNrPH,zen_carly,"I appreciate this post! This was recommended to me and it was an awful experience. I barely slept because of the schedule. For me, switching to formula was the greatest relief. Personally, I will never do triple feeding again",
https://www.instagram.com/p/CjTEyocNrPH/,CjTEyocNrPH,anna.richardella,"It was recommended that I triple feed as well with no fading schedule. I cried to my therapist and she told me not to do it! Ultimately, I ended up combo feeding and then switching to formula entirely around 3 months. Boy did it help my PPA!",
https://www.instagram.com/p/CjTEyocNrPH/,CjTEyocNrPH,aileenmc,I did this for almost 3 weeks.  I was a shell of a person.,
https://www.instagram.com/p/CjTEyocNrPH/,CjTEyocNrPH,witch_in_a_wheelchair,"It was a hugeeee trigger for my unaliving thoughts PPA and PPD . Unable to latch, low supply, and a formula shortage.",
https://www.instagram.com/p/CjTEyocNrPH/,CjTEyocNrPH,christinemay29,I wasn’t told any of that with my first and it felt so daunting and impossible. I don’t think I would’ve hated it so much if I knew there was an end date to reassess but I was never told that. I also didn’t know about combo feeding as an option so I ended up EP with low supply which was miserable and I weaned after 3 months. I have so much trauma from feeding with my first. My second baby is 4 months old and we are still combo feeding. He gets most of his nutrition from formula but I get to enjoy snuggles and the experience of being a breastfeeding mother 🥰 I learned the above shared info from @lowsupplymom which changed the game for my second feeding journey!,
https://www.instagram.com/p/CiubDkWsXG5/,CiubDkWsXG5,rachelwritesstuff,I did this for my preemie baby born at 32+1 and it was the most exhausting experience. I was so relieved when he was ready to move exclusively to breast feeding. He’s one today and thriving!,
https://www.instagram.com/p/CiubDkWsXG5/,CiubDkWsXG5,harshitadakshmehra,How can i stop milk ….? Through pumping,
https://www.instagram.com/p/CpXET-2pdKn/,CpXET-2pdKn,laura.bolzonello,@l0zi_scalz - not sure if this is something you’d need but thought of you!,
https://www.instagram.com/p/CpTlL44N77g/,CpTlL44N77g,terriejhn,Hahah definitely a G thing to do! But look at her precious little self!,
https://www.instagram.com/p/Co9k7wtI0Ci/,Co9k7wtI0Ci,gallagdn,"Well done, lovely to hear your bf journey Sharon and well done to you for persevering through the difficult time xx",
https://www.instagram.com/p/Co9k7wtI0Ci/,Co9k7wtI0Ci,milkitmama.ie,Thanks so much Petrina! Relly glad it worked out this time ❤️,
https://www.instagram.com/p/CpK_aN0oYSh/,CpK_aN0oYSh,teamkamando,I’m triple feeding due to a tongue tie. So I’ll probably be doing it until after surgery and he’s able to empty my breast better. But I’m a week in and so worn out from it. It’s exhausting,
https://www.instagram.com/p/CpK_aN0oYSh/,CpK_aN0oYSh,einafets,"Ugh, I triple-fed for 12 weeks! Wish someone had told me it was supposed to be temporary 😢",
https://www.instagram.com/p/CpK_aN0oYSh/,CpK_aN0oYSh,its.mrs.huber,"I'm triple feeding for the third time. 🤦‍♀️ I make enough milk, but my baby doesn't get all of it out. Originally baby was only getting out 5ml after 30mins of nursing. He's three and a half months now and can get 3oz out after 40mins of nursing. So we're getting there. The baby before him was triple fed till 4.5months and then went exclusively to the breast. the baby before her for 6months and then went exclusively bottle fed. Doing this for the third time with another baby, and already having two kids under the agr 6 I definitely have some tips. 1) if someone offers help almost never turn it away. 2) have a consistent schedule for you and your kids. Taking care of toddlers isn't a cake walk. Taking care of toddlers plus a triple fed baby is hard mode to the extreme. You need a schedule so you can meet each child's needs. 3) it's okay if you give your kids a little screen time in this period. 4) have a rolling cart you can push your pumping equipment on. Pump while driving and cooking to save time using a hands free pumping bra. 4) exclusively bottle feed for one session. I choose that to be in the middle of the night so I get more sleep and so does baby. 5) feel no guilt that you've dropped off the face of the world. Your nursing goals are important to you. Forget people who are upset at you for not being out and about and social when it might not be possible. ... I could keep going. But I've gotta go do the triple feeding thing again. Lol",
https://www.instagram.com/p/CpK_aN0oYSh/,CpK_aN0oYSh,anggaa_d,I did this for 3 weeks and used nipple shields during feedings to help my nipples heal. Only thing that helped was that my husband took her to give her the bottle while I pumped which helped to cut down the time a little. Hardest time of my life but luckily my milk supply came in and our latch got better and now we are exclusively breastfeeding at 3 months. My only advice is to be kind to yourself during these hard days! I definitely cried a lot from exhaustion but it will get better 💕,
https://www.instagram.com/p/CpK_aN0oYSh/,CpK_aN0oYSh,elveralovely,"Triple feeding was awful for me. Cudos to those who can cos I couldn't handle the 2 hrs of sleep, I went cray cray literally.",
https://www.instagram.com/p/CpK_aN0oYSh/,CpK_aN0oYSh,chelsea_alyssa_,"I have no advice, it sucked, I did it for over a month. The thought of breastfeeding another baby give me anxiety,…",
https://www.instagram.com/p/CpK_aN0oYSh/,CpK_aN0oYSh,megmcdermott,"Triple fed for first two months due to low blood sugar in hospital, tongue tie, slow weight gain…it was exhausting. I read someone when I was 8w that breastfeeding got better at 10w so I was like I can do 2 more weeks. Finally by week 10 with daily power pumping, triple feeding, I was able to get my supply up enough to no longer need to supplement with 4oz-6oz of formula daily and now at 4m, my daughter is exclusively breastfed. Looking back, the exhaustion, pain, and feeling inadequate from not making enough or not naturally making her gain, it was SO HARD but somehow all worth it.",
https://www.instagram.com/p/CpK_aN0oYSh/,CpK_aN0oYSh,pauline.the.ferrill,"I’m so glad I was never told to triple feed. I did pump to try to increase supply but all it did was make me feel drained in my soul. I don’t understand the “milk hasn’t come in,” isn’t that hormonally triggered regardless of demand? I know my milk didn’t come in until day 5 for both my babies (both with different birth circumstances), no matter what I did.",
https://www.instagram.com/p/CpK_aN0oYSh/,CpK_aN0oYSh,andreabakesthecoupcake,"I triple fed for 5 months by choice (stopped pumping at this time, kept formula and breastfeeding) I so badly wish there was more support in the hospital. I didn’t know I barely made any milk and my baby didn’t eat enough in her first week of life. I wish someone had told me it’s ok to give formula, otherwise I would’ve started triple feeding I’m her first week home (but everyone said “just keep latching and the milk will come”). I ended up being diagnosed with IGT, but I was very determined to give my baby as much breastmilk as possible. She’s 15months and I cannot get her to wean from nursing!",
https://www.instagram.com/p/CpK_aN0oYSh/,CpK_aN0oYSh,tamarabarah,"Triple fed for the first few months. So so hard. Breastfeeding in general is hard without pumping on top of it. I wondered why I couldn’t just breastfeed and not pump like some moms. Drs/LC didn’t tell me when I could stop. So I just kept going, and baby was gaining weight but just not fast enough 🤷🏽‍♀️Literally walked out of the hospital crying those first few visits. I mean. When you are triple feeding and your baby eats literally every 2-3 hours that is basically your life. Nurse,pump,wash pump stuff, repeat. Just exhausting. Now he’s 13 months and nurses once at night and once in the morning and sometimes for naps or random wake ups at night. Triple feeding seems so long ago. Definitely won’t be able to do it with baby no2",
https://www.instagram.com/p/CpK_aN0oYSh/,CpK_aN0oYSh,maggiefloraolson,"Nope, I couldn’t bring myself to do it. I just combination fed and skipped the pumping.",
https://www.instagram.com/p/CpK_aN0oYSh/,CpK_aN0oYSh,keerka25,"I did triple feeding when baby was 3-4 months. I didn't know it was called triple feeding, i found it easier to get in sleep as my partner or mother would feed the pumped milk as i get some sleep.",
https://www.instagram.com/p/CpK_aN0oYSh/,CpK_aN0oYSh,naymil56718,"I triple fed for 6 months and now that my son is 15 months I look back and realize how mentally, physically, and emotionally difficult it was and caused so many issues for me.  I would not recommend this long term ever!",
https://www.instagram.com/p/CpK_aN0oYSh/,CpK_aN0oYSh,kristinemholt,Triple feeding was so hard! I did it for probably 5 days with no improvement in my baby's weight. I decided to exclusively pump because it was just easier and I could track every ounce he got! I stopped at around 9 months and have enough saved to get him past a year! 🥳,
https://www.instagram.com/p/Ciiea1XDyBu/,Ciiea1XDyBu,whatdrkatydidnext,👏you (and Thomas) are amazing !!,
https://www.instagram.com/p/CihxZCRgB8B/,CihxZCRgB8B,bubblesxo5,What if the newborn latches well but  is sleepy all the time so they only end up sucking from one side only.. do I need to pump to empty it out?,
https://www.instagram.com/p/CihxZCRgB8B/,CihxZCRgB8B,adelina_natasha,I’ve been doing all these things and had his tongue and lip tie released however my baby still cries and screams at the breast. I’m so tired of pumping 😢,
https://www.instagram.com/p/CihxZCRgB8B/,CihxZCRgB8B,mbmilkdocs,#breastfeeding #breastfeedinghelp #lactation #pumpingmom #triplefeeding #pacedbottle #familymedicine #ibclc #pediatrics #newparent #newborn #pumping,
https://www.instagram.com/p/ConlP-ePaF4/,ConlP-ePaF4,kileypetroff,Had to do this after we brought home our preemie from the NICU. I was struggling due to major sleep deprivation.,
https://www.instagram.com/p/ConlP-ePaF4/,ConlP-ePaF4,jpkriya,"Yup! I went through it. Exhausting but like you said, not forever. You’ve got this!",
https://www.instagram.com/p/ConlP-ePaF4/,ConlP-ePaF4,jrusniak,I had to do this with my son. He had a tongue tie but was also not gaining enough in the first few weeks. It was exhausting.,
https://www.instagram.com/p/ConlP-ePaF4/,ConlP-ePaF4,chandradevi,I don’t have experience but it’s all hard! Sending lots of love and positive vibes to you mama!! You’re a tough one and you never cease to amaze me with your strength 🤍🤍🤍,
https://www.instagram.com/p/CpK_aN0oYSh/,CpK_aN0oYSh,bredambrosia,"I am currently tripping feeding. I have been for 11 months by choice. It definitely was the most difficult the first four months and after I got into a routine my mental health definitely improved. Things that helped were a great support system of friends, having someone bottle feed my baby when possible, setting a routine. I gave myself the goal of stopping at a year so having the mindset this is just temporary. I also will plan things while I pump so I don’t feel my life is that consumed by pumping. It’s definitely draining on the body but we’re at the place he gets all breast milk and that was my long term goal. What ever you choose or how ever long you choose to triple feed you are doing amazing!💕",
https://www.instagram.com/p/CpK_aN0oYSh/,CpK_aN0oYSh,tessamaerowe,"I triple fed for a year because no one told me when I should stop or what to do if it didn’t work (not one of the 3 lactation nurses or the pediatrician gave me a plan beyond triple feed and your milk supply will increase) It never increased, my total pumping output each day was 2-3oz (6 double pumping sessions a day for 20mins each) I got through it by also using the 20min pump sessions for reading",
https://www.instagram.com/p/CpK_aN0oYSh/,CpK_aN0oYSh,hannahsunshine,"I said I wouldn't triple feed the second time but then I did. First was because of low supply, second time was due to a tongue tie, then a clog. It absolutely demolished my mental health both times.",
https://www.instagram.com/p/CpK_aN0oYSh/,CpK_aN0oYSh,mama_jamie17,"Triple feeding was so hard. I had a c section and was in the hospital for 4 days and did this. They recommend me to keep doing it at home. I shook my head and said ok. But once I got home, my milk was coming in. It was hard to breastfeed at first as I was in pain from the delivery but got easier. I hope, if I have a second baby, that I can avoid triple feeding. It was just too hard those first few days.",
https://www.instagram.com/p/CpK_aN0oYSh/,CpK_aN0oYSh,madel.benson,I did triple feeding for two days and ended up switching to exclusively pumping. It was terrible for my mental health. I definitely understand the idea of seeing lactation but it was all we could do to get through the day in those early days much less out the door to go to an appointment.,
https://www.instagram.com/p/CpK_aN0oYSh/,CpK_aN0oYSh,taytar_,I’m still triple feeding and my baby is 6 months. I can’t remember life before it. It’s just routine now ☺️,
https://www.instagram.com/p/CpK_aN0oYSh/,CpK_aN0oYSh,likaborzova,"Did almost two months of triplefeeding due to lack of support, low weight, jundice, late milk etc. Can’t even remember those weeks filled with mental fog, trauma and stress :))) Switched to EP, ended up with an oversupply, of course. Just crossed 9 months of EP, and just started to rotate the stash. I am so over it by now, but can finally see the end if the pumping journey",
https://www.instagram.com/p/CpK_aN0oYSh/,CpK_aN0oYSh,_maria_sell,"I guess I’m triple feeding as I don’t produce enough milk after a traumatic birth. I breastfeed, then too up with expressed milk and then with formula. Only manage to express around 30ml on average, every 3 hours :( it’s exhausting. At night I only express and give formula as breastfeeding is difficult, she matches but only@actively drinks for about 5 mins so lactation consultant said to take her off and relatch but night it’s too much in addition to pumping while still recovering from surgery.",
https://www.instagram.com/p/CpK_aN0oYSh/,CpK_aN0oYSh,chefetteandlittle,I triple fed for two months 0/10 would NEVER recommend anyone ever do this for that long I think this seriously contributed to my PPA/PPD!! Next baby is do a version of it within the first 2-3 days (MAX) and the reassess I would never ever do this again for this length of time,
https://www.instagram.com/p/CpK_aN0oYSh/,CpK_aN0oYSh,iceicebrittany,Triple feeding is.. enough to make you lose your mind 🙃,
https://www.instagram.com/p/CpK_aN0oYSh/,CpK_aN0oYSh,maryclockett,I triple fed for 5 months because my baby needed multiple oral surgeries and had lots of trouble eating and gaining weight and then went through feeding therapy. I worked closely with an IBCLC who came to my house which made a huge difference for me and baby who were constantly at doctors appointments. And the other thing that helped me a lot was that I tracked all the time spent and all the oz pumped so I could see all the big crazy numbers at the end and feel so proud of myself and grateful for the support I had along the way. Also having snacks I like nearby and a supportive partner helped a lot. It was one of the hardest things I’ve ever done.,
https://www.instagram.com/p/CpK_aN0oYSh/,CpK_aN0oYSh,aylavesala,I wish i only had to do it for 5-7 days. Had to triple feed for 2.5 months 🙄 in the end I told the nurses I couldn't do it anymore and stopped the breast feeding (we had latch issues),
https://www.instagram.com/p/CpK_aN0oYSh/,CpK_aN0oYSh,dnthoma,"I don't know how long I triple fed. It was so very draining. In every way. Even after his lip & tongue revisions at the weeks old, transfer was still an issue. I had bought a pump from a friend on a whim and ordered new lines and parts.  and I'm so glad I did. Even after therapy. It took a couple months to get the cranio appt. But in the meantime, after triple feeding for a while I was able to produce enough to still feed every 2 hours. One round of nurse/pump/bottle equaled 2 extra bottles. It was nice to start getting out of the house and taking our other for children places. But I still struggled at times to produce enough. (If I missed a snack or a meal, I'd probably not have enough for the two extra bottles. And would pray I could produce milk to nurse him if need be.) He hated the formula we bought, and this was during the formula shortage. Adding to the stress. I got to the point, i think around 4 months, where I just couldn't pump anymore. I just hated it so bad. I kept an eye on his weight, we finally got into the cranio therapist. She was gracious enough to show my mom how/ what to do, and he's been progressively gaining and doing better with nursing better since. I occasionally use the hand pump and haakaa to get a bottle ready. I'd love to have some milk in the freezer but I haven't been able to talk myself into using the big pump again just yet.",
https://www.instagram.com/p/CpK_aN0oYSh/,CpK_aN0oYSh,life.with.the.summers,"Going on month three of triple feeding, HOWEVER, I don't pump after every feed, as it's too much for me since husband went back to work.",
https://www.instagram.com/p/CpK_aN0oYSh/,CpK_aN0oYSh,larazz,Triple fed for way too long  Some says it brought me to tears of frustration and exhaustion. Baby wasn’t gaining weight or following his curve and my milk supply was inconsistent. Very stressful time. Finally made decision to feed by breast when my breasts were full and otherwise offer formula.  Best decision ever. For me and for baby.,
https://www.instagram.com/p/CoNJBxGuVTS/,CoNJBxGuVTS,tamarrafriedrichsen,Thank you for saying this!! It has made me feel so much better about our journey!,
https://www.instagram.com/p/Cn4I8AYO3hL/,Cn4I8AYO3hL,browntownbees,I read these like I’m still in the trenches. You are the best! Mama’s are so lucky to have you😆,
https://www.instagram.com/p/Cn4I8AYO3hL/,Cn4I8AYO3hL,lucyndabee,If only that help was actually given by the medical professions 😢,
https://www.instagram.com/p/Cn7bM8ftXPa/,Cn7bM8ftXPa,bon_and_bear,So well said ❤️ Right there with you having triple fed both my babies. It’s tough!,
https://www.instagram.com/p/CoVZWyRyfE4/,CoVZWyRyfE4,lizjackson2276,My heart and prayers go out to you our beautiful daughter!!! Your such a good mama pumping that liquid gold for our granddaughters...we love you 😍 😘,
https://www.instagram.com/p/CoAULQCtFl3/,CoAULQCtFl3,us_with_a_baby,Sounds so familiar. Just waiting with desperation for my milk supply to increase 😫🙏🏻,
https://www.instagram.com/p/CoAULQCtFl3/,CoAULQCtFl3,sarahmcgurdy,"I can’t put into words how grateful we are for you Nikki ❤️ you were our lifeline from the moment we met you - you guided us though our hospital stay when the drs wanted to introduce unnecessary medicines and you’ve single handedly saved my breastfeeding journey and robyns health! From advising us of the underlying issues, telling me which pump to use, how to pump, when to pump, how to breastfeed effectively, I could go on and on. You’ve saved us as a family nikki and we will forever be in awe of your knowledge and kindness ❤️",
https://www.instagram.com/p/CoAULQCtFl3/,CoAULQCtFl3,julie_ann_the_doula,"This is the update I forgot I needed!!!! Following this story is just so intense. So so so so very angry and frustrated at all of those “professionals” who failed to do their jobs, or the failure to incorporate this TT assessment into their roles… or even to consider it. 

The triple feeding method is just so very difficult but WOW it has totally paid off. You must be very proud of them all ❤️",
https://www.instagram.com/p/CoAULQCtFl3/,CoAULQCtFl3,ambrinejohnson,Thank goodness for people like you!,
https://www.instagram.com/p/CoAULQCtFl3/,CoAULQCtFl3,daniellethe_doula,Makes me FURIOUS. Thank goodness they were able to access quality support eventually. This family needs a medal for their perseverance 💗 triple feeding is so damn hard!,
https://www.instagram.com/p/CoAULQCtFl3/,CoAULQCtFl3,abbies.healing.corner,So so frustrating 😔😔😔 Glad they found you and were able to turn things around x,
https://www.instagram.com/p/CoAULQCtFl3/,CoAULQCtFl3,daniellebrooks91,"Makes me so angry Nikki, thank goodness for angels like you 💜",
https://www.instagram.com/p/CoGSyazLQ-U/,CoGSyazLQ-U,bossdoublea,I am so proud of you ❤️,
https://www.instagram.com/p/CoGSyazLQ-U/,CoGSyazLQ-U,shots_x_nathelie,"Breastfeeding can be such an emotional journey (it definitely was for me), but you got this mama! 😘",
https://www.instagram.com/p/CnweOshDPBD/,CnweOshDPBD,alex.m.ahm,"This is exactly what I have been instructed to do to get baby’s weight up, with absolutely no long term plan in place. It’s killing me mentally!",
https://www.instagram.com/p/CnweOshDPBD/,CnweOshDPBD,ruthjohnstonmusic,Haha this feels very familiar to our convo yesterday 😂,
https://www.instagram.com/p/CnweOshDPBD/,CnweOshDPBD,catrinastropicskincare,"I did this with Ryan. I’m saying that, that was 9 years ago and I had very little to no support. I had better support when James came along (5years ago) so didn’t need to x",
https://www.instagram.com/p/CoGGLelvP5n/,CoGGLelvP5n,pamelalefave,Good for you! And Lex!,
https://www.instagram.com/p/CoGGLelvP5n/,CoGGLelvP5n,misspam1029,Yaaay!!! Good job Mama ❤️,
https://www.instagram.com/p/CnkDOT-sxQ6/,CnkDOT-sxQ6,teachersworklifebalancecoach,"Love this, I think we all need a cuddly elephant in our life 💜",
https://www.instagram.com/p/CnLY9fgNsUZ/,CnLY9fgNsUZ,cherishhollandd,Just don’t go 😂 😅 but this list is good 🙌,
https://www.instagram.com/p/CnLY9fgNsUZ/,CnLY9fgNsUZ,the_trippy_hippie__,"What would you recommend saying when they try to push alternative milk (almond, cows, etc) just because they are over a year old.",
https://www.instagram.com/p/CnLY9fgNsUZ/,CnLY9fgNsUZ,shelleybells89,That’s comforting seeing the toddler post as my little one is 20 months and I still BF as I want to do it until 2 (no idea how I’ll wean as it’s how he sleeps) but I get a lot of judgment for still breastfeeding and it really gets to me!,
https://www.instagram.com/p/CnLY9fgNsUZ/,CnLY9fgNsUZ,jenborules,I didn’t know that about allergens! That makes me feel better ☺️,
https://www.instagram.com/p/CnLY9fgNsUZ/,CnLY9fgNsUZ,judysbarr,Can you explain the very last one please about the toddler milk please ?,
https://www.instagram.com/p/CnLY9fgNsUZ/,CnLY9fgNsUZ,trucopt,All of this! I am glad I listened to my pediatrician and started introducing my baby to peanut butter and other solids at 4 months though. The kid eats everything and has no allergies! It didn’t affect nursing at all either.,
https://www.instagram.com/p/CmL8H3vMyPC/,CmL8H3vMyPC,teachersworklifebalancecoach,Bless her. Take care both of you 💜,
https://www.instagram.com/p/CmL8H3vMyPC/,CmL8H3vMyPC,staningels,Rachel you look great! Xx,
https://www.instagram.com/p/CmL8H3vMyPC/,CmL8H3vMyPC,daysoutwith3bears,"Keep going, you're both doing great!",
https://www.instagram.com/p/CmmW1LZsoiF/,CmmW1LZsoiF,adriana.the.artist,"Way to go supermom !! Merry Christmas! If you'd like an art, lemme know ❤️ I'm Adriana 💟",
https://www.instagram.com/p/CmmW1LZsoiF/,CmmW1LZsoiF,boobingit,"Wishing you and your family a wonderful Christmas, and happy and healthy new year. Go mama!! Xo",
https://www.instagram.com/p/CmmW1LZsoiF/,CmmW1LZsoiF,themonkeymashup,Have a wonderful Christmas ❤️,
https://www.instagram.com/p/Cm8xGFAM85O/,Cm8xGFAM85O,travel_with_carmen_,Great to have breastfed for 7 months! What pump did you use?,
https://www.instagram.com/p/Cm8xGFAM85O/,Cm8xGFAM85O,fraupowuk,You should be so proud! Thank you for sharing and please do make use of our free midwife service if you need to discuss any other issues (breastfeeding or postpartum up to a year),
https://www.instagram.com/p/CmE8U5gJt8A/,CmE8U5gJt8A,okcvivids,"I do this and absolutely love this method! I can give my husband a bottle to feed baby when he gets home from work, and I’m building a stash!",
https://www.instagram.com/p/CmE8U5gJt8A/,CmE8U5gJt8A,becauseofbebe,I parallel pumped with my oldest before I went back to work to build my stash. It worked so well I ended up donating most of it❤️,
https://www.instagram.com/p/CmE8U5gJt8A/,CmE8U5gJt8A,jlandry8718,Will the baby be full from just one side is the other side has been pumped before offering?,
https://www.instagram.com/p/CmE8U5gJt8A/,CmE8U5gJt8A,ramyasree.kakaraparthy,I'm in 3rd month of feeding. Can i increase my supply now with this parallel pumping @juneandlily .please let me know,
https://www.instagram.com/p/CmE8U5gJt8A/,CmE8U5gJt8A,geetanjalib,Hi @juneandlily is this only for new moms ? my baby is 4 months old. Can I also follow this method too ?,
https://www.instagram.com/p/CmE8U5gJt8A/,CmE8U5gJt8A,brendadallo_,Is switching a concern when it comes to baby receiving the fatty part of the milk?,
https://www.instagram.com/p/CmE8U5gJt8A/,CmE8U5gJt8A,groundingsource,"Does nurse pump feed mean that you nurse, pump, then feed baby from a bottle? Is that if baby isn’t gaining weight or something?",
https://www.instagram.com/p/CmXLNXBs8m3/,CmXLNXBs8m3,roonie_crypt_,"Hope you get good news from your BF consultant, she's adorable with her little fingers holding her Mummies ❤️ fingers crossed you can relax a bit over Christmas xx",
https://www.instagram.com/p/CmXLNXBs8m3/,CmXLNXBs8m3,boobingit,This is wonderful news!! Well done on your determination to keep going and make it work 💪,
https://www.instagram.com/p/CmXLNXBs8m3/,CmXLNXBs8m3,lifeattarget,Well done you! ❤️ You're working so hard. Have you tried an SNS?,
https://www.instagram.com/p/Cm_S5cyIn0t/,Cm_S5cyIn0t,knitmammy,Congratulations! What an amazing victory!,
https://www.instagram.com/p/Cm_S5cyIn0t/,Cm_S5cyIn0t,was_ich_mag_,My utmost respect for your great work!!,
https://www.instagram.com/p/Cm_S5cyIn0t/,Cm_S5cyIn0t,readysetsarah,That’s amazing you were able to over produce and donate! You’re a rockstar and the babies who received your milk are lucky you made the choice to do the work! 👏,
https://www.instagram.com/p/Cm_S5cyIn0t/,Cm_S5cyIn0t,lutinelle,Je continue d'halluciner devant ton exploi. Bravo ! Une warrior d'être passée par tout ca,
https://www.instagram.com/p/Cm_S5cyIn0t/,Cm_S5cyIn0t,doro1huebner,"Your story is incredible, I am so glad that your baby is thriving! I did not know that it was possible to donate breast milk.",
https://www.instagram.com/p/Cl487vPg1iG/,Cl487vPg1iG,ingridmarie_87,@_rachelruth you are amazing for doing this as long as you did!,
https://www.instagram.com/p/Cl487vPg1iG/,Cl487vPg1iG,newearthbirths,Oh don’t I know that one… 5 weeks we lasted for. Nearly killed me,
https://www.instagram.com/p/CmE8bCjMwcR/,CmE8bCjMwcR,heather_freddieandreggie,Highly recommend @boobbix  products to increase supply!,
https://www.instagram.com/p/CmE8bCjMwcR/,CmE8bCjMwcR,dannileggettfarrow,Around 6 weeks many people thing there supply drops because they don’t feel so full and they don’t get as much let down.  You body around this age becomes established and knows what to make.  If baby is having plenty of wet nappies then all you need to do is keep feeding and stay hydrated.  If he gets fussy his simply upping your supply and letting you body know what he needs xx,
https://www.instagram.com/p/CmE8bCjMwcR/,CmE8bCjMwcR,katie1990williams,"Are you sure your supply has dropped , is he still having plenty of wet nappies ? . The fact he seems hungry and is feeding more could be a growth spurt he’s having . I’ve always fed my baby’s every 1-2 hours for almost the first 12 weeks and some times they would go days where they would only go 20-30 minutes between feeds . Steady weight gain and wet nappies are what to look for .. not how hungry he seems after a feed . The more you feed him and stretch his tummy the more hungry he will be . . Cluster feeding can go on for days .. your doing great just keep that boy on the boob and ride the waves. If your concerned ask to have him weighed and then re weighed in 7-10 days . Pumping is absolutely not anything to go by when it comes to supply . ❤️",
https://www.instagram.com/p/CmE8bCjMwcR/,CmE8bCjMwcR,scarletharvest,Are you able to get domparidome where you live? It made me go from 2 oz a day to 32 oz a day,
https://www.instagram.com/p/CmE8bCjMwcR/,CmE8bCjMwcR,meganjkingshottx,"If you can grab some of the seven seas breastfeeding vitamins, lots and lots of water, oats i’ve heard really help worth supply and coconut water/milk! I wish you all the best, if you are on facebook, there is a group I’m in and they are so helpful with lactation experts that have helped create the group x",
https://www.instagram.com/p/CmE8bCjMwcR/,CmE8bCjMwcR,keepingupwithjaxonxx,If you don’t already follow milkmakingmamas on TikTok!,
https://www.instagram.com/p/CmE8bCjMwcR/,CmE8bCjMwcR,charlotteollisbrown,I’ve always had a low milk supply and found Fenegreek tablets have really helped boost my supply 😊,
https://www.instagram.com/p/CmE8bCjMwcR/,CmE8bCjMwcR,nubin,Him being hungry is the best tool you can have in upping supply again. Lots of skin to skin and responsive feeding and he'll help so the rest. It's gruelling but possible. Good luck!,
https://www.instagram.com/p/CmE8bCjMwcR/,CmE8bCjMwcR,ceri_penney23,"You don’t need to do any smoothies, just do some power sessions and skin to skin and feed feed feed. He’s probably going through a growth spurt! Bottles won’t help but boobing a lot will xx",
https://www.instagram.com/p/CmE8bCjMwcR/,CmE8bCjMwcR,layla_and_mummy_est.2019,Hey. I’m currently almost trained to be a feeding support worker. One more training session so very very nearly there. If you need any tips then feel free to pop me a message ❤️,
https://www.instagram.com/p/CmE8bCjMwcR/,CmE8bCjMwcR,gizmo_kittenlife,I have found my little girl seems more hungry now her tongue tie has been cut. I have just been advised to feed on demand as long as she wants and she will up my supply!,
https://www.instagram.com/p/Clkmdh5S8TM/,Clkmdh5S8TM,annie_ambm,"I had to do this with my newborn for the first few weeks. It was exhausting - constant cycle of feeding, pumping, waking",
https://www.instagram.com/p/Cl8lI-IsMvs/,Cl8lI-IsMvs,kathrynstaggibclc,Hey you know you don't need to sterilise the pump each time?,
https://www.instagram.com/p/Cl8lI-IsMvs/,Cl8lI-IsMvs,lifeattarget,Sending you love and solidarity. Triple fed both mine for far longer than I'd ever recommend...but still tandem feeding them at 3 and 1! Took a lot of grit and determination but got there. Switch feeding and an SNS were game changers for us. Hope you can start reducing down those top ups soon and get back to 'just' boob. Sounds cliché but my inbox is always open if you want to chat with someone who's been there and gets it! ❤️,
https://www.instagram.com/p/Cl8lI-IsMvs/,Cl8lI-IsMvs,boobingit,Triple feeding really is exhausting and boobingit mama @lifeattarget really knows what it feels like to be on this path. Sending love to you ❤️,
https://www.instagram.com/p/Cl8lI-IsMvs/,Cl8lI-IsMvs,alliedowman,Craniosacral therapists are wizards. I’m sure of it. It’s actual magic 🪄 xx,
https://www.instagram.com/p/Cl8lI-IsMvs/,Cl8lI-IsMvs,kidscuddlesandmuddypuddles,#parenthood #selfdoubt #postnatalmentalhealth #mumblog #mummyblogger #mumsofinstagram #mumswhoblog #parenting #parentblogger #blogger #kids #children #kidscuddlesandmuddypuddles,
https://www.instagram.com/p/CpK_aN0oYSh/,CpK_aN0oYSh,stepping_stones_269,"Triple fed for 4.5 months due to low supply and infant ineffective milk removal. Had tongue tie released at 4 days old and extensive cranial sacral, chiro, osteopathic manipulation treatment, saw 5 LCs. I used donor milk and did modified triple feeding (only sometimes) when I was with my baby. At work I pumped. Baby finally removed milk at 6.5 months at which time we finally were breastfeeding. I continued to struggle with supply and he wasn’t getting enough calories. I started domperidone at 8 months and it changed my life. Next baby I’ll be sure to have some on hand. Now I have been off donor milk for 3 months and pumping all he needs, have my first 10 bags frozen ever. Likely will end of donating those bags because he is a year old now and drinking less and less. Triple feeding wrecks mental health. I am glad we stuck with it. I tried everything except domperidone. Next time I’ll probably have a different issue.",
https://www.instagram.com/p/CpK_aN0oYSh/,CpK_aN0oYSh,chelslawrence3,Did this with my first. Wouldn’t think of doing it with my next baby. I’ll keep my sanity and buy formula 🙌,
https://www.instagram.com/p/CpK_aN0oYSh/,CpK_aN0oYSh,kateskate15,I wish I saw this post a year ago! I was sent home from with our twins with no plan or education on how/when to stop triple feeding. I was mentally/physically exhausted after three months and decided it was best for me to stop nursing and pumping all together. Thanks for sharing this post!,
https://www.instagram.com/p/CpK_aN0oYSh/,CpK_aN0oYSh,c_denagano,I triple fed for a few months until it completely mentally and physically depleted me. Switched to bottle feeding pumped milk + formula and felt so much happier! We called triple feeding “tres leches” 😂,
https://www.instagram.com/p/CpK_aN0oYSh/,CpK_aN0oYSh,burtoncarla,"Triple feeding was the toughest time ever and it lasted for the first couple of months for me because weight gain was slow to begin even with formula top ups, my daughter is 18 weeks now and is a little chunk I stopped the expressing for a month when she was 3 months because it was killing me and I felt I had no life, this was good as it meant we got out and attended more groups etc however I wanted her to become exclusively breast fed and not reliant on formula top ups (mostly due to reflux issues) so I slowly reduced the formula and started to Express again in the night, this meant for the first time ever I was able to build a supply of milk in the fridge and if she needed a top up I used that milk (instead of formula) and if there was any left over the next day i would freeze it for future use use. I have managed a whole 2 weeks now without any formula top ups and my daughter is healthy and happy finally. I would have loved to have seen this post sooner but I am just pleased to be past this stage now",
https://www.instagram.com/p/CpK_aN0oYSh/,CpK_aN0oYSh,dancing_dandelion_farms,"I triple fed seven times over 24 hrs for 3 months until my pre-term, tongue-tied, reflux baby finally learned to fully breastfeed. It was the hardest most exhausting thing I've ever done.",
https://www.instagram.com/p/CpK_aN0oYSh/,CpK_aN0oYSh,cxbnative,I tripled fed when I was in the hospital and when I left. I was never told “what to do next”. I ended up trip feeding for 5 weeks before I had a breakdown from pure sleep exhaustion. Turns out I was over feeding just due to ignorance. Ended up switching to exclusively pumping. And then at 3 months weaned her off the bottle and exclusively nursed. Then at 6 months I went back to work and combo fed pumped milk and breast.,
https://www.instagram.com/p/CpK_aN0oYSh/,CpK_aN0oYSh,stephcasey_pi,"I did triple feeding with my preemie for 6 weeks. He was 6 weeks early at the 0.5 percentille in height and weight, now at 90 percentille in both. So lootttssss of milk to get there. Still going strong with breastfeeding at 9 months 🥰",
https://www.instagram.com/p/CpK_aN0oYSh/,CpK_aN0oYSh,cherishmarisa,"Kept up triple feeding for about 8 weeks. It. Was. Exhausting. We then got to a stage where baby could better handle more breastfeeds, and I could scale back pumping. Now, I love that we have the freedom to either give him a bottle or breastfeed. But man, what a journey that was",
https://www.instagram.com/p/CpK_aN0oYSh/,CpK_aN0oYSh,_samandersonx,This is how I ended up with mastitis 😭,
https://www.instagram.com/p/CpK_aN0oYSh/,CpK_aN0oYSh,sydzzey,We did this for about five weeks. It was hell!! We switched to formula after mastitis and thrush. Enough was enough for my mental health. Fed is best!! We were both so much happier after the switch!,
https://www.instagram.com/p/CpK_aN0oYSh/,CpK_aN0oYSh,kellevictorea,"Get a super supportive, and dedicated husband!!💕",
https://www.instagram.com/p/CpK_aN0oYSh/,CpK_aN0oYSh,phitjon,I didn't know there was a word for it. I did it the first few days for my newborn because he couldn't latch well. 😮,
https://www.instagram.com/p/CpK_aN0oYSh/,CpK_aN0oYSh,katiejones10414,"Triple feeding was awful. Did it for a month and do not recommend. It was so mentally draining. My lactation consultant just kept telling me to keep going. Ultimately, I ended up using formula and was a much happier person. That was with my first child. At least I knew what I was getting into with number 2 and 3!",
https://www.instagram.com/p/CpK_aN0oYSh/,CpK_aN0oYSh,maaaaaariale,"Yes, I’m triple feeding for the last 4 months. It’s hard but it’s the only way my baby can consume breast milk (expressed and direct from my breast)… doing all this still need to complement with formula",
https://www.instagram.com/p/CgxIUpKOXkE/,CgxIUpKOXkE,lion1232387,Send pic to 👉 @super_.kids 2M💖,
https://www.instagram.com/p/Cgu2vHmPR5C/,Cgu2vHmPR5C,lissamariekoffler,This is awesome that you pushed through. My friend just got certified as an IBCLC. Wish I had more support when I first gave birth,
https://www.instagram.com/p/CiK-uvPBxpM/,CiK-uvPBxpM,aelainewinter,Triple feeding is the worst 😫 I have done it for the first two weeks of my babies’ lives until we get to the ENT. And it is the hardest two weeks.,
https://www.instagram.com/p/CiK-uvPBxpM/,CiK-uvPBxpM,star_beauty_015,Send me post on @support._moms,
https://www.instagram.com/p/CiItBNPItXw/,CiItBNPItXw,milkitmama.ie,September is the month! 🙌😂,
https://www.instagram.com/p/CiItBNPItXw/,CiItBNPItXw,lisajoycedoula,More than happy to share. I've had three very different experiences which goes to show each time is new.,
https://www.instagram.com/p/CguY8eZrypQ/,CguY8eZrypQ,taytayypaige,Love this! It’s a beautiful thing 🤍,
https://www.instagram.com/p/Cgt6WetM39o/,Cgt6WetM39o,loisjasmine_,You’re doing amazingly well 🌟 so sorry that you didn’t receive the support you deserved 😢 super mum xxx,
https://www.instagram.com/p/Cgt6WetM39o/,Cgt6WetM39o,a.tale.of.2,🙌🏻 You’re genuinely doing amazing! I really wish midwives and health visitors were better trained in breastfeeding. Doctors too! Some don’t have a clue,
https://www.instagram.com/p/Cgt6WetM39o/,Cgt6WetM39o,frithonlife,"You’re doing amazing! I had to pump exclusively for a while with my first and it was utterly exhausting. You’re so right, mothers are being failed time & time again. Breastfeeding is important and it deserves to be properly funded. Sending love ❤️",
https://www.instagram.com/p/Cgt6WetM39o/,Cgt6WetM39o,cestrianmama,You’re doing amazing. You’re the best mummy that Merryn could wish for 🌟,
https://www.instagram.com/p/Cgt6WetM39o/,Cgt6WetM39o,b3cky_fie,You’re bloody Super Woman! 👏😍,
https://www.instagram.com/p/Cgt6WetM39o/,Cgt6WetM39o,bryce_and_cleo,"You are doing so so well. We haven’t had it as hard but those initial few weeks were torture.
Well done for persevering!",
https://www.instagram.com/p/Cgt6WetM39o/,Cgt6WetM39o,our.ecoish.life,"Sending so much love. The lack of support is astonishing! The go to rather than actually help people whatever the issue is top up with formula. I've nothing against formula jut feel women should get far more help give their babies boob milk, however they choose",
https://www.instagram.com/p/Cgmc74lMwnS/,Cgmc74lMwnS,leacottle,You're doing great Jojo. Both girls are thriving. We love you ❤️❤️,
https://www.instagram.com/p/Cgmc74lMwnS/,Cgmc74lMwnS,a.tale.of.2,I had baby blues with both girls :( I’m sure you’ll smash the solo parenting! x,
https://www.instagram.com/p/Cgmc74lMwnS/,Cgmc74lMwnS,clothbumscic,It can be so very lonely and isolating. Always hear if you want a chat about boobs or anything else,
https://www.instagram.com/p/Cgmc74lMwnS/,Cgmc74lMwnS,positively_katiebee,You’ve honestly been doing so well. I’m not surprised you had baby blues. It was a lot to deal with at once ❤️,
https://www.instagram.com/p/Cgmc74lMwnS/,Cgmc74lMwnS,katherinengb,I’m so glad you’re feeling better! Xx,
https://www.instagram.com/p/CeHS4iDuAsK/,CeHS4iDuAsK,amandaeasterly,Poor baby. 😥 Ties suck. I am glad you are a team together. Have y'all scheduled a release or talked to a myo therapist yet? ❤️,
https://www.instagram.com/p/Ch50zdQpDAh/,Ch50zdQpDAh,supportedsleep,"So frustrating that parents have to worry about this sh*t instead of just having truly informed care providers, but given that this is reality, these are very helpful tips!!",
https://www.instagram.com/p/Ch50zdQpDAh/,Ch50zdQpDAh,the_sparkling_mom,How did you know we have a weight check on Friday! Never once did they push formula on me with my 5 lb tongue and lip tied baby. They believed I could put in the work to triple feed and get to the proper weight! Just had the tie released over a week ago!,
https://www.instagram.com/p/Ch50zdQpDAh/,Ch50zdQpDAh,hannabella_craig8,Love these tips! 👏 still hate when she steps on the scale at the doctors office and she’s three. The months of weight checks when she was totally fine still frustrate me! 🥺,
https://www.instagram.com/p/Ch50zdQpDAh/,Ch50zdQpDAh,birth_andbecoming,"Joey was the king of blow outs right before we’d have a weigh in. 
We joked if he was ever constipated, we should schedule a weight check. 🤣",
https://www.instagram.com/p/Ch50zdQpDAh/,Ch50zdQpDAh,kristaintheether,I always used to feed right before a weight check. I thought maybe I was “cheating”… glad to see you recommend it! 🙃,
https://www.instagram.com/p/Ch_QLRQqEqX/,Ch_QLRQqEqX,still_slambie,"Great work, momma. Hang in there with those early AM feeds. 🔥🙌",
https://www.instagram.com/p/CiHb53UJbik/,CiHb53UJbik,_thefreefolk,@ash.lynn.ann hey lovely! This is Emma who I was talking about the other night 🔥,
https://www.instagram.com/p/CiHb53UJbik/,CiHb53UJbik,grateful__mamma,Several gps told me to stop my ‘extended feeding’ at 13 months because I was tired 🤦‍♀️,
https://www.instagram.com/p/Cd8ALe6g5Wm/,Cd8ALe6g5Wm,miss_casey_m,My babe is 3 weeks old and struggling to BF I have 2 other children whom I breastfed for over a year exclusively each one. Lactation consultant has told me to pump and give her bottle as she is not gaining weight. And now I’m having a problem with my let down and supply thinking of going on domperidone what are your thoughts,
https://www.instagram.com/p/Cd8ALe6g5Wm/,Cd8ALe6g5Wm,kaykaymok,"Thanks for this post! I really needed to hear it. Baby is having a mare at the boobs after 5.5 weeks of minimal problems to then turn into a beast at the breast! Won't latch properly and if she does, she tugging and moaning. I've resorted to a pump and bottle day and try again on the breast tomorrow. xxx",
https://www.instagram.com/p/Cd8ALe6g5Wm/,Cd8ALe6g5Wm,katherine.steer,@harryfmlamont oh my gosh just watched this post and I already love her. She’s nailed so much in this post!,
https://www.instagram.com/p/Cd8ALe6g5Wm/,Cd8ALe6g5Wm,craftydutchie,We started combi-feeding and pumping to increase supply when my little lost almost 12% of her birth weight in the first few days and I was threatened with readmission to hospital. I do think determination has got me through it (also many tears and much frustration) and little by little I phased out the formula. A year in her latch still isn't great and gets worse as more teeth arrive but we plough on. I can see how it's not helpful or even insulting to say people stopped because they weren't determined enough but looking back it certainly was a big factor in my not giving up.,
https://www.instagram.com/p/Cd8ALe6g5Wm/,Cd8ALe6g5Wm,talesofanactivemum,Breastfeeding is probably the hardest thing I have ever done n in all honesty if I felt my baby would feed from a bottle n be able to get the nutrition he needed without being on the boob I would have given up by now. We are just over 5 months in and I'd do anything to find away to feed my baby that made us both happy.,
https://www.instagram.com/p/Cd8ALe6g5Wm/,Cd8ALe6g5Wm,odolena,"My mom was super determined to breastfeed me as a baby, but 1980-ies hospital practice was so not helpful( no early skin to skin contact, they fed formula before even giving the baby to the mom) she ended with a low milk supply. It's such a trauma for her, she suffered years later on. On the other hand everything worked well for me and my baby, but it does require determination in the early days even for a straight forward born baby and mom with lots of supply. You simply have no idea how often a newborn actually needs to eat, you can easily think she's not getting enough...",
https://www.instagram.com/p/Cd8ALe6g5Wm/,Cd8ALe6g5Wm,carlenel85,"I'm on day 3 , I'm struggling with the cluster feeds . Have twins who are 5 in the mix also , no sleep is a killer baby feeding all the time! Not sure how long I can continue 😭😭😭",
https://www.instagram.com/p/Cd8ALe6g5Wm/,Cd8ALe6g5Wm,_dawnmartin_,I had to pause at the beginning because that idea of ‘keep going it gets easier’ ‘don’t give up on a bad day’ or the idea determination = success is SUCH harmful bullshit and it really triggered something in me. If determination was the key to success then breastfeeding grief wouldn’t exist! Argh it makes me so angry! I really appreciated the message at the end thank you.,
https://www.instagram.com/p/Cd8ALe6g5Wm/,Cd8ALe6g5Wm,sewingseedsmontessori,"I prepared so much for all eventualities labour wise during my pregnancy… when my home birth turned into a quick ride to the hospital and an emergency C-section I was able to keep calm and still enjoy the experience. (Amazing midwives and doctors at our local hospital helped big time here). I wish I put as much time into researching my post natal journey as I did my birthing one, especially what my feeding journey could look like… I totally didn’t understand the value of colostrum harvesting when it was mentioned antenatally, in a pregnant haze I never fully soaked in it’s value… nor pushed myself to look into bottle types to get stuff ahead of time (that didn’t get mentioned in the birth bag lists… just that one should avoid introducing a bottle too early - but what if needs must as it has with our combo feeding life!) I think if I had researched more I wouldn’t have been struck by so much guilt when I found myself stuck on a hospital ward following complications for our baby post surgery, struggling to use their pump on my odd shaped nipples, not knowing what I know now about massaging my breasts and hand expression techniques, bruising my nips with the wrong size flanges on the hospital pump… crying as we had to opt for bottle feeding to help our baby gain weight whilst they waited for their severe tongue tie to get cut. Things can get complicated is what I mean… and if only I’d cut myself some slack rather than blaming myself and empowered myself earlier antenatally with what I’m finding out now (my baby is coming on 3 weeks) a lot of stress and tears may have been avoided! All journeys look different, and fed is best!",
https://www.instagram.com/p/Cd8ALe6g5Wm/,Cd8ALe6g5Wm,emilygallowayx,"Absolutely!!! I ended up with horrendous mastitis, so bad that I was hospitalised for 2 nights and forced myself to feed through it. My family genuinely begged me to stop but sheer determination, stubbornness and love of the wonderful bond feeding helped me build with my beautiful little boy made me keep going! Now 4 months on and little one feeds like a dream. The pain was excruciating, I cried out in pain every time he latched and it was the hardest experience of my life but so glad I did it 🥰 we have come so far and so worth it all xx",
https://www.instagram.com/p/Cd8ALe6g5Wm/,Cd8ALe6g5Wm,rebecca.riley12,"Determination is a factor into breastfeeding but not the only one. I was determined to feed my first born but after tongue tie, latch issues due to flat nipples (which resulted in horrendous pain, 45-60 mins trying to get him on and lots and lots of tears), moving to use nipple shields, and my determination to the detriment of my mental health, unfortunately my supply dwindled down to the point that we only made it to 3 month's (an achievement in itself despite all our issues). Fast forward 3 years to my second baby, she latched on 15 mins after birth (compared to 10hrs and not without many attempts with my son), having nipple shields in the weaponry to help with her latch and aside from a couple of top ups in the first week of life, we have just passed 6 months. It is tough in the beginning, especially when cluster feeding, and takes a lot of faith to know that baby is getting milk and trying to boost supply, rather than having no milk for them during that time or when you are going through a rough patch to get established. So was I more determined with my second? No. Just a different baby. If anything I was more determined with my first for sticking with it for as long as I did despite the issues. I was determined to try with my second but also not let it get the better of my mental health. So having been on both sides of breastfeeding, determination is part, but certainly not the be all and end all to a breastfeeding journey.",
https://www.instagram.com/p/Cd8ALe6g5Wm/,Cd8ALe6g5Wm,yardgirlmargate,"I’d say so. Nearly gave up so many times. Shallow latch, blisters, pain, blocked ducts only taking one breast. Really glad I kept going with it. 4 months in and it’s getting easier.",
https://www.instagram.com/p/Cd6Q4NXu6Jy/,Cd6Q4NXu6Jy,getmothersprout,"Hey momma @roadtorainbow , we LOVE this breastfeeding post and we think our momma audiences will, too! Can we ask your permission to repost this photo to our social media channels (we'll give full credits). Please reply and tag @getmilksta +#letitflow.🔥❤️",
https://www.instagram.com/p/Cd6Q4NXu6Jy/,Cd6Q4NXu6Jy,deeyahne,Struggling but will never give up 😢🙏,
https://www.instagram.com/p/Cd6Q4NXu6Jy/,Cd6Q4NXu6Jy,spaceypenguink,My journey is going good. He was in Nicu for a week after birth so it was hard to feed him. He had jaundice so they wanted him to take formula. I was great with that. Came home. Been breastfeeding and formula for almost 4 months now. One boob is bigger than the other. 🤣🤣That’s my struggle right now. Stay strong momma,
https://www.instagram.com/p/Cd6Q4NXu6Jy/,Cd6Q4NXu6Jy,mrs.dhammond,Breastfeeding has not been the experience I had expected. My baby is now 4 weeks old and we started with cracked bleeding nipples. Supply issues led to combination feeding/supplementing with formula. I think my supply is better but now baby is preferring a bottle to my nipples and I'm not sure I have the strength to just pump. We see the specialists on Wednesday but the anxiety and guilt I feel through all of this has been so hard. So glad for those who can exclusively breast feed. I wish it was my reality but it just isn't!,
https://www.instagram.com/p/Cd6Q4NXu6Jy/,Cd6Q4NXu6Jy,phoenixrayofficial,"Breast, pump and NG tube 💪",
https://www.instagram.com/p/Cd6Q4NXu6Jy/,Cd6Q4NXu6Jy,kalley_shelley,"Pumped/tried to breastfeed my first.  She was a preemie, so we actually added formula to my breast milk to give her extra calories to help her grow.  She developed a preference for the bottle really early on. So much so breastfeeding led to tears for us both. Switched from a hospital grade pump to a regular one and I dried up around 3 months.  Formula from then on.  Exclusively breastfeeding my second girl. We're going on 5 months, and she refuses a bottle!  Such a different experience.",
https://www.instagram.com/p/Cd6Q4NXu6Jy/,Cd6Q4NXu6Jy,_jennifercooper,"With my son I wanted to strictly pump because I didn’t want a baby on my boob. When I had him, I was just completely overwhelmed with being a first time mom and hormones, etc. so I only pumped about a week and told my hubby for my own peace to go get formula and he did. Best decision I could’ve made! 🙌 now, I’m 36 weeks pregnant with our baby girl and since this may be our last baby I really have had a change of heart and I want to give breastfeeding my best shot.",
https://www.instagram.com/p/Cd6Q4NXu6Jy/,Cd6Q4NXu6Jy,athenasangulo,I had such a love/hate relationship with breastfeeding!!,
https://www.instagram.com/p/Cd6Q4NXu6Jy/,Cd6Q4NXu6Jy,mybeautifulblunder,You’re doing amazing babe! I breast fed and pumped for a year for all of them! Just worked better that way,
https://www.instagram.com/p/Cd6Q4NXu6Jy/,Cd6Q4NXu6Jy,carriestaunton,I had really severe postpartum depression with my first that was triggered by extreme challenges with breastfeeding so I switched to formula very early on. I needed that relief for my mental well-being. I’m always in such awe of moms who breastfeed…it’s truly one of the hardest aspects of mothering in my opinion. Part of my wishes I had the breastfeeding experience but my daughter thrived on formula so it all worked out the way it was meant to for us.,
https://www.instagram.com/p/Cd6Q4NXu6Jy/,Cd6Q4NXu6Jy,cheerfulcactus13,"Ugh, yes, we had to triple feed for the first six weeks and it was so so so hard. 😔 We finally discovered a tongue and lip tie and got them revised, which turned things around. It was tons of work, but I was too stubborn to quit. So glad I held on because once we got there, it was magic! 18 months in and she's nearly done nursing (😢), but I have loved every difficult moment. 💗",
https://www.instagram.com/p/Cd6Q4NXu6Jy/,Cd6Q4NXu6Jy,b___e___t___h___,"🙌 Fantastic new mama.  This is similar to my experience, triple feeding with a supply line for 13 weeks after a tongue tie was corrected but now Bub is feeding well!  We’re now trying to overcome the teething hurdle.  Five teeth before six months is a lot.",
https://www.instagram.com/p/Cd6Q4NXu6Jy/,Cd6Q4NXu6Jy,livinlifewells,Wow quite the journey so happy for you it’s working out now,
https://www.instagram.com/p/Cd6Q4NXu6Jy/,Cd6Q4NXu6Jy,camara.crew,Im so glad your journeys worked out for you both in the end❤️,
https://www.instagram.com/p/CeCuoP3PQAJ/,CeCuoP3PQAJ,chloe_mcleod_dietitian,❤️❤️❤️❤️❤️ nearly 13 months in for #2 - hard but worth it 🙌,
https://www.instagram.com/p/CgQaH3OMzrd/,CgQaH3OMzrd,brittmara_,So alarming! Only 25%?! 😞,
https://www.instagram.com/p/CgQaH3OMzrd/,CgQaH3OMzrd,milkylove.co,#normalizebreastfeeding #dropthecover #triplefeeding #exclusivebreastfeeding #breastfeedingwithoutfear #breastfedbaby #breastfedbabies #breastfeedingeducation #breastfeedingeducator #breastfeedingpreparation #prepareforbirth #colostrumharvesting #collectcolostrumwithme #milkylovelactation #lactationcookies #empoweredmama #powerpumping #pcospregnancy #gestationaldiabetespregnancy #breastfeedingawareness #milksupply #lowmilksupply #realisticexpectations,
https://www.instagram.com/p/Cd2DlDOMDsc/,Cd2DlDOMDsc,mindfulreturn,"For me, it was figuring out I could hand-express from one breast in the morning while my baby was eating from the other.  This after months of struggling to eek out “extra” ounces at night when I was exhausted, to no avail. 💜",
https://www.instagram.com/p/Cd2DlDOMDsc/,Cd2DlDOMDsc,denni.shangraw,In this month of exclusively pumping my win is pumping in public!!,
https://www.instagram.com/p/Cd2DlDOMDsc/,Cd2DlDOMDsc,emilysilver_ibclc,"100% nursing while babywearing! My marsupial baby was pretty much latched 24/7 for the first 6 weeks, so being able to feed her hands free was just... the best feeling.",
https://www.instagram.com/p/Cd2DlDOMDsc/,Cd2DlDOMDsc,sister_chromatid,I broke my ankle 2 weeks after we got home from an 8 week NICU stay🥳 My proudest feeding moment was making the decision to supplement with formula to let my body recover from surgery and in support of the emotional recovery as well💗💗💗,
https://www.instagram.com/p/Cd0sq1rsinZ/,Cd0sq1rsinZ,xxannagxx,👏👏 you’re doing a wonderful job,
https://www.instagram.com/p/Cd0sq1rsinZ/,Cd0sq1rsinZ,davisonnadely,"What a journey you have been on! You are doing such a great job Megan! Feeding a baby is hard!!! Seriously! Mom gut is a real thing and it sounds like your intuition is leading you to the decision that is best for you both. I wish you peace in this process because it sure isn't easy! I have all the confidence in the world that you will absolutely find the best way to feed and nourish your thriving bundle of love ❤️ Cheers to you mama, hang in there 🤗",
https://www.instagram.com/p/Cd0sq1rsinZ/,Cd0sq1rsinZ,ttcnatural,I hear you. I despise pumping and our latching is a struggle as well! But because of the formula shortage here in the US I kinda have no choice and have a false hope that things may suddenly work better ❤️ fed is best and mental health is important though ❤️,
https://www.instagram.com/p/Cd0sq1rsinZ/,Cd0sq1rsinZ,jay_davv,"If you do decide to you could always look for free donor milk on human milk for human babies Facebook groups! I think some moms find that helpful so they don’t need to do formula for whatever reason! Any time of feeing is hard, you can do this momma, whatever choice you end up making. ❤️",
https://www.instagram.com/p/Cd0sq1rsinZ/,Cd0sq1rsinZ,doomzl,I wondered if you would do it all again. You're making the right choice. The one that suits you for who you are now.,
https://www.instagram.com/p/Cd0sq1rsinZ/,Cd0sq1rsinZ,shlynck,"Don’t let anyone make you feel guilty for choosing the best path for you and your family. I truly believe that postpartum depression is often born from breastfeeding guilt, and it’s just not worth it. Your baby will be fed and happy and healthy either way, but he needs you to be happy and healthy, too. ❤️",
https://www.instagram.com/p/Cd0sq1rsinZ/,Cd0sq1rsinZ,biancaemmpunkt,"My english is not the best, so forgive me mistakes please 🙈 you can just let him ltsch, whenever you feel like it...just for the two of you...and feed him forumla via bottle. Just do as you wish. You are a wonderful mom and with your colostrum you gave Benny already the best start. Not feedibg him your milk doesnt make you a bad mom. ❤ greetings from a longterm breastfeeding mom of four 😉 feel hugged!! 🤗",
https://www.instagram.com/p/Cd0sq1rsinZ/,Cd0sq1rsinZ,conantic,Mom guilt is real but you are an incredible one and he is so so so lucky to have landed in your arms that the rest is just details.,
https://www.instagram.com/p/Cd0sq1rsinZ/,Cd0sq1rsinZ,dalia.elrag,Do whatever saves your mental health! Fed is best❤️ happy mommy happy baby,
https://www.instagram.com/p/Cd0sq1rsinZ/,Cd0sq1rsinZ,ceceliasorqvist,"I'm very lucky that Asher has latched well and I'm producing enough for him as of right now but we are fully prepared to switch to formula if something were to change. If switching is what is best for you and your family, plus little Benny then there is no reason to feel guilty but I can fully understand why you do. You are an amazing momma and I love seeing your real and honest posts💙",
https://www.instagram.com/p/Cd0sq1rsinZ/,Cd0sq1rsinZ,millie_parson,"If it’s best for you and your family, you’re doing the right thing, period. I admire you so much for you previous pumping journey. That’s where I found you on this IG world! You’re amazing! Fed is best and if this is your last baby, ENJOY this baby and the life/kids you have outside of the pump. 
❤️❤️❤️",
https://www.instagram.com/p/Cd0sq1rsinZ/,Cd0sq1rsinZ,lelliso,"There’s only ONE rule in all this: fed baby is the best, however you do it! I think your baby would value a happy thriving mama first and foremost. I know it’s easy for me, a total internet stranger, to say this, but I can clearly see that your family would much rather have a well rested and happy mother and be able to pass that on than being on a perpetual struggle fest. Lots of love and good wishes coming your way. No matter what you choose to do, it will be okay. You got this!",
https://www.instagram.com/p/Ch1shP9AO2m/,Ch1shP9AO2m,emanuela_ag,"When my baby was newborn, he had jaundice too and was having formula to monitor the input and put on weight. I started pumping straight away and was giving my expressed milk instead of formula. He was refusing the breast and I wasn't offering it much. After 2 weeks when his weight was back to birth weight midwives helped me to put him back to breast and even if it was very painful we kept going. However, I stopped the bottle straight away and he was on the breast very often and I thought he wasn't drinking much but we monitored weight and was ok. What you'd you suggest to someone that wants to move from bottles to exclusively breastfeeding?",
https://www.instagram.com/p/Ch1shP9AO2m/,Ch1shP9AO2m,hannahplus4boys,"I was breastfeeding and giving one expressed bottle a day due to jaundice and bad weight gain, managed to stop this bottle after 2 months but we are now 4 months and I’m back to work 3 evenings a week but I can’t get more than 10ml out when I pump 😭 our freezer stash is really quickly running out!",
https://www.instagram.com/p/Ch1shP9AO2m/,Ch1shP9AO2m,hollymariaa,"My milk came in late and my daughter was slow to put weight on so the doctor advised tipping up with formula (I was struggling with expressing). She’s now a month old and sometimes spends hours on the breast. The local feeding specialist has said to let her feed on each side for 20 minutes, then if she is still hungry top her up with formula. I’m happy to carry on doing this but wonder will it lower my supply for the next day/in the future by taking her off after 40 minutes? Or will the fact that she has stimulated me for that long at each feed be enough? Xx",
https://www.instagram.com/p/Ch1shP9AO2m/,Ch1shP9AO2m,whitey1808,"Thank you, this is really useful!",
https://www.instagram.com/p/Ch1shP9AO2m/,Ch1shP9AO2m,kathrynstaggibclc,#toppingup #supplementaryfeeds #supplementingformula #supplementingwithformula #expressing #pumping #triplefeeding #pumpingmilk #combifeeding #mixedfeeding #droppingtopups,
https://www.instagram.com/p/CfyyPoOsGyU/,CfyyPoOsGyU,mum.of.4.girls,Oh sending lots at lots of hugs. I can’t really help - I’ve always been a ‘just enough’ feeder which I realise you would love. For the let down have you tried breathing exercises and sometimes I imagine the prickly feeling really hard and that seems to help it to come - I’m sure you have tried this already. Sending you so much support xxx,
https://www.instagram.com/p/CfyyPoOsGyU/,CfyyPoOsGyU,this.lifeof.mine,You're doing something so amazing for your baby 😍 breastfeeding groups could help so don't feel as though you can't go. Anyone running these groups would love to have you there to be able to support you x,
https://www.instagram.com/p/CfyyPoOsGyU/,CfyyPoOsGyU,katwatts_,"You're doing an amazing job mama! No one quite feels the struggles of triple feeding and low supply unless they have been there or are going through it, I'm with you on all of this! If you do manage to go to an in person group, I will say that my experience of going to one has been nothing but positive, some of Oliver's longest feeds have been at the group and no one batted an eye lid when I had to crack out his top up bottle. I felt so ashamed but know its what he needs to grow and thrive whilst I slog through another day of trying to produce a little more. A lovely person told me that babies only need 50ml of mum milk to get the benefits 😉😘 xx",
https://www.instagram.com/p/CfyyPoOsGyU/,CfyyPoOsGyU,a.tale.of.2,"Absolutely do go to a breastfeeding group! They often have IBCLCs and breastfeeding peer supporters, with other mums who have shared similar struggles. It’ll be so good for you to attend! Definitely look into it more, I promise it can help more than you think x",
https://www.instagram.com/p/Cfo9VoVOzRG/,Cfo9VoVOzRG,thetattooedyogi,"Your mindset is on point! Just keep focusing on what you can do in the moment. Having twins is rough at first so you have to adapt constantly and fit what you can when you can. Glad my yoga vids help! Buy a kettlebell and you can get a killer workout, quick and with little to no room needed🔥🙌",
https://www.instagram.com/p/Chr3r-pAxte/,Chr3r-pAxte,katielj9,"I’ve been triple feeding for 10 weeks, with still not great weight gain. I keep pushing my health team to help me have an off ramp but seems there isn’t one yet 😢",
https://www.instagram.com/p/Cfeb-cCj_iT/,Cfeb-cCj_iT,lo_nigrosh,"Yes! We cling to instructions given to us my medical professionals instead of viewing it as loose guidance! It’s actually much less anxiety inducing to tune into the baby and learn their cues than to be focused on the clock. It’s more enjoyable too, because it gives you the chance to get to know your baby!",
https://www.instagram.com/p/CfZSc_dvz4Y/,CfZSc_dvz4Y,centerfororofacialmyology,Valuable information here!! Thanks for sharing. 🙌❤️,
https://www.instagram.com/p/CdnLCTWremZ/,CdnLCTWremZ,catwebb__,"Ok. So, when mixing the formula and water the water temp should be 70 degrees (and already been boiled). What about reheating if pre-preparing bottles? Is there an optimum temp for feeding? We have a tommee tippee reheater but I’m not totally happy with it.",
https://www.instagram.com/p/CdnLCTWremZ/,CdnLCTWremZ,jwp.ibclc,#lactationconsultant #bottlefeeding #infantformula #pacedbottlefeeding #triplefeeding #newbornfeeding #newbornformula #breastfeedingmelbourne #mumsofmelbourne #holisticlacation #breastfeedingsupport #newbornfeedingsupport #ibclc #jwpcare #holisticbaby #holisticmum,
https://www.instagram.com/p/Cfm0q42tZNi/,Cfm0q42tZNi,katielj9,Ohhhh I feel this 😢,
https://www.instagram.com/p/CdzJE6gr23V/,CdzJE6gr23V,britt__ox,I did in the very beginning because my daughter had lost 10% of her birth weight. So I seen a LC she gave me some good advice and a week or so later she was only on the breast! I couldn’t have stayed triple feeding so I’m so happy I seen a LC,
https://www.instagram.com/p/CdzJE6gr23V/,CdzJE6gr23V,keiraface,"My daughter was born at 37 weeks c-section, and was in nicu for 2 days… they had me do this in the hospital once I was able to start nursing her (was on cpap and just had to pump at first), they sent me home with instructions to do it because she was just barely allowed to go home with her weight loss…. Then they never told me to stop 😩. Stopped because of exhaustion and ended up with the most painful oversupply and overactive let down that would leave my poor girl choking every time 😭",
https://www.instagram.com/p/CdzJE6gr23V/,CdzJE6gr23V,bea_mcd,"My gosh!! This is my life right meow. So I guess I’m tripple feeding. My son is 10 months. 

Breastfeed first thing in the am. Then he goes to daycare. He drinks 3 bottles (of 5-6oz) at daycare. Of those, one is breastmilk and supplement the other two bottles of formula. I pump during the work day but it’s low supply 2-2.5 oz at a time. Not enough to fill his next day bottles — hence why I supplement. When I nurse over the weekend he seems to be satisfied with every nursing session. But why is my supply low when I pump during work hours? 😢 This is working for us but idk if I can do anything to help my milk supply. Wonder if it’s my pump.",
https://www.instagram.com/p/CdzJE6gr23V/,CdzJE6gr23V,canadesina88,Aaargh this has been so exhausting... but worth it ❤️,
https://www.instagram.com/p/CdzJE6gr23V/,CdzJE6gr23V,amberaucoin8,I am triple feeding my twins. They’re now 2 months old. I don’t have enough supply to feed them both so we need to supplement but I also want my milk to stay up so I also pump. It’s a lot of work but worth it 🤍,
https://www.instagram.com/p/CdzJE6gr23V/,CdzJE6gr23V,meganmariemill,"I did triple feeding for the first two weeks with my first son before giving up and accepting the reality that my milk supply was low, so he ended up just on formula. I felt shame in doing this, but my exhaustion and PPD outweighed the shame. My milk supply came in with my second son who was born last month, so we’re exclusively breastfeeding, and he’s gaining weight beautifully. 💙",
https://www.instagram.com/p/CdzJE6gr23V/,CdzJE6gr23V,ckpet07,I supplemented with my milk for a few weeks because she was low birth weight and wasn't growing as quickly as they wanted at first. But she chucked up! She went from below the 1st percentile to the 25th percentile at 9 months. 😊,
https://www.instagram.com/p/CdzJE6gr23V/,CdzJE6gr23V,noraaa_c_,Did all 3 in the beginning while recovering from a C-section after a 24 hour labor! Would pump for 1-2 hours until I was crying from the pain not knowing that I was overdoing it,
https://www.instagram.com/p/CdzJE6gr23V/,CdzJE6gr23V,izzamgp,Needed to do this until my bub's tongue tie release was done. I didn't know there is a term for it.,
https://www.instagram.com/p/CdzJE6gr23V/,CdzJE6gr23V,bethrae02,Did this the first 1.5 weeks then stopped pumping since I was supplementing so little and eventually my supply was enough for my babe. Planned C section at 39 weeks so I think that’s why we had to go this route. It was brutal.,
https://www.instagram.com/p/CdzJE6gr23V/,CdzJE6gr23V,adanklesen,"I used a nipple shield, then bottle fed, then pumped because of baby latching/weight loss issues. By the time I was done pumping, baby was awake again and i had to start all over. This went on for 6 weeks. As a single mom, I am shocked I made it through and didn’t give up. It was so difficult and I really don’t know how it’s even reasonable to recommend this to new moms.",
https://www.instagram.com/p/CdzJE6gr23V/,CdzJE6gr23V,courtney.whitsett,"Going on 8 weeks of triple feeding 😬 every LC has told me it’s not meant to be done for longer than 2-3 weeks, but due to inconclusive evidence, I fear when triple feeding ends that means our BF relationship ends as well. 😢",
https://www.instagram.com/p/CdzJE6gr23V/,CdzJE6gr23V,shnerbler2,I did it for ~8 weeks ☠️,
https://www.instagram.com/p/CdzJE6gr23V/,CdzJE6gr23V,brhown_eyedgirl,We definitely did TF bc my daughter lost 26% of her birthweight 😢. Now she’s in the 90th percentile!,
https://www.instagram.com/p/CdzJE6gr23V/,CdzJE6gr23V,glbrtsnj,"For 6 weeks....and then I just couldn't anymore. My anxiety was so high. How much is she transferring? Is she getting enough? Will she ever gain weight. I couldn't anymore. Exclusively pumping now, occasionally supplementing with formula.",
https://www.instagram.com/p/CdLdmstOTSg/,CdLdmstOTSg,breastfeeding.for.busymoms,#growthchart #newborn #infant #lactation #lactationconsultant #breastfedbaby #supplementing #triplefeeding #pumpingmom #breastfeedingmom #breastfeeding,
https://www.instagram.com/p/CdqhShXMwJC/,CdqhShXMwJC,izzyandthetriplets,So proud of you both ♥️♥️♥️,
https://www.instagram.com/p/CdqhShXMwJC/,CdqhShXMwJC,boobingit,Beautiful photo and well done on progress 😍,
https://www.instagram.com/p/CdqhShXMwJC/,CdqhShXMwJC,babyetaluk,Triple feeding is brutal!!!! You are doing amazingly!!!! Xx,
https://www.instagram.com/p/CdqhShXMwJC/,CdqhShXMwJC,lifeattarget,#LifeatTarget #Blogger #Breastfeeding #BreastfeedingMama #BoobingIt @boobingit #FalteringGrowth #TripleFeeding #MumLife #Mummyhood #Mumof2  #MotherhoodUnplugged #ParentBlogger #UKMumBlog #Parenting  #LifeWithLittles #ParentingLife #pbloggersuk #NorthWestMums #MummyBlogger #UKMummyBlogger #MumsofInsta  #MumsofIG #discoverunder2k,
https://www.instagram.com/p/CfWtnBeL_UU/,CfWtnBeL_UU,centerfororofacialmyology,Can’t wait to give it a listen! 😍,
https://www.instagram.com/p/CfWtnBeL_UU/,CfWtnBeL_UU,jessicasanchezdemic,My biggest fear while breast feeding - def the reason why I gave up,
https://www.instagram.com/p/Chnh4pEv3Lv/,Chnh4pEv3Lv,bonita.mami555,I triple fed the first  week then transitioned to breastfeed only and pump before I go to bed 😭💙,
https://www.instagram.com/p/Chnh4pEv3Lv/,Chnh4pEv3Lv,kristenweekswindle,Triple feeding is SO hard and anyone that even attempts it is a hero! I triple fed for a few weeks before I transitioned to EP for my own sanity and well being- happy to report baby is thriving on pumped milk!,
https://www.instagram.com/p/Chnh4pEv3Lv/,Chnh4pEv3Lv,witch_in_a_wheelchair,"I hated it so much. I wish so badly I could be almost exclusively breastfeeding with the occasional bottle, but that wasn't in the cards unfortunately.",
https://www.instagram.com/p/Chnh4pEv3Lv/,Chnh4pEv3Lv,knoxvilledoula,This is such a frustration to me as a postpartum doula. Walking in to a new client who has often called me due to extreme exhaustion from triple feeding recommended by their pediatrician. Pediatricians really don't seem to understand what this looks like long term. It would be a lot better if they recommended it as they also scheduled their patient with an IBCLC urgently (and a postpartum doula haha-why not dream?).,
https://www.instagram.com/p/Chnh4pEv3Lv/,Chnh4pEv3Lv,itsawonderfulchaos,Currently triple feeding my 7 week old twins #whatwasithinking,
https://www.instagram.com/p/ChiVog7re21/,ChiVog7re21,ihelpmoms,Nice to see a solution to an issue that affects many! 👏,
https://www.instagram.com/p/ChiVog7re21/,ChiVog7re21,haakaausa,#haakaa #haakaausa #pregnancy #Pregnant #thirdtrimester #nursing #nursingmoms #newmom #breastfeeding #normalizebreastfeeding #breastpump #pumping #pumpingmama #naturalliving #newborn #haakaacommunity #postnatal #postpartum #empoweringwomen #babyproducts #musthaveproducts #motherhood #birthwithoutfear #BPAfree,
https://www.instagram.com/p/ChYgCLAjxjt/,ChYgCLAjxjt,meggs1618,Couldn’t agree with this more!!!! My current goal is once a day and hopefully to work up from there!!,
https://www.instagram.com/p/ChiGyzvpTut/,ChiGyzvpTut,haakaausa,May we repost this? ❤️,
https://www.instagram.com/p/ChiGyzvpTut/,ChiGyzvpTut,jodiharing,Yay!!!! So happy for you! Great progress!,
https://www.instagram.com/p/CdzJE6gr23V/,CdzJE6gr23V,kennizz22,"Did it with my first because he lost 12% of his birth weight and I never had a full supply so just went to exclusively pumping after a month of triple feeding.

Did it with my second as well because she was only getting 1.5 from me and she may have a tongue tie, getting it checked out by doctor next week. I’m already exclusively pumping again after a month of triple feeding",
https://www.instagram.com/p/CdzJE6gr23V/,CdzJE6gr23V,rosannagram28,"OMG I’m doing it right now bc my lc suggested it so baby gains a little more weight! I didn’t know it was a thing!! “Triple feeding” 😳 Definitely, not beneficial long term as far as my physical and mental state 🫤",
https://www.instagram.com/p/CdzJE6gr23V/,CdzJE6gr23V,skypan.australia,"I did triple feeding with my baby boy born Oct 2021 at 35 weeks. He was too sleepy and small to breastfeed at first, so in the NICU we started triple feeding. I kept at it for 8 weeks hoping my baby would learn how to feed exclusively from the breast. He eventually learnt and built his strength to the point where I did not need to supplement with a bottle for each feed. Even if a feed would take an hour. After 12 weeks, I started offering just my nipple instead of the shield and amazingly my baby started getting the hang of it! 7.5 months in to our BF journey now I am so grateful that I kept up the triple feeding. It was one of the most intense experiences of my life, such a whirlwind. Barely any time to sleep or do anything apart from tend to baby, pump parts, and basic self care. To anyone going through it right now... it can get better, it will end, take it day by day... you are doing an amazing job.",
https://www.instagram.com/p/CdzJE6gr23V/,CdzJE6gr23V,melliellie,Four long months with my first. No surprise it really impacted my emotional well-being!,
https://www.instagram.com/p/CdzJE6gr23V/,CdzJE6gr23V,awheela86,I did it for my little girl who was born at 35 weeks for 3 months before ditching breastfeeding - she wasn’t transferring enough. 😢 i worked with an LC and it just didn’t work out. I’m still expressing and just giving bottles now.,
https://www.instagram.com/p/CdzJE6gr23V/,CdzJE6gr23V,laura_mosstross,I’ve been triple feeding for 3 months but in the last month started to up the sessions that I try EBF. I was told to do it by my hospital LC but I don’t feel like I was ever given a game plan for how to transition to whatever the long-term goal might be. It is mentally exhausting and because of all of the pumping and measuring it is terrifying to just BF and not know exactly what baby is getting (which is why I don’t EBF yet). I am also so afraid of doing anything to impact supply since I worked hard to have it grow… but I think I may have a slight oversupply; just really don’t know.,
https://www.instagram.com/p/CdzJE6gr23V/,CdzJE6gr23V,amycwinik,"Triple fed for 2 weeks due to IGT/Hypoplasia. Wanted to exhaust every possible way I could increase my supply so see what I was capable of. Unfortunately it didn’t result in a significant improvement. Also commenced Motillium. Had no idea there wad a condition that existed that meant no matter what I did, I would never be able to breast feed exclusively. Once I exhausted everything possible avenue I felt more at peace with what was occurring. Couldn’t have breast fed without the support of my amazing LC. There should be more awareness about IGT.",
https://www.instagram.com/p/CdzJE6gr23V/,CdzJE6gr23V,kaay5995,"I triple fed for 3 years, then did it for 4 months with my second when he developed a preference. 😪",
https://www.instagram.com/p/CdzJE6gr23V/,CdzJE6gr23V,tanner_times,"We’re going on two months of triple feeding, we found our groove because baby has worse reflux from breastfeeding and we were on the weight gain rollercoaster too! Ready to eliminate pumping when I can! 🔥🔥",
https://www.instagram.com/p/CdzJE6gr23V/,CdzJE6gr23V,sunshine_triplet_mama,I’m triple feeding cos I’m triplet feeding 😂😅,
https://www.instagram.com/p/CdzJE6gr23V/,CdzJE6gr23V,carnivorous_crystal,I've been triple feeding for 5 months now. She does not transfer very well. It is our new norm. Hard? 100% but she is worth it❤️,
https://www.instagram.com/p/CdzJE6gr23V/,CdzJE6gr23V,_allisonscott._,"So surprised to hear this was advised to so many moms of babies who lost 10% of birth weight! My son lost 11% but never did they suggest anything. My LC reassured me that it just happens especially because I had lots of water weight, and was on IV fluids for over 24 hours before birth. I breastfed him religiously every two hours for the first five days after his pediatric appt and he had already gained 10oz back. I was exhausted just doing that, I can’t imagine adding the other steps!",
https://www.instagram.com/p/CdzJE6gr23V/,CdzJE6gr23V,kyleendaytona,I did it with my first for 2 months and I only stopped because my LC told me I had done what I could for my supply and it was time to give myself a break.,
https://www.instagram.com/p/CdzJE6gr23V/,CdzJE6gr23V,rock.me.momma,Triple pumped for 6 weeks. Tongue tie was causing low transfer of milk but separation didn’t help as my girl had got used to the bottle and refused the breast. Having to stop bf after 3 months which makes me super sad.,
https://www.instagram.com/p/CdzJE6gr23V/,CdzJE6gr23V,vera.bubbles,Triple fed both babes in the beginning as low supply in early days and with my first did it probably long than I should because it’s scary not knowing if they are getting enough from the breast and pumping to increase and BM top ups and not having enough BM from pumping then formula top ups far out just exhausting…then I dropped the pumping and just did top ups with formula and the just before 12 months both decided bottles are not needed and just Breastfeed and eat solids!,
https://www.instagram.com/p/CdDXjJbvU5H/,CdDXjJbvU5H,the_nurtured_parent,🙌 Keep spreading the word!,
https://www.instagram.com/p/CfJwiZlsdex/,CfJwiZlsdex,kellys.winging.it,"Sending you so much love. There is some excellent content on here especially from the likes of @prof_amybrown who covers topics like breastfeeding trauma (when mum's don't feel like they got what they wanted). I think the key thing is to have some one on one support as you have been through so much this past 8.5 weeks. Might be worth asking your health visitor or contacting the community midwife to see if they can point you in the direction of local support. I know when I was pumping when I returned to work and she was still drinking it all at nursery I started struggling to get enough and my local group supported me with some tips and different methods to help. I'm not going to say they will have a magic fix but, whatever choice you make for you and your family, you can get support x",
https://www.instagram.com/p/CfJwiZlsdex/,CfJwiZlsdex,cloth_bottom,Breastfeeding is not easy at all. It can feel really isolating to see the positive breastfeeding stories. I struggled with my first breastfeeding and found the support of the local NHS breastfeeding team invaluable. Do you have anything like that locally?,
https://www.instagram.com/p/CfJwiZlsdex/,CfJwiZlsdex,loisjasmine_,I’m really sorry that you haven’t had the support you need. You’re doing an amazing job and you deserve support to feed your baby in the way that you want to. Would you consider giving the national breastfeeding helpline a call to talk things through? Sending lots of love xx,
https://www.instagram.com/p/CfJwiZlsdex/,CfJwiZlsdex,mum.of.4.girls,Sending a big hug. Don’t think I’ve got any decent advice - wish I did. Xxx,
https://www.instagram.com/p/CfJwiZlsdex/,CfJwiZlsdex,marley.arabella.and.mummy,I've found second time round it's been 10x harder. I also don't pump alot and it upsets me. Let me send you something I saw today.... remember not everyone can pump and pump alot!!! Keep giving her the boobie ❤️ you got this mumma you really have xxxx,
https://www.instagram.com/p/CfJwiZlsdex/,CfJwiZlsdex,d1zzy22,"Jojo you have done everything that you can, you've tried everything that you can , you've been to specialist, had Merryn' s tongue tie sorted , pumped with every pump you could try, power pumped, it is hard to think of anything else to try, if you feel you can carry on its up to you, if you decide to formula feed its also up to you, I know thats the hard choice, it must be the right choice for you , Merryn, Sennen and Dan but also its important to be a happy, healthy and menally well mummy who is rested and supported mentally, physically and logistically, you are capable of so much dont doubt yourself you have done an amazing job, noone could be trying harder than you have been, love you , Mum xxxx",
https://www.instagram.com/p/CfJwiZlsdex/,CfJwiZlsdex,hannah_.thomp,You are doing amazingly. Super Mum. 🦸🏼‍♀️ Sending you a hug. ❤️,
https://www.instagram.com/p/CfJwiZlsdex/,CfJwiZlsdex,emmareed_writes,"Oh bless you, it can be so hard and you’re so right about the stress affecting you. When William was in nicu I had no choice but to pump and I’m no good at pumping at all! It was rubbish. Once he was home and I could relax I produced so much more. Take your time with it all, maybe have a chat with a local support peer? Or maybe just a friend? It can really help to hear others opinions or gain their advice. Xxx",
https://www.instagram.com/p/CfJwiZlsdex/,CfJwiZlsdex,a.tale.of.2,I really do sympathise with you. We really didn’t establish breastfeeding until 3-4 months and it was super rocky. And the endless hoops you have to jump through for support 😣 It does get easier. It can get worse before it gets better so just do what will keep your mental health in the best place. You’ve done so well to get 8.5 weeks x,
https://www.instagram.com/p/CfJwiZlsdex/,CfJwiZlsdex,splendid.lee,"Sending hugs 💕 breastfeeding can be so hard, and there really isn’t enough support or resources available 😔",
https://www.instagram.com/p/CfJwiZlsdex/,CfJwiZlsdex,katherinengb,Sending you loads of love. You’re an inspiration x,
https://www.instagram.com/p/CfJwiZlsdex/,CfJwiZlsdex,winniepickles_mcn,"For some people breast feeding is really tough. I was almost exclusively pumping for the first 4 months of my little boys life. It is TOUGH so give yourself a break, you are doing great.  You will crack what works for both of you. I found when I tried to switch to just breastfeeding my supply would suffer. I think my boy just didn’t have a good enough latch to keep the supply. I would then spend the next few days power pumping to up it again. With time he grasped it though and we did eventually get to a stage where he was exclusively breast fed without pumping. ❤️",
https://www.instagram.com/p/CfJwiZlsdex/,CfJwiZlsdex,sparrowroadhandmade,Oh sending lots of positive vibes your way! ❤️❤️,
https://www.instagram.com/p/CfJwiZlsdex/,CfJwiZlsdex,clothbumscic,"Do you have any formal support available? If not, I’m a registered bfn helper. Happy to chat anytime",
https://www.instagram.com/p/CarfBSbuKDt/,CarfBSbuKDt,lucyruddleibclc,#baby #breastfeeding #parenting #newborn #babyformula #feeding #nursing #nutrition #bottlefed #babyfood #triplefeeding #combifeeding #pumpingmilk #pumping #expressed milk #pumpingmama,
https://www.instagram.com/p/CapYCQkrzU2/,CapYCQkrzU2,safebreastfeeding,"I made a site specifically geared towards educating people about the reality of low supply, and how to protect their babies AND breastfeeding relationship (I’m an IBCLC) https://safebreastfeeding.org",
https://www.instagram.com/p/CapYCQkrzU2/,CapYCQkrzU2,kustomph1tt3d,Have you ever heard of using Tens unit to help increase milk?,
https://www.instagram.com/p/ChU2VdrOg_g/,ChU2VdrOg_g,emilliamay,I know this is me! I only wish the medication professionals would agree too! I appreciate your the support you provide in social media posts and articles.,
https://www.instagram.com/p/ChU2VdrOg_g/,ChU2VdrOg_g,crysstttaaalll,I have IGT & Hashimotos thyrioditis,
https://www.instagram.com/p/ChU2VdrOg_g/,ChU2VdrOg_g,chels_m_clark,"What is considered a low supply? I feel like I am, but my doctor and lactation consultant keep encouraging me to keep trying...",
https://www.instagram.com/p/ChU2VdrOg_g/,ChU2VdrOg_g,thegoldtoucan,Any info on Domperidone? For low milk supply ? X,
https://www.instagram.com/p/ChU2VdrOg_g/,ChU2VdrOg_g,rhiasana_yoga,How is this diagnosed? And by whom? I have struggled the whole twelve months I have been breastfeeding (especially the first 7months where I was triple feeding) and yet no one ever mentioned this condition…,
https://www.instagram.com/p/ChU2VdrOg_g/,ChU2VdrOg_g,jnonymous,"I felt so blindsided. I tried everything, And I still look back and wonder where things went wrong but it very well may have been CLMS the whole time. I worry about my next baby, how can I be proactive for #2? What testing should I do ahead of time? Thank you for your work 🙏🏼",
https://www.instagram.com/p/ChU2VdrOg_g/,ChU2VdrOg_g,nimazjlta,"Even got a domperidone from pediatrician, it doesnt works. Thankfully baby is 6mo rn. So, it's solid time!! ( Worry less 😂)",
https://www.instagram.com/p/ChU2VdrOg_g/,ChU2VdrOg_g,thegoldtoucan,What tests would be offered ? I am interested to know as been offered none ❤️,
https://www.instagram.com/p/ChU2VdrOg_g/,ChU2VdrOg_g,emjaybeebee,👌🏼👌🏼 So perfectly and efficiently said. I feel seen and supported. And informed!,
https://www.instagram.com/p/CepWhKisoXf/,CepWhKisoXf,sguiod,❤️keep it up! Every second is worth it!,
https://www.instagram.com/p/CepWhKisoXf/,CepWhKisoXf,kgagnon1953,Cherish every moment with your little loves!,
https://www.instagram.com/p/CepWhKisoXf/,CepWhKisoXf,valeriedavis1971,Keep it real always Denise! You are an inspiration!,
https://www.instagram.com/p/CepWhKisoXf/,CepWhKisoXf,wholesomeolsonmama,#postpartum #4thtrimester #fourthtrimester #momof3 #healthymama #postpartumhealth #pregnancy #gratefulmama #triplefeeding #breastfeeding #momblogger,
https://www.instagram.com/p/ChM-VX5A5CX/,ChM-VX5A5CX,jazmindegioia,"Bub is 8 weeks now, my best bet is my gastric bypass has caused low milk supply. I decided I was going to stop triple feeding at every feed this last week, I’ve dropped the expressing all together, formula feeding every second feed then breastfeeding every second feed and supplementing with formula if needed but most breastfeeds now she has barely been drinking the supplement and some feeds I haven’t bothered offering it at all when she falls asleep. It’s been such a relief to finally find something that feels manageable long term. I was at breaking point before this change and couldn’t do it all anymore. This page has been so helpful!",
https://www.instagram.com/p/ChM-VX5A5CX/,ChM-VX5A5CX,optimalweightloss4u,Still working through this… But thank you 🙏🏽,
https://www.instagram.com/p/ChM-VX5A5CX/,ChM-VX5A5CX,jgriffink808,"I needed this today, thank you. 🙌",
https://www.instagram.com/p/ChM-VX5A5CX/,ChM-VX5A5CX,bewithbaby,❤️ I Love this ✨,
https://www.instagram.com/p/CeoZbWaL9Lg/,CeoZbWaL9Lg,joker_my_72,Promote it on @carolina._vibes 💯,
https://www.instagram.com/p/CeoZbWaL9Lg/,CeoZbWaL9Lg,milkylove.co,#breastfeedingsupport #lactationsupport #modernmotherhood #modernmom #colostrumharvesting #antenatalmilkexpression #handexpressing #lactationconsultant #breastfeedingeducation #physiologicalbirth #breastfeedingmama #combofeeding #triplefeeding #powerpumping #breastpumpbag #milkylovelactation #milkylovecolostrumkit #colostrumkit #milksupply #breastfeedingishard #hardbutworthit #bondingwithbaby #lowmilksupply,
https://www.instagram.com/p/Cc7npkYPZSv/,Cc7npkYPZSv,__trichellew,We have attachment issues and I have been advised to top up my littles one feeds by 60ml 3-5 a day. She’s 3.1kgs 6 weeks old. Would you consider that enough?,
https://www.instagram.com/p/Cc7npkYPZSv/,Cc7npkYPZSv,kiki_minter,What about a 4 month old? Would 60ml still be considered too much as a top up?,
https://www.instagram.com/p/CeW0il8MkxT/,CeW0il8MkxT,positively_katiebee,You’re doing so well ❤️,
https://www.instagram.com/p/CeW0il8MkxT/,CeW0il8MkxT,mum.of.4.girls,Well done. I can’t imagine having to pump on top of demand feeding and caring for a toddler. You are doing a fantastic job.,
https://www.instagram.com/p/CeW0il8MkxT/,CeW0il8MkxT,the_two_minis_and_me,You should be so proud!! Every single drop counts. My page is @supported.lactation is you need someone to listen xx,
https://www.instagram.com/p/CeW0il8MkxT/,CeW0il8MkxT,pippa777,This is awesome! Well done xxx,
https://www.instagram.com/p/CeW0il8MkxT/,CeW0il8MkxT,two_yorkshire_wildlings,Woohoo well done mama that's amazing! You're doing so well 🙌❤️,
https://www.instagram.com/p/CeW0il8MkxT/,CeW0il8MkxT,mrs_griffff,60ml is about the amount I produce in one session too. Keep going mama your doing amazing ❤️,
https://www.instagram.com/p/CeW0il8MkxT/,CeW0il8MkxT,a.tale.of.2,Great effort! Pumps hated me with both girls,
https://www.instagram.com/p/CeW0il8MkxT/,CeW0il8MkxT,cloth_bummum,"Go you 🥳 
I really struggled in the beginning but persevered at the same time every night (while husband put her to bed with the bottle I’d expressed the night before) and it came through. She is 6 months now and a sometimes it’s a chore, I can get 100ml in 30 minutes sometimes and other times I can be sitting for over an hour and get 60ml! Keep going though mama, think fast flowing thoughts 💦💦",
https://www.instagram.com/p/CeW0il8MkxT/,CeW0il8MkxT,mamapickle_,👏👏 amazing! Well done mama 💪🏼,
https://www.instagram.com/p/CeW0il8MkxT/,CeW0il8MkxT,nature_inspired_play,"Wow, that's amazing. I breastfed my 1st for 2.5 years and I'm still breastfed my youngest at 16 months. I have always struggled to express, I get hardly any out and I have tried every type of pump. Well done 👍xx",
https://www.instagram.com/p/Ccf26ARu0bS/,Ccf26ARu0bS,laurence_e_dw,"Triple feeding is intense - a 2 person full-time job IMHO … we did it for a month and it was a grind, but ended up being worth it ❤️",
https://www.instagram.com/p/Ccf26ARu0bS/,Ccf26ARu0bS,beth_mcmillan,Have a plan with your care provider (IBCLC) for what this will look like as time goes on... it's a lot of work! and not something you want to do very long term. Consider supplementing at the breast? Hands free/ on pumping? Soooo much love and dedication! Hats off to these hard working parents!,
https://www.instagram.com/p/CeVZQVPsPQR/,CeVZQVPsPQR,the_two_minis_and_me,Oh my what a journey!! You are amazing. Would a supply line work for you? It can be done with a $2 paediatric NG tube.,
https://www.instagram.com/p/CeVZQVPsPQR/,CeVZQVPsPQR,mollymchughcoaching,"You’re killing it mama, you should be so proud👏👏 She’s fed, loved and happy, that’s what matters most. She’s also very lucky to call you her mama, as is Sennen💛",
https://www.instagram.com/p/CeVZQVPsPQR/,CeVZQVPsPQR,cloth.love.plus.more,"I remember this all too well! Both the boys had tongue tie but due to illness we couldn't hsve it separated until 6 weeks old.  I was warned it would take around 6 weeks for them to learn to latch efficiently; but actually it took them until around 20 weeks old to start feeding well enough to follow that line which also meant I couldn't tandem feed them easily.  They both dropped off the charts and at 7m old had just climbed a wee bit to just under 2nd. We triple fed until around 6m old. then I stopped expressing and at that point they would have a small  bottle of formula at lunchtime.  We went from 25% BM to 90% BM so it definitely can be done.  If you want to rry to up your supply to be able to BF more then I would recommend hiring a hospital grade pump or try power pumping ( I know really hard when you have a toddler to deal with too) .  There is so much talk about 'exclusive breast feeding' but I can say that combi feeding my boys was a far far greater achievement than EBFing Ellie as it was so so hard.  I was so lucky to have a great HV despite being in  lockdown.  I'm a huge advocate for combi feeding, so if you want to carry on doing what you are doing that is fab too.  Every drop of BM counts.  Sorry such a long comment! Just want you to know you're def not alone and hang in there if you can.  x",
https://www.instagram.com/p/CeVZQVPsPQR/,CeVZQVPsPQR,a.tale.of.2,"We had 2 sessions with a cranial osteopath and it really did help loosen up her stiff neck and jaw. 

It’s really hard and you should be extremely proud of yourself for persevering for so long despite all the struggles. We really didn’t establish breastfeeding until around 4-5 months. That’s when it got easier for us. I do wish they tell you that it doesn’t always come so naturally x",
https://www.instagram.com/p/CeVZQVPsPQR/,CeVZQVPsPQR,mamatoto_birthing,"Hope had an awful lot of tension in her neck when she was born and couldn't open her mouth quite enough to latch properly, one session with my osteo made all of the difference though and it was like feeding a new baby. Best of luck, you're doing amazingly well ❤️ xxx",
https://www.instagram.com/p/CeVZQVPsPQR/,CeVZQVPsPQR,kellys.winging.it,"Oh gosh what a journey and well done you for sticking with it. Breastfeeding is hard work, even when everything's going smoothly so you deserve a medal for your perseverance.",
https://www.instagram.com/p/CeVZQVPsPQR/,CeVZQVPsPQR,chelseyjeveratt,"Ah it’s so tough. I exclusively pumped for Aubrey until she was 5.5m, then she suddenly decided she’d latch good enough! She’s 22m now and pretty obsessed with ‘boobie’ 😂 it was super hard but I’d got it in my head. I assume you’ve joined some of the breastfeeding Facebook groups like breastfeeding yummy mummy’s and exclusively pumping mums uk (I know you don’t EP but they’ll have tips on the pumping bit). When you say not pumping much, how much? I assume you know about paced feeding and giving max 4oz at a time?",
https://www.instagram.com/p/CeVZQVPsPQR/,CeVZQVPsPQR,the_imperfect__mama,"It’s hard, I feel you this happen with my first he lost 13% by day 4 and then ended up in hospital because of this. I felt so guilty as I really didn’t want to offer formula but in the end I knew it’s was I had to do, we did manage to EBF after a few weeks of combined feeding but it was hard getting there. To be honest I struggled right up to 5/6 months and weight gain was slow or at a standstill. However I did find the older my little one got the easier the latch was for months I was in pain and we had lots of tears. 

Your doing an amazing job and combined feeding isn’t a bad thing! Any breast milk you can feed her is better than nothing. It’s so hard when it’s what you expected to be doing but then when it doesn’t work out as planned it so hard to accept. I didn’t see anyone for breastfeeding help apart from my little ones doctor as I couldn’t find any lactation consultant here in Spain so I used YouTube and google to build on my knowledge. I’m hoping this time with number 2 will be better but I know I may have to accept what happens happens. 

I hope it gets easier for you and the fact you can’t squeeze those 1 month cloths on her means your doing awesome!!! X",
https://www.instagram.com/p/CeVZQVPsPQR/,CeVZQVPsPQR,thewingingitmumma,Have you tried the koala hold? It was the only way I could get George to have a deep latch? Xx,
https://www.instagram.com/p/ChIctIhpL_v/,ChIctIhpL_v,lowsupplymom,"When she brought up the “not enough skin to skin” 😂 get ‘em, doc!!!",
https://www.instagram.com/p/ChI0s80rXcc/,ChI0s80rXcc,jfree620,I’m so loving this name and alll. ❤️🌻,
https://www.instagram.com/p/CdzJE6gr23V/,CdzJE6gr23V,s__quail,Yes currently to try and get my supply up,
https://www.instagram.com/p/CdzJE6gr23V/,CdzJE6gr23V,michelleread23,"Yep did the triple feeding for 6-8 weeks, it was so brutal! It was like you could never leave the house because the whole process took over an hour",
https://www.instagram.com/p/CdzJE6gr23V/,CdzJE6gr23V,nichol.writer,"Currently in the middle of this - been working with an LC for about a month now because baby lost a significant amount of weight (one pound in a week). There is a combination of things going on, and we are still in the process of finding solutions for all. I am one tired mama for sure and praying there is an end in sight soon! 😩🙏🏻",
https://www.instagram.com/p/CdzJE6gr23V/,CdzJE6gr23V,chelrooski,Triple fed both babes. Hard stuff.,
https://www.instagram.com/p/CdzJE6gr23V/,CdzJE6gr23V,katewendt921,"We did 10 months of triple feeding. Working with lactation, SLP, a pediatric dentist for tongue tie release and chiropractor. We almost gave up nursing so many times bc of how exhausting it was but now baby is 16 months and still nursing. So glad we kept with it and so grateful for all the support we had along the way ❤️",
https://www.instagram.com/p/CdzJE6gr23V/,CdzJE6gr23V,loan_ster,I did this for 18 months for my son and now just hit 1 year last week with my daughter. 😭😭 There's another way?!?!?!,
https://www.instagram.com/p/CdzJE6gr23V/,CdzJE6gr23V,klwright.20,"I did it for the first 4 months then my babe finally got the hang of it and weaned off. It saved my supply, my baby was able to gain weight and learn to transfer milk after a tt revision",
https://www.instagram.com/p/CdzJE6gr23V/,CdzJE6gr23V,thecityandtheocean,"On month 3 😵‍💫 seeing an OT, PT, ENT and GI in hopes of EBF. She had her tongue, lip and buccal lasered but can’t yet get her tongue up to the palate in back.",
https://www.instagram.com/p/CdzJE6gr23V/,CdzJE6gr23V,mygracefullife,"Did this for every feeding, every 3 hours on the dot for a full week and then for a few feedings a day for a while after that. The whole process took close to an hour!! Night time was terrible. So exhausting!",
https://www.instagram.com/p/CdzJE6gr23V/,CdzJE6gr23V,aubreypavlacka_,Currently on day 18 of triple feeding per recommendation of my IBCLC and it is roughhhh,
https://www.instagram.com/p/CdzJE6gr23V/,CdzJE6gr23V,jayanthid,"I did it for two and a half months, starting about a week after baby was born. She could not latch at all on the left, and was barely getting drops on the right. I had breastfed my first child, so I was determined to get to the bottom of what was happening with my daughter. The first month, I took it easy with putting her on the breast all the time, just pumping and bottles, but I tried latching two or three times a day. At six weeks, she suddenly understood latching, and I kicked into full gear for a month and a half. It was brutal, but — she slowly started to take more milk from the breast, less from the bottle, and my supply increased. BUT: IT WAS BRUTAL. I had to fit seven feeds in during day hours because she was a precocious sleeper and was sleeping all night, so I wasn’t waking her up for a night feed. I only had 30 minutes in-between each cycle. We finally discovered two months in that she had a pretty bad tongue tie and had to get it lasered. That very night — she fed normally on the left boob and took in two ounces. I was able to unwind from there. I think it’ll take me a lot of time to figure out if it was worth it. I’ve now been breastfeeding my daughter for over a year, and we love the relationship, but that mental drain…. I’ve never experienced anything like it. I am a very determined and ambitious person, and I never give up on things I know I can do (and I was unfortunately motivated by a few detractors in my family, one of whom called me a “cow” — that was negative motivation to keep going). I love breastfeeding and fully support it, but I don’t know if, in good conscience, I can recommend doing what I did to another mom. I have to take time to figure out if it was worth it.",
https://www.instagram.com/p/CdzJE6gr23V/,CdzJE6gr23V,mcalla29,I did this for about 6 weeks and it was awful!,
https://www.instagram.com/p/CdzJE6gr23V/,CdzJE6gr23V,allisonsmith0412,"@thebetterboob how would you identify this is different than combo feeding? Because we started combo feeding at one month - as an choice intentional choice . The mental load that BF had was a weight lifted ! My son is almost 7 months and we still have a successful Bf relationship. But I can also successfully pump for him to take bottles when needed and he gets about one .
It’s so freeing to know it doesn’t have to be all or nothing . I do think if it feels like supply is less predictable or low it may feel mentally challenging. But for us it’s amazing",
https://www.instagram.com/p/CdzJE6gr23V/,CdzJE6gr23V,apraithel,"I triple fed my twins on the recommendation of an LC. At three months, I met with her again and she told me to keep doing it. I quit that day and went to exclusive pumping. I wish there had been another plan, but pumping worked for me and I maintained it for a year",
https://www.instagram.com/p/CdzJE6gr23V/,CdzJE6gr23V,nayema.creates,Omg this was me for almost months! Then we had a tongue tie release but my supply still hasn’t picked up. So I gave up on pumping and now Am combo feeding at breast and formula. How long is too long to triple feeding.,
https://www.instagram.com/p/CaHkeVpOwR0/,CaHkeVpOwR0,villagetenders,This is wonderful! I’m so glad to see others offering support to new parents.,
https://www.instagram.com/p/Cb8VvwFpbnB/,Cb8VvwFpbnB,heathercleez,Was this recorded? Any way to way watch it now? Would love to watch it for both my personal curiosity as i have had low supply and to get nursing CEU's 😊,
https://www.instagram.com/p/Cb8VvwFpbnB/,Cb8VvwFpbnB,holisticlactation,It was a great presentation!,
https://www.instagram.com/p/Cb-Ln_vgYnU/,Cb-Ln_vgYnU,jens_benanda,“Have you tried Body Armor? You should drink at least 2 of those a day” as if low milk supply is a body armor deficiency! The ignorance is infuriating. Your last slide is super unhelpful and demoralizing tho. I have CLMS and do not have chronic disease and hearing/seeing statements like that feel shameful and can lead to stigma,
https://www.instagram.com/p/Cb-Ln_vgYnU/,Cb-Ln_vgYnU,mrscc_ttc,@rainbowbaby.journey not sure if you would find this post comforting or not but wanted to share just in case it’s helpful,
https://www.instagram.com/p/Cb-Ln_vgYnU/,Cb-Ln_vgYnU,imperfectframes2,Which underlying illnesses have been co-related with CLMS?,
https://www.instagram.com/p/Cb-Ln_vgYnU/,Cb-Ln_vgYnU,laurenmcbaker,"Oh my, YES!!! This is exactly what I needed to hear. Not more advice. Not “helpful” recommendations suggesting I needed to try even harder. Just a simple acknowledgment of how hard it was, how much I had done and was doing, and to know that whatever choices I made in the future, I wouldn’t be judged for them.",
https://www.instagram.com/p/CaHV_SMMOnT/,CaHV_SMMOnT,mummymyhill,I love your page and would love to collaborate with you and get you earning from your phone ❤️ I have messaged you 🥰,
https://www.instagram.com/p/CaHV_SMMOnT/,CaHV_SMMOnT,lifeattarget,#LifeatTarget #Blogger #Newborn #MumLife #Mummyhood #Mumof2 #2YearOld #Breastfeeding #BreastfeedingMama #TripleFeeding #Postpartum #BoobinfIt @boobingit #TheOnlineMummyGroup @theonlinemummygroup #MotherhoodUnplugged #ParentBlogger #UKMumBlog #Parenting #ToddlerLife #ParentingLife #NorthWestMums #MummyBlogger #UKMummyBlogger #MumsofInsta  #MumsofIG #discoverunder2k,
https://www.instagram.com/p/ChAqmQPJR8M/,ChAqmQPJR8M,mdflash117,Glad this time is going better so far!,
https://www.instagram.com/p/ChAqmQPJR8M/,ChAqmQPJR8M,mn_mama29,All we can do as a mommy is try our best and that’s exactly what you’re doing. Keep up the good and hard work.,
https://www.instagram.com/p/CeHzWtprLjo/,CeHzWtprLjo,elaynas.world,These snuggles make it all worth it though🥰 And I'm kinda in the same boat with feeding lol I'm at the point where I just rock a mom bra all day because the second the shirt goes back on its like her alarm for food goes back off lol,
https://www.instagram.com/p/CeHzWtprLjo/,CeHzWtprLjo,lo_nigrosh,"It’s so hard to drown out the noise and lean into our intuition when we get so much advice, and especially when it changes from one baby to the next. Survival Saturday is well put! It looks like you’re not just surviving but that you and baby are managing just fine!!!!",
https://www.instagram.com/p/CeHzWtprLjo/,CeHzWtprLjo,kalijarvis7,Freaking obsessed with baby B 😍,
https://www.instagram.com/p/CeHzWtprLjo/,CeHzWtprLjo,ciara_lynn.c,This is so precious! 😍❤️,
https://www.instagram.com/p/CeHzWtprLjo/,CeHzWtprLjo,kaylie.holtzen,You are so strong mama! Hang in there ❤️❤️❤️❤️,
https://www.instagram.com/p/CeHzWtprLjo/,CeHzWtprLjo,momlife_usa_,Wow that's so lovely! want to Send u few items. Send D M.,
https://www.instagram.com/p/CeHzWtprLjo/,CeHzWtprLjo,crystalhoguebeauty,I exclusively pumped with my youngest. Could you use a hands free way of pumping on one side while breastfeeding on the opposite side and switch when you switch her to the opposite breast? Not sure if this is possible but if so it may help save time. It is really crazy how much changes though!,
https://www.instagram.com/p/CeHzWtprLjo/,CeHzWtprLjo,colleen_shearing,Having to supplement can be really hard on momma emotionally but you are doing a great job! I ended up supplementing with both Brad & Abi but I continued to nurse them as long as they wanted that as well. There is so many more options now for helping momma figure out what works best for baby and you. xoxo,
https://www.instagram.com/p/Cg4Q-MLIoVO/,Cg4Q-MLIoVO,sallyvermeulen,Zo’n mooie momentjes om van te genieten 🥰,
https://www.instagram.com/p/CbH7_5XMEvp/,CbH7_5XMEvp,airabruixamaduixa,Tillykke Therese! Jeg håber at i er fint ❤️,
https://www.instagram.com/p/Cg7DNFxuRN9/,Cg7DNFxuRN9,rebeccadawaharegray,So so SO good. You are such an incredible mother to the yummiest angel baby on the planet. Thanks for sharing this,
https://www.instagram.com/p/Cg7DNFxuRN9/,Cg7DNFxuRN9,swaffordem,"Thank you for sharing. What a beautiful journey, and what a lucky little girl to have such an amazing mama!",
https://www.instagram.com/p/Cg7DNFxuRN9/,Cg7DNFxuRN9,nashvillenightnurses,"Courtney, you are a rock star! This is such a real and raw post and will be helpful to so many mamas! Waverly is so lucky to have you as her mama!",
https://www.instagram.com/p/Cg7DNFxuRN9/,Cg7DNFxuRN9,thoroughlymodmermaid,I understand this 100%. I pumped for one year and gave my son about 5oz a day but could not produce more. A few weeks into his life we added formula We were both so much happier when I realized formula was a great option. There was way too much pressure put on breast feeding from the hospital.,
https://www.instagram.com/p/Cg7DNFxuRN9/,Cg7DNFxuRN9,eloofbourrow,❤️ I love this so much,
https://www.instagram.com/p/Cg7DNFxuRN9/,Cg7DNFxuRN9,taylor_a_reynolds,So beautiful! Your vulnerability makes me feel brave! Honored to know you❤️,
https://www.instagram.com/p/Cg7DNFxuRN9/,Cg7DNFxuRN9,larieljackson,Breastfeeding is SO hard and the system is not set up to make it any easier. You are amazing and resilient! And 4 months is fantastic! Wish we had more of a social norm of milk-sharing too so the mamas with oversupply could help a girl out 🤣❤️,
https://www.instagram.com/p/Cg7DNFxuRN9/,Cg7DNFxuRN9,angiewhitsett,"Beautifully written, Courtney!  Similar disappointment with my firstborn; only lasted 2 months (if that long). My friends had no issues, just me. I understand your story.  You gave it your very best, she’s beautiful, she’s  healthy, and oh so blessed to have you as her mom!!! ❤️❤️",
https://www.instagram.com/p/Cg7DNFxuRN9/,Cg7DNFxuRN9,katiepalmitier,"We walked through a veryyy similar season with this, feel this on a real level. Thank you for sharing!! You’re amazing girl!",
https://www.instagram.com/p/Cg7DNFxuRN9/,Cg7DNFxuRN9,angitjohnson,Good job momma! 👏👏👏 you did a great job (and I know will continue to)👏🏼👏🏼👏🏼,
https://www.instagram.com/p/Cg7DNFxuRN9/,Cg7DNFxuRN9,jenniferholmmusic,"You’re such a champ, coco. Waverly’s got the best mama in you. Mothering is not for the faint of heart and surely makes warriors out of all of us, one way or another. You’re doing a great job, friend. 💜",
https://www.instagram.com/p/CZ76L7bpJ6Q/,CZ76L7bpJ6Q,aviana_alycia,So concise! I love that this is easy to share and easy to understand. I feel like this type of quick & easy education is so necessary! Thank you for the content you create.,
https://www.instagram.com/p/CZ5JP8wManJ/,CZ5JP8wManJ,aoifegdoula,I triple fed my son for about 7 weeks and it was sooo tough but prob my proudest achievement ever! Triple fed my daughter for about 2 weeks. Both due to tongue tie,
https://www.instagram.com/p/Cg2_bKvvHHy/,Cg2_bKvvHHy,food.behaviour.nutritionist,As a BF mama to 3 allergy babies thankyou for seeing us ❤️ it's been a hard slog but we've persevered x,
https://www.instagram.com/p/Cg2_bKvvHHy/,Cg2_bKvvHHy,dietitiancounsellingskills,"Thanks for this post. Every time I see the posts encouraging women to breastfeed I feel like they’ve missed the mark. Yes it’s important for parents to know the benefits of breastfeeding. But most often they don’t stop because they don’t know the benefits, they stop because of others reasons such as the lack of support, allergies, pain and isolation. Ps triple feeding is so challenging - thanks for calling this out!",
https://www.instagram.com/p/Cg2_bKvvHHy/,Cg2_bKvvHHy,billysidhu,Ahhhh thank you!!!! That guilt on weight management.. or even whenever they fall sick… your brains go into self blame mode because you haven’t been able to bf…😭😭😭 its definitely an emotionally triggering week,
https://www.instagram.com/p/Cg2_bKvvHHy/,Cg2_bKvvHHy,nourishtonurturenutrition,#worldbreastfeedingweek #breastfeeding #triplefeeding #allergy #allergybaby #pumping #pumpingmom #breastmilk #cmpa #dairyallergy #startingsolids #firstfoods #weaning #blw #lactation #babydietitian #dietitian #nutrition #babynutrition #postpartum #postpartumdepression #postpartumanxiety #lactationconsultant,
https://www.instagram.com/p/Ca906Y3lqFL/,Ca906Y3lqFL,dr.nicole.short,👏👏👏 the kindest words! Way to make an impact!,
https://www.instagram.com/p/CaA5x3wJGr0/,CaA5x3wJGr0,brooklynnlauriesmith,Should s person reach out to their OBGYN or primary care doctor for blood work in regards to low supply issues?,
https://www.instagram.com/p/CbFxi9SuGH1/,CbFxi9SuGH1,thejourneytoyouchildrensbook,Beautiful!! And well done - that’s an amazing (.)(.) journey!! ❤️,
https://www.instagram.com/p/CbFxi9SuGH1/,CbFxi9SuGH1,tonsiessmonsies,Oh what a tender and deeply moving experience it is ❤️ I’m so glad you got to experience it as I am too. You’re not alone ❤️❤️❤️,
https://www.instagram.com/p/CbFxi9SuGH1/,CbFxi9SuGH1,jantra_lynn,Incredible journey no matter how long or short! 16 months is incredible! My supply has dropped so much since my firstborn that this one I think I’m barely making 6 months. Such an amazing bond with your baby 😍,
https://www.instagram.com/p/CbFxi9SuGH1/,CbFxi9SuGH1,vesnathegoddessofspring,"Ah, I feel this so deeply. I used to LOVE the evening feeds. The most special cuddles. I breastfed my boys for two years each. They had their teeth from four months onwards, but they never bit me. Loved it. 🥰🥰🥰",
https://www.instagram.com/p/CZZIGqNuAjH/,CZZIGqNuAjH,jb.toddler.yads,So adorable 😍 Collab? DM @ jacknbo and let them know YADS sent you. 🍀✨,
https://www.instagram.com/p/CZZIGqNuAjH/,CZZIGqNuAjH,plantmepaul,Adorable 🥰. So happy for you Liz! 💙,
https://www.instagram.com/p/CZZIGqNuAjH/,CZZIGqNuAjH,juliette021,And her smile 😃  lol 😆  can't get over it 😂,
https://www.instagram.com/p/CZZIGqNuAjH/,CZZIGqNuAjH,colfernandez84,"Looking back a good night was when we were eating at 3am too! All jokes aside, you’re doing great momma!",
https://www.instagram.com/p/CZ4lDGUJmdn/,CZ4lDGUJmdn,kimacito19,Hello! Any tips for getting a 4 month old to take a bottle? She will take one from me but no one else! She starts daycare next week and we have been trying for a little over a week already with mixed results. Any advice is helpful!!,
https://www.instagram.com/p/CZOyxMggRZC/,CZOyxMggRZC,abbies.healing.corner,"Thank you for sharing. It sounds so similar to what I experienced, I ended up exclusively pumping for 4 months ❤️ I see you too x",
https://www.instagram.com/p/CZOyxMggRZC/,CZOyxMggRZC,krisearley,"Wow... This is me now with a 2 week old, exclusively pumping and man it is so tough!!",
https://www.instagram.com/p/CZOyxMggRZC/,CZOyxMggRZC,birth_with_elizabeth,Ugh pumping. I have so much respect for anyone who does it alongside their breastfeeding journey. It truly can be the absolute pits. I never pumped much at all throughout my own breastfeeding journey. I was fortunate I didn’t need to but I do remember those first few weeks being pressured by my mother to pump “to see how much milk I had”. I never got much of a let down with a pump whenever I tried and felt like a failure. Could not understand why my pumping output was so bad until my lactation consultant explained to me how perfectly normal it is not to have much of a let down with pumps. And then I associated the pump with my mother’s attitude and I hated it.,
https://www.instagram.com/p/CZOyxMggRZC/,CZOyxMggRZC,beckimalinarina,"This is so helpful, to see someone else who went through what I’m going through. My baby can’t seem to get the hang of breastfeeding. We’ve had so many hurdles along the way and I’m currently pumping and occasionally getting him to the breast but only for a minute or two. Any of your research you can share would be amazing. Part of me is holding out hope that even after 16 weeks we might be able to crack it but I think the reality is that life will continue like this.",
https://www.instagram.com/p/CZOyxMggRZC/,CZOyxMggRZC,z.i.a_sa,"thank you for this post, Im so sorry you went through these difficulties. I see the strength it takes. 👏👏

I am currently 6m into this ebf/triple feeding journey and it has been such a tough and lonely journey so there is comfort in seeing this post which i feel like i could’ve written myself. Each day feels like a constant cycle of managing the pumping/washing/sterilising/researching and hoping no milk goes to waste.",
https://www.instagram.com/p/CZOyxMggRZC/,CZOyxMggRZC,_martadorca_,How tough..😢 Well done 👏,
https://www.instagram.com/p/Cg7DNFxuRN9/,Cg7DNFxuRN9,kgincap,"Very thoughtful, insightful story, Courtney! ❤️",
https://www.instagram.com/p/Cg7DNFxuRN9/,Cg7DNFxuRN9,mckennagillisflower,"Well I’m crying 😭 Thank you for being vulnerable and sharing your story. You’re amazing Kumi, and an amazing mom to Waverly. I love you both so much 🧡",
https://www.instagram.com/p/Cg7DNFxuRN9/,Cg7DNFxuRN9,kswstoryteller,"I think that it is wonderful that you shared the reality of your journey. My encouragement to you is that every baby in a family is not the same. If you have another child, it will be different no matter what. Not necessarily easy, but different. I have watched all three of my daughter-in-laws persevere through excruciatingly difficult feeds with their first and had very different experiences the next time around. You made great sacrifices for your baby girl and she will always sense that. You are a hero and a champion! 🙌",
https://www.instagram.com/p/Cg7DNFxuRN9/,Cg7DNFxuRN9,brittanymoses,So good to hear all experiences in this! Thank you for sharing so honestly 💗,
https://www.instagram.com/p/Cg7DNFxuRN9/,Cg7DNFxuRN9,nataliasicilia,"Crying 😭 love you so much and so proud of you. Thank you for letting us in to learn and grow from your journey. Waverly is so incredibly loved by you and I can’t wait to tell her about what a fighter, sacrificial and loving mama you are!!",
https://www.instagram.com/p/Cg7DNFxuRN9/,Cg7DNFxuRN9,kaitlawson_,Thank you for being brave enough to share this! Your vulnerability is so helpful to other mamas on this journey! Love you so 🖤,
https://www.instagram.com/p/Cg7DNFxuRN9/,Cg7DNFxuRN9,alex_masters,"Such a beautiful, admirable journey. You seriously crushed it Coco and continue to do so. Incredible mama!!",
https://www.instagram.com/p/Cg7DNFxuRN9/,Cg7DNFxuRN9,amym.cunningham,"You’re amazing! 💗You poured everything into this, and I personally witnessed how much so. Waverly is the luckiest to have you as her mama. Love you so much 💗",
https://www.instagram.com/p/Cg7DNFxuRN9/,Cg7DNFxuRN9,sammoclift,"Wow Courtney, so beautifully written. I love you friend!",
https://www.instagram.com/p/Cg7DNFxuRN9/,Cg7DNFxuRN9,brittlenick,"Theo and I have a very similar story. Thank you for sharing. YOU are a champion, mama. She may not see it now, but you fought hard for her and gave her your best 💛",
https://www.instagram.com/p/Cg7DNFxuRN9/,Cg7DNFxuRN9,kaileydickerson,You are so resilient and brave and I can’t wait to see Waverly get that from you 😍,
https://www.instagram.com/p/Cg7DNFxuRN9/,Cg7DNFxuRN9,daniellamason,Love you and waverly so much ❤️,
https://www.instagram.com/p/Cari0PsueKJ/,Cari0PsueKJ,jb_mixy,○So adorable 😍 Collab? Dm @ jacknbo and let them know  DONA sent you🤗,
https://www.instagram.com/p/CZY2p0ws_TP/,CZY2p0ws_TP,jessicaanne104,"Sending love. I’m pumping too right now… it’s tough, relentless isn’t it and just so damn hard… but we’ll do and we’ll get through. Your amazing Mama xx",
https://www.instagram.com/p/CZY2p0ws_TP/,CZY2p0ws_TP,theonlinemummygroup,Sending lots of love. You are doing a fantastic job ❤️❤️,
https://www.instagram.com/p/CZY2p0ws_TP/,CZY2p0ws_TP,thecambridgemama,"I had to express with Albie and it was so mentally and physically draining. Hope you’re ok mama, you’re doing an AMAZING job!!! Look what you’ve done for your babies, you’re super human xx",
https://www.instagram.com/p/CZY2p0ws_TP/,CZY2p0ws_TP,motherfluster,You’re an absolute trooper!! ❤️,
https://www.instagram.com/p/CZY2p0ws_TP/,CZY2p0ws_TP,sarahklopp23,You’re an amazing mother. What a role model👏🏼,
https://www.instagram.com/p/CZY2p0ws_TP/,CZY2p0ws_TP,eliza_and_ted,"Well done, triple feeding is tough!! TTT (topless tv tuesdays…) got us from there to ebf. Sounds awful but would recommend it!",
https://www.instagram.com/p/CbGLY3TK1kM/,CbGLY3TK1kM,vikeegovikee,Thank you so much for sharing my story. I hope it helps someone going through a similar struggle ❤️❤️❤️,
https://www.instagram.com/p/CYgM_xdJdRM/,CYgM_xdJdRM,vxlpes,You're a genius 😧 how did I not think of this!,
https://www.instagram.com/p/CYgM_xdJdRM/,CYgM_xdJdRM,mrs_gregs_94,@georgiellis96 one for you maybe?,
https://www.instagram.com/p/CYgM_xdJdRM/,CYgM_xdJdRM,jaye_tsh,Could you do a video on chic nursing outfits for inspiration! Find myself stuck with nursing tops and unable to where what I want anymore 😢.,
https://www.instagram.com/p/CYgM_xdJdRM/,CYgM_xdJdRM,southlondonslings,OMG - that’s genius! 🙌,
https://www.instagram.com/p/CYgM_xdJdRM/,CYgM_xdJdRM,mammamiamidwife,Looks so comfortable! I stopped breastfeeding 17 years ago and I want this bra 😂,
https://www.instagram.com/p/CYgM_xdJdRM/,CYgM_xdJdRM,sueibclc,This is brilliant @olivia_lactation_consultant 😍,
https://www.instagram.com/p/CYoztbJp48a/,CYoztbJp48a,halomazing,Good work momma and Ginny!!!❤️,
https://www.instagram.com/p/CYoztbJp48a/,CYoztbJp48a,staceykopchick,Man those genes are strong with the Mac babies! 😍 So so glad she nursed so well today!,
https://www.instagram.com/p/CYoztbJp48a/,CYoztbJp48a,afvihtelic,I’ve been thinking and praying for you guys! Hopefully Ms. Ginny is on the up and up so you can finally take some time to take care of yourself! ❤️❤️,
https://www.instagram.com/p/CYoztbJp48a/,CYoztbJp48a,khey84,Dayna @dlslomba is the most awesome person!,
https://www.instagram.com/p/CYoztbJp48a/,CYoztbJp48a,kaitlynelyse1,Praise Jesus! I’m so so happy to hear this!,
https://www.instagram.com/p/CY_T56jjPFm/,CY_T56jjPFm,shaunnasian,Omg ❤️😍 I just love her xxx,
https://www.instagram.com/p/CXuJ24-hxJA/,CXuJ24-hxJA,taylor.a.swan,"Thank you 👏😭 I only make half of what my son needs each day. So I supplement half with formula. I wanted to quit, but with the current formula shortages I decided to keep giving him all that I can. But it's hard. It feels worthless at times.",
https://www.instagram.com/p/CXuJ24-hxJA/,CXuJ24-hxJA,maricruzc.19,Mixed feeding since 5 months old ❤️,
https://www.instagram.com/p/CXuJ24-hxJA/,CXuJ24-hxJA,_sara_489,"Have been triple feeding since birth 😢. The one thing I wanted more than anything was to be able to breastfeed but Bub was small and jaundice and I had to have emergency surgery after delivery we didn’t get the best start to our feeding journey! After seeing IBCLC and LC’s I was told I have a low supply and have been on double dose motilium x 3 a day plus feeding, pumping and formula top ups ever since! Bub is now 8.5 months and I’m hoping to make it to 12 months 🤞🏼🤞🏼🤞🏼",
https://www.instagram.com/p/CXuJ24-hxJA/,CXuJ24-hxJA,m_goeschl,"❤️ tube feeder, breast feeder, mixed feeder, pumper, everyday for months 🥰 worth it! So fortunate to be a breast feeder/bottle and pumper twice daily at 12 months old now, it has been a journey but wouldn’t change it. My hat goes off to the exclusive pumpers 😊",
https://www.instagram.com/p/CXuJ24-hxJA/,CXuJ24-hxJA,ddaisybby,"I exclusively breastfed for the first month and a half and we struggled. He was a lazy nurser and just couldn’t stay awake to finish a feed which I believe caused me to have a low supply. I wasn’t educated enough on pumping at the time so I didn’t know to pump after feeds. Finally i started to pump after feeds and give him expressed with a syringe, I also tried a SNS but it just didn’t work for us. I tried and worked with an LC to increase my supply but at one month old he still wasn’t back to his birth weight and something needed to be done. Now I exclusively pump during the day and nurse at night and we make up the difference in his bottles with formula. It’s such hard work but I am determined to get him as much breast milk as possible! 4 months in now and he’s growing and gaining perfectly.",
https://www.instagram.com/p/CXuJ24-hxJA/,CXuJ24-hxJA,ashlie.laine,This is us. We do milk alll day long but I don't have the extra 6 Oz a night she wants. So formula through the night. 👏 its been pretty decent so far,
https://www.instagram.com/p/CXuJ24-hxJA/,CXuJ24-hxJA,brogdonjenny,❤️❤️❤️ breastmilk by day formula before bed and to fill gaps when needed!! My baby is happy healthy and it has allowed me to build up a just enough milk supply! My baby is able to have breastmilk all day and formula at night . A goal that seamed impossible early in my postpartum journey when I was only pumping a few ounces !,
https://www.instagram.com/p/CXuJ24-hxJA/,CXuJ24-hxJA,deeleow,i bottle feed my little one pumped breast milk and top up with formula when there’s not enough. thank you for helping me feel seen,
https://www.instagram.com/p/CXuJ24-hxJA/,CXuJ24-hxJA,jessica.elizabeth.88,"I know this is an old post, but just read it today and it made me feel so great about our mixed feeding approach after a tough day, mentally drained with a 3 week old. ❤️❤️",
https://www.instagram.com/p/CXuJ24-hxJA/,CXuJ24-hxJA,cassandradoughty,I mixed fed my first from 4 months onwards and I am exclusively breastfeeding my second one now. I did what I felt was easiest and best for both. No regrets 🥂,
https://www.instagram.com/p/CW0qnsxI3wu/,CW0qnsxI3wu,izzyfield,An absolute superhero!! Well done to you and your glorious boobs 😍🤩👏🏼🦹,
https://www.instagram.com/p/CW0qnsxI3wu/,CW0qnsxI3wu,the.milky.life,What an amazing woman you are @helenalmond 🙌,
https://www.instagram.com/p/CXPk1MlJzGn/,CXPk1MlJzGn,megsjacoby,".
.
.
.
.
.
#newmomlife #newbornlife #lactationconsultant #lifechanging #breastfeedingmama #breastfeedingjourney #girlmama #fedisbestwhetherbottleorbreast #fedbabyisahappybaby #5weekspostpartum #postpartumweightloss #breastfedbaby #triplefeedingissoexhausting #breastfeedingsupport #newmomtips #momssupportingmoms #triplefeeding #youcandohardthings #hashimotoswarrior #momlifebelike",
https://www.instagram.com/p/CWq-C77h3TT/,CWq-C77h3TT,theoriginaljes,Do you like that pump?,
https://www.instagram.com/p/CWq-C77h3TT/,CWq-C77h3TT,akfoji06,Wow😍 send pic 👉 @elite.__.model,
https://www.instagram.com/p/CWq-C77h3TT/,CWq-C77h3TT,lizaffect,Waiting on @kingcyrusking to drop that Lo-fi track 👀,
https://www.instagram.com/p/CWq-C77h3TT/,CWq-C77h3TT,sionann_shreds,".
.
.
.
.
#handsfreepumping #breastfeeding #pumpingmom #lowsupply #triplefeeding #igt #makingmilk #motherhood #momlife #newmom #3under4 #motifluna #exclusivepumping #formulafeeding #toddlermom #postpartum",
https://www.instagram.com/p/CWthK7YJOdp/,CWthK7YJOdp,msplint4,"I know this is an old post, but I see myself in Desiree’s story. ❤️ Through “management strategies” I was able to make it to 75-80% of my son’s daily food intake. I’m so proud of that because I had a lactation consultant tell me I’ll never be able to get anywhere close to EBF, but more than that, I’m proud I was able to make peace with combo feeding to give my baby what he needs. After I stopped chasing ounces, I started enjoying breastfeeding and the intimate bond created by it.",
https://www.instagram.com/p/CWthK7YJOdp/,CWthK7YJOdp,momomeowzer,My baby has latching issues which I believe has impacted milk production. I now exclusively pump but can’t pump more than half of my baby’s needs in a day so we’re supplementing with formula and now food since she’s old enough to start purées.,
https://www.instagram.com/p/CWthK7YJOdp/,CWthK7YJOdp,truth.health.peace,"I gave up on breastfeeding my first child  after 4 weeks and was heartbroken and felt like a failure.  I tried again with my second baby and learned I had IGT.  I used an SNS for 8 months due to bottle refusal, supplemented with donor milk for 1 year, and nursed her for 3y9m total.  With my 3rd baby, I supplemented with donor milk and SNS for a few weeks then we switched to bottles and formula for the rest of the first year, but she is still nursing at 2.5 years old and no plan to wean her yet.",
https://www.instagram.com/p/CWeAMYkJp5e/,CWeAMYkJp5e,lnap91265,"One of the strongest mamas I know, love you ❤️",
https://www.instagram.com/p/CWeAMYkJp5e/,CWeAMYkJp5e,christinafelicia319,Love these Medela tubes! Easier to clean and great for post nursing pumps!,
https://www.instagram.com/p/CYoztbJp48a/,CYoztbJp48a,yvetter222,Abby you are a warrior! Praying for you and your sweet Ginny. Admire your perseverance!,
https://www.instagram.com/p/CYoztbJp48a/,CYoztbJp48a,lifeofthedavies,"Abby, I know what it’s like to nurse, pump, feed. Plus everything that you are dealing with. It’s HARD work and I’ve been so impressed with your dedication and commitment. Shows a lot about your character. You’re one amazing momma and your girls are lucky to have you.",
https://www.instagram.com/p/CYoztbJp48a/,CYoztbJp48a,completejoybirth,So happy about this! 🙌,
https://www.instagram.com/p/CYoztbJp48a/,CYoztbJp48a,abbykraftmac,#tonguetie #liptie #frenectomy #breastfeeding #triplefeeding #ibclc #pumpingmom #nursingmom #torticollis #craniosacraltherapy,
https://www.instagram.com/p/CYoztbJp48a/,CYoztbJp48a,kelseyfargher,praise Him!!!! I am so encouraged reading this!!!,
https://www.instagram.com/p/CXuJ24-hxJA/,CXuJ24-hxJA,justamydawn,❤️ Triple feeding here ❤️ thank you 🙏,
https://www.instagram.com/p/CXuJ24-hxJA/,CXuJ24-hxJA,laurenbakes84,"❤️ 7MPP still pumping, 6x a day and my babe gets breast milk first bottle of the day,rest is all formula. LO had low milk transfer/tongue and lip ties/and shallow latch from 5weeks. I saw a LC and had ties corrected. Pushback from family to why I still bother because of all the difficulties, and inconsistency in pumping/attempting to triple feed, led to low supply. Did 50/50 while supply was okay then dipped again right before returning to work. Still have grief, but not giving up. I’ll pump/stash enough milk to feed babe once a day until a year, my original goal was 6months. 💪💪💪 Not giving up!!!",
https://www.instagram.com/p/CXuJ24-hxJA/,CXuJ24-hxJA,emmagrizz,"Thank you! I just started mixed feeding because of a drop in supply (thanks hormones) and it’s not easy!
The amount of comments like “why wouldn’t you just breastfeed it’s a lot easier?”
🤦🏼‍♀️🤦🏼‍♀️🤦🏼‍♀️",
https://www.instagram.com/p/CXuJ24-hxJA/,CXuJ24-hxJA,kensey.park,"Currently mix feeding! I don't know why I thought it had to be all or nothing, 5 months of exclusively breast milk and plan to mix feed until my supply dwindles!",
https://www.instagram.com/p/CWoMbKyFtg9/,CWoMbKyFtg9,babycafeusa,Oh so true! We see this ALL THE TIME in new families at Baby Cafe. There’s been no warning at all and families blame themselves for their breastfeeding struggles! That’s just not fair.,
https://www.instagram.com/p/CWWrq6CNzuc/,CWWrq6CNzuc,nessrugolo_copywriter,This was me with my second. 6 months of boob/bottles/expressing after a paed told me to give up because I wasn’t making enough milk. Goddamn exhausting!,
https://www.instagram.com/p/CWdr9dhpO7S/,CWdr9dhpO7S,nursinglittles,#nursinglittles #mamafirstislittlefirst #triplefeeding #breastfeeding #breastfeedingsupport #breastfeedingeducation #pumpingisbreastfeeding #lactationcare #lactationsupport #boobs #milksupply #supportedisbest #TOTs #triggerwarning #slp #cbs #ibclc #ibclccandidate,
https://www.instagram.com/p/CWMtxnHoAbf/,CWMtxnHoAbf,mandaporter_,I’m still at low supply but at 20 opd. Afraid to latch again because I don’t know if he will get enough,
https://www.instagram.com/p/CWMtxnHoAbf/,CWMtxnHoAbf,jerribithia,Crazy how every post I feel like is written about me 😭 thank you for the support and confidence you’ve given me as a low supply mama!!,
https://www.instagram.com/p/CWOFlOyr4gR/,CWOFlOyr4gR,lobabiessara2,So Charming 🥰 DM us and Let’s Collaborate ❤️,
https://www.instagram.com/p/CWV_kf_AaS4/,CWV_kf_AaS4,cassssieharmon,"👏👏👏 love this, and you!",
https://www.instagram.com/p/CWK6sPYAdBB/,CWK6sPYAdBB,irishloop,I know these charts too well. The stress it caused post partum with my boy and was told top up of formula constantly which I didn't know was hindering my supply even further 😩,
https://www.instagram.com/p/CWK6sPYAdBB/,CWK6sPYAdBB,ceri_m.cldsc,"We triple fed for 4 weeks. I wasn't even home 24 hours before we were sent back. My wee one had a 14% weight loss.  The trauma of the whole thing after an emergency c-section and just being exhausted resulted in my milk never really coming in and us having to switch to formula full time. I know I did my best and what I could in the situation. I personally think for those who are clear that they want to breastfeed, should be given lactation support straight away and not just a 10min chat during office hours or having your baby thrown at you and told to feed them. My hardest time was at 3am and I was handed a bottle of formula and told to give him it. There are so many things that could have been done differently in those 48hrs that may have resulted in a different feeding journey for us.",
https://www.instagram.com/p/CWK6sPYAdBB/,CWK6sPYAdBB,ehbuhhnee,"I triple fed for a month and my son still had slow gain. I suspected a tongue tie because of a terribly painful latch. Saw two pediatricians that both said he didn’t have one and it was a ‘fad’ (and also gave me terrible breastfeeding advice 🤦🏾‍♀️). Saw an IBCLC who thought he did have a tie, so referred us to a ped dentist who specialised in ties. She revised the tie at 6 weeks old with a laser. Immediately after revision we had a better latch, I packed my pump away that day and have been exclusively nursing since for nearly 7 months and he’s been an awesome gainer ever since 😊",
https://www.instagram.com/p/CWK6sPYAdBB/,CWK6sPYAdBB,tatsflynn,We triple fed for weeks with not a lot to show for it except sheer exhaustion!,
https://www.instagram.com/p/CWK6sPYAdBB/,CWK6sPYAdBB,ruthswallace,This is a really helpful post that I wish I had seen before I started triple feeding! X,
https://www.instagram.com/p/CVzufsFJB12/,CVzufsFJB12,dailybreadproject,This post is so validating! I've been doing this for 12 weeks now. The pump has done so much damage and it's now all incredibly painful. But I'm stubborn and only now we have a plan to break up with the pump by dropping one pumping session per feed every week,
https://www.instagram.com/p/CVzufsFJB12/,CVzufsFJB12,zita.florence,"Thanks for this insight 🙏🏼 I had a milk supply drop. I reverted to top up formula while I tried TCM, brewers yeast and triple feeding to get my milk supply back up. 5 weeks on its better but not not sure I'm producing enough to exclusive breast fed but feeling exhausted but happy to still be breast feeding. 🥰",
https://www.instagram.com/p/CVzufsFJB12/,CVzufsFJB12,evsmith92,@emjesiotr literally just what we were talking about. Unsustainable,
https://www.instagram.com/p/CVzufsFJB12/,CVzufsFJB12,bajanspeechie,"I triple fed for 10 weeks, working closely with an amazing LC. I thought our journey ended with exclusive pumping but months after baby’s tongue/lip tie release he decided to nurse again! It’s only once or twice a day but I’m grateful for it and thankful for social media teaching by me all about EPing.",
https://www.instagram.com/p/CVzufsFJB12/,CVzufsFJB12,zanzillla,I Ended up doing this from 4weeks with my first as he only fed off one boob after mastitis complications. I was so exhausted from doing this each night it literally would take an hour then I’d hardly be asleep for an hour sometimes and up again. 12 months until I could stop pumping the one side. It’s a lot just feeding and expressing alone too!,
https://www.instagram.com/p/CVzufsFJB12/,CVzufsFJB12,lozmcbeath,Triple feeding = PTSD 😅,
https://www.instagram.com/p/CVzufsFJB12/,CVzufsFJB12,mel_cacc.x,Argh yes this was me for a whole 4 weeks. What a nightmare. I was absolutely exhausted! First bub so I didn’t know what to expect. I’ll be doing things very very differently and seeking more support second time round!,
https://www.instagram.com/p/CVzufsFJB12/,CVzufsFJB12,claudia.loves,This was our attempt to establish bf... it ended up only lasting 6 weeks as you’re so so right. It’s not sustainable & I was beyond exhausted. It’s so bloody hard. Wish I’d had more of a plan in place : known that there should be more support.,
https://www.instagram.com/p/CVzufsFJB12/,CVzufsFJB12,luz.means.light,I did it for three months. Awful. But we didn’t stay there. Worked with a lot of clc’s. Looking back although we had a revision for a tie right away we didn’t do therapy pre and post although we did chiro. I am positive this contributed to his inefficiency. Also my supply was affected due to critical anemia. It three months to recover from this plus him being in nicu. I felt supported but it was SO hard,
https://www.instagram.com/p/CVzufsFJB12/,CVzufsFJB12,aebterp,"I did triple feeding for 3 weeks, started with zero supply on left side and it came in the first night. By the end of the first week I was pumping enough to not having to supplement with formula and now back to exclusively breastfeeding. I agree though that the time frame is key. I was miserable and got very little sleep, and felt trapped to my house since pumping in public/on the go is more difficult than breastfeeding IMO.",
https://www.instagram.com/p/CVzufsFJB12/,CVzufsFJB12,brooke_mifsud,"I’m currently on week 4 of this now. Finally got help from the right person and had a tongue tie released yesterday, here’s hoping we can drop the bottles soon!
So exhausting!",
https://www.instagram.com/p/CVzufsFJB12/,CVzufsFJB12,ezkatedeger,6 months in and I am STILL triple feeding! 🤯 reading this post was actually comforting to know that it’s obviously a more common practice then I even knew it to be ~ 😅 what does the winding down process look like? No one has ever explained this to me. I so desperately need to get OFF THE TRAIN but my supply is still compromised. 😢 x,
https://www.instagram.com/p/CVtPdaqpSX7/,CVtPdaqpSX7,c.a.r.l.e.e.2.0,I wish I had this advice when I gave birth in May! I found my mental health was severely affected trying to triple feed for countless weeks! So glad I'm no longer triple feeding and will probably never do it again if I have more children.,
https://www.instagram.com/p/CVtPdaqpSX7/,CVtPdaqpSX7,rebecca.ibclc.rn,Love this! And I love that more and more lactation professionals are acknowledging how difficult this is and limiting how long we recommend it for.,
https://www.instagram.com/p/CVo98dCBwFs/,CVo98dCBwFs,mindi_,"Made it to 8 weeks EBF, then the MCHN says gains are not enough.... so now I feed, pump, feed.  Tough stuff but worth it.",
https://www.instagram.com/p/CVo98dCBwFs/,CVo98dCBwFs,katie_donovan,"It was one of the most difficult things I’ve ever had to do. Not just due to the effort but also how mentally vulnerable I was in the first few weeks due to crazy hormones and C-section recovery. In my case it would have be so simply avoided with closer monitoring and education about feeding from day 1 in hospital. 9 weeks later we are BF champs but the first 3 weeks were so difficult and such a distraction from my beautiful boy! For anyone there now, be kind to yourself and know you will push through to better days very soon xxx",
https://www.instagram.com/p/CVo98dCBwFs/,CVo98dCBwFs,mindi_,🙋‍♀️ we got this @pixielacerose ❤️,
https://www.instagram.com/p/CVo98dCBwFs/,CVo98dCBwFs,hjenks__,@kaylaluciano1993 you’re doing a great job mumma 👏❤️,
https://www.instagram.com/p/CVo98dCBwFs/,CVo98dCBwFs,drkarathompson,Uuuuugh it makes me exhausted just thinking about it ❤️,
https://www.instagram.com/p/CVYYpFvvI3B/,CVYYpFvvI3B,esmerosecoaching,Looks like your pup needs the smae lovin and caring too. 😉😄,
https://www.instagram.com/p/CVYYpFvvI3B/,CVYYpFvvI3B,purvisfamilycircus,"You are doing so good! Fed is best, and you are doing triple what most do. Hang in there mama! ❤️",
https://www.instagram.com/p/CVYYpFvvI3B/,CVYYpFvvI3B,knowingmemarie,Beautiful photo ❤️❤️ your’e amazing & you’re doing amazing navigating so much i am so in awe of you ❤️❤️sending you so much love and support.,
https://www.instagram.com/p/CVYYpFvvI3B/,CVYYpFvvI3B,s_tahereh_razzaghi,"Thank God that you succeeded with abdominal cerclage. God willing, I can also experience the third trimester of pregnancy with abdominal cerclage.❤️😍😍",
https://www.instagram.com/p/CVYYpFvvI3B/,CVYYpFvvI3B,mybeautifulblunder,You’re doing great mama!! And your smile says it all❤️,
https://www.instagram.com/p/CVYYpFvvI3B/,CVYYpFvvI3B,bobbybtuba,Doing great and tons of love to you guys. Beautiful. Everyday is a brand blessing🥰,
https://www.instagram.com/p/CVYYpFvvI3B/,CVYYpFvvI3B,myfertilityjourney.ca,"So happy for you! All the hard moments now are so worth it!
Sending all the love and strength to you and your family. 
*I also did not brush my hair for the longest time, and make-up? What’s make-up? 🤪",
https://www.instagram.com/p/CVYYpFvvI3B/,CVYYpFvvI3B,healthyivf,You look beautiful friend ❤️,
https://www.instagram.com/p/CVYYpFvvI3B/,CVYYpFvvI3B,rlnaicker,You look stunning and I’m so happy for you and your family. Your doing a great job in all aspects and baby is so blessed to have you as her momma! ❤️❤️❤️,
https://www.instagram.com/p/CVYYpFvvI3B/,CVYYpFvvI3B,ivf_mumma_tribe,You are doing amazing MUMMA 😍,
https://www.instagram.com/p/CVYYpFvvI3B/,CVYYpFvvI3B,littlemsaggie,Motherhood looks amazing on you. ❤️ how has the recovery from CS compare to the TAC?,
https://www.instagram.com/p/CVYYpFvvI3B/,CVYYpFvvI3B,onepetiteinfertile,You’re incredible. So proud to know you. 🤍,
https://www.instagram.com/p/CVYYpFvvI3B/,CVYYpFvvI3B,awaiting_baby_h,I am also triple feeding! You are a bad ass my friend ❤️👏,
https://www.instagram.com/p/CVOWgA6pxoo/,CVOWgA6pxoo,katie.r.nelson,Well what did u do ?,
https://www.instagram.com/p/CVOWgA6pxoo/,CVOWgA6pxoo,rachael122383,I definitely feel for this story…more info needs to be out there on this as I too had low supply with all 4 kids and kept hearing “it’ll get better next time”…it never did😢,
https://www.instagram.com/p/CVOWgA6pxoo/,CVOWgA6pxoo,lowmilksupplyfoundation,"#lowmilksupplyfoundation
#chroniclowmilksupply #igt #lowmilksupply #lowsupply #breastfeeding #bf #chestfeeding #ibclc #lactationsupport #bottlefeeding #donormilk #combofeeding #pacedbottlefeeding #sns #supplementalnursingsystem #atbreastsupplementation #lactaid #bottle #triplefeeding #breastfeedingproblems #breastfeedingsupport #breastpump #pumping #exclusivelypumping #milkbank #health",
https://www.instagram.com/p/CVVozjilqE1/,CVVozjilqE1,specialaddition,#specialaddition #pumpingbra #handsfreepumpingbra #exclusivelypumping #nicumom #breastfeedingandpumpingbra #returningtoworkmom #breastpumping #bravadobras #handsfreepumping #breastfeedinginaustin #triplefeeding,
https://www.instagram.com/p/CVzufsFJB12/,CVzufsFJB12,smoothtransitions__,This is an awesome post. Triple feeding is not ment for long term.  I have watched it drain my clients and a lot of their doctors do not give an end goal which makes it hard to keep pushing.,
https://www.instagram.com/p/CVzufsFJB12/,CVzufsFJB12,smoothtransitions__,I did this for my son. It was an intense few weeks but he got to a great birth weight quickly and I no longer had to do it. My current client is doing it now and I make sure to be there emotionally because it’s not easy❤️,
https://www.instagram.com/p/CVzufsFJB12/,CVzufsFJB12,miss.tahlia.jane,"This was my life with twins for the past two months 🙃 Finally got a private lactation consultant on board and worked out one bub had severe tongue tie and the other has jaw issues affecting latch, hence slow weight gain despite me having plenty of supply. Wish I'd got a lactation consultant on board from day 1 but couldn't afford it at first. Would've saved us so much stress over poor weight gain despite amazing output.",
https://www.instagram.com/p/CVzufsFJB12/,CVzufsFJB12,mama_of_the_crockerdidley_crew,This was me….. 11 months later I still suffer PND and medicated. I still have flash backs to those long long days of triple feeding. I still have guilt for ‘chucking in the towel and bottle feeding’,
https://www.instagram.com/p/CVzufsFJB12/,CVzufsFJB12,mosssophie,"What is triple feeding?I had to breastfeed, top up with breastmilk and then pump in the early days due to jaundice and it was really exhausting. Thankfully we didn't do it too long and went back to just breastfeeding.",
https://www.instagram.com/p/CVzufsFJB12/,CVzufsFJB12,leximarie_19,We had a very complex postnatal journey with my first bub which involved 3 months of triple feeding (including a few weeks of 12 pumps a day 😩) but extremely proud to be exclusively BF my 8 month old still after going to hell and back!,
https://www.instagram.com/p/CVzufsFJB12/,CVzufsFJB12,hayleyvanderkley,"Battling this now, started at 2 weeks old, now nearly 6 weeks bub still isn’t gaining well. Only way to get him satisfied is to top up or have a full bottle of EBM otherwise he’s screaming the house down, If he’s on the boob he passes out within 3 mins, not getting enough milk from me. My supply is fantastic though thankfully, probably thanks to constant pumping. It is absolutely draining with little reward🥺",
https://www.instagram.com/p/CVzufsFJB12/,CVzufsFJB12,trgna1,"Thanks for raising awareness of this, I had no idea this had a name till now. I did this till baby started solids after which I slowly reduced how often I pumped and finally stopped at 12 months. It was draining and exhausting and only possible because my husband is very supportive and was wfh during my entire maternity leave. There was no plan or guidance provided, MCH just told me to keep doing it. In hindsight I think it was unnecessary, my daughters weight did not pick up dramatically after starting solids. She's small (as am I and my husband) and that's just who she is. I think the hospitals/nurses should take ethnicity etc into consideration when looking at weight gain. If this had not been our first baby (or my husband was in the office) there's no way I would have exclusively BF for even a month.",
https://www.instagram.com/p/CVzufsFJB12/,CVzufsFJB12,milkybusinesslactation,4 weeks is still a decent chunk of time! So glad you found your groove together and we’re well supported 🙌🏼🧡,
https://www.instagram.com/p/CVzufsFJB12/,CVzufsFJB12,jesskbgregory,"So good to see posts and articles about triple feeding - helps to feel less alone when you're in it! ❤️ We did two rounds of triple feeding with my daughter, she was born six weeks early, low birth weight and I had supply issues early on (also went on Motilium). Triple fed for ten weeks with support from MCH which was helpful but sometimes received conflicting advice. After weaning off top ups my daughter's weight gain plateaued a bit so we saw an IBCLC who advised to go back onto triple feeding for another eight weeks (with a clear plan for monitoring effectiveness and weaning off again). It worked but it was a slog - definitely stubbornness on my part to keep going 😂 and I was lucky to have great support from family. She's now exclusively breastfeeding at seven months and I am glad we kept going but it was such a big part of our lives for so long.",
https://www.instagram.com/p/CVzufsFJB12/,CVzufsFJB12,amzley,I’m always super cautious about suggesting triple feeding- I did it myself so am very aware of the repercussions on mum especially- a plan is SO important and support is key!,
https://www.instagram.com/p/CVzufsFJB12/,CVzufsFJB12,whereonearthisalby,"We triple fed for 4 weeks and I cried with relief when the community midwife told me that we could stop. It was extremely exhausting, but I was well supported and had a clear plan from hospital midwives and doctors. It worked, our baby recovered and began to put in weight, still BFing exclusively at 8 months and plan to as long as baby wants. It was worth it for us, but I don't think we could have sustained for the periods of time in some of the comments on this post ❤️",
https://www.instagram.com/p/CVzufsFJB12/,CVzufsFJB12,erinsphotos,This is exactly what I was told to do when leaving the hospital - I didn’t know it had a name! I wore myself out completely trying (and failing) to increase supply for 6 weeks. I felt so deflated by the effort it took only to get 10-20mls from a pumping session. I wish the hospital had a more holistic view of mum and baby rather than just about aligning formula with poison 😢.,
https://www.instagram.com/p/CVzufsFJB12/,CVzufsFJB12,kazzogazzo,I wish someone like you was around to guide me through this when I brought my first baby home from the NICU. You are providing an amazing service for mother’s xo,
https://www.instagram.com/p/CVzufsFJB12/,CVzufsFJB12,by.malyssa,"Ahh how timely I'm just working on a podcast chatting about my postppartum experiences and a big part of it was triple feeding with my first for 9 weeks 😴 it certainly is unsustainable and this time I chose not to pump and while it may have helped increase my supply, this time I've managed to stay mix feeding for 6 months as opposed to exclusive formula after 9 weeks!",
https://www.instagram.com/p/CVY_uqrgs43/,CVY_uqrgs43,motheroffun_,Baybeeee that “lack of control over your body” is REAL 😩 I’m 13 months in and for some odd reason I can’t bring myself to wean & let go smh.,
https://www.instagram.com/p/CVY_uqrgs43/,CVY_uqrgs43,heysnowlilies,"So far I’ve had such a positive experience with exclusive breastfeeding! I have definitely struggled a lot, but we’ve almost made it a full year this Thursday!",
https://www.instagram.com/p/CVY_uqrgs43/,CVY_uqrgs43,mrsyessoh,"I have a ton of cons: exhaustion, engorgement, the pain, pumping and cleaning parts , I don’t know how I lasted two months",
https://www.instagram.com/p/CVY_uqrgs43/,CVY_uqrgs43,thinklikeamom_,#thinklikeamom⁣ #breastfeeding #breastfeedingmom #breastfeedingmama #breastfeedingjourney #breastfeedingsupport #breastfeedingmoms #breastfeedingmommies #breastfeedingmommy #breastfeed #breastfed #firsttimemom #firsttimemommy #firsttimemama #firsttimemomma #formulafeeding #formulafed #combofeeding #triplefeeding,
https://www.instagram.com/p/CSUjo3AnOT0/,CSUjo3AnOT0,eggfeathershomestead,"I have been nursing babies for 16 years now, many times with little to no break in between. I love these times. They are so short, but so very sweet.",
https://www.instagram.com/p/CU5lHesFBL1/,CU5lHesFBL1,sabialz,"Thank you for this, very helpful! 🙏 Kaia, you mentioned that it is possible to combo feed in a way that will maintain current supply. I am curious to know more! How exactly would that work? Thanks!",
https://www.instagram.com/p/CU5lHesFBL1/,CU5lHesFBL1,maureen007,This is SO helpful. I wish I had seen this before beginning the feeding journey with my first. This makes me feel much more hopeful about future feeding journeys knowing that I won’t have to triple feed ever again.,
https://www.instagram.com/p/CU5lHesFBL1/,CU5lHesFBL1,stephanie_lawry505,My supply has continued to go down since getting my period back at 13 weeks post partum. My baby is 6 months now. Is it too late to boost my supply? To give him my milk till he’s 1? He nurses first thing in the morning but prefers a bottle the rest of the day so I’m pumping every 3 hours so he at least can still have some of my milk. I maybe get 4 oz total for the whole day now. The rest of the time he gets formula. He had a tongue and lip tie revision at 5 weeks old.,
https://www.instagram.com/p/CU5lHesFBL1/,CU5lHesFBL1,kwong2988,"Low supply momma here at 9wks pp and so many questions so many emotions.  When parallel pumping, how much will it impact what baby gets when switching sides?",
https://www.instagram.com/p/CU5lHesFBL1/,CU5lHesFBL1,beekarac,"Hi! Low supply mom here trying to get her supply up before the 6 week mark (currently 5 weeks). I’ve been feeding on demand and then adding in either 2-3 pumping sessions during the day/night at which point I will feed her with previous/day or night’s expressed milk (same time as pumping). Kaia, you mentioned that combo feeding can reduce supply - is it if the bottle replaces a feed at the breast? I too struggle with the thoughts of “am I draining this breast during the pumping session and then affecting the next at-breast feed?” Is there a better way to encourage milk to come in than what I’m currently doing?",
https://www.instagram.com/p/CVnHfA7ljCx/,CVnHfA7ljCx,m0mma_0f_three_25,"Yas 🙌👏 all the stuff they don't teach (or at least when I was a first time mom) about ties, that it was on to feed whenever cause the hospital drilled into my head every 2 hours,  every 2 hours... I did that for 3 months with joslyn",
https://www.instagram.com/p/CVzufsFJB12/,CVzufsFJB12,l1ainey,"I triple fed for ten weeks, advised by our community nurse. This was as our boy was 6 weeks old and after being prescribed motilium 5 days post partum. I have never been more exhausted in my life and feed focused. I felt like I missed part of our newborn bonding bubble.",
https://www.instagram.com/p/CVzufsFJB12/,CVzufsFJB12,bec_scullion,I didn’t triple feed for anywhere near as long as some of the mummas commenting here and I still found it exhausting and time consuming. Props to all of you 👏👏,
https://www.instagram.com/p/CVzufsFJB12/,CVzufsFJB12,danosleiman,Yes this didn’t help me in the long run. It’s very draining,
https://www.instagram.com/p/CVzufsFJB12/,CVzufsFJB12,amybeath,"Yes! Triple feeding lasted just over 12 weeks for us - sadly wasn’t sustainable when partner went back to work face to face. Combination feeding now and babe is a happy, healthy 6 month old",
https://www.instagram.com/p/CVzufsFJB12/,CVzufsFJB12,amandaapls,"Yes, sort of, I guess. 5 months in and my supply has never increased despite motilium and every galactagogue on the planet. Just too stubborn to give up 😂",
https://www.instagram.com/p/CVzufsFJB12/,CVzufsFJB12,d_e_walsh,I have been doing this for over 5 months now. If it wasn’t for lockdown I would have given up breast feeding. It has been very difficult at times. Supportedish I would say. But definitely no long term plan to help my mental health with it,
https://www.instagram.com/p/CVzufsFJB12/,CVzufsFJB12,midwifelauretta,"So good Kate, I think this happens all too often and it’s just not sustainable! Exhausting and time consuming, there needs to be support and plans as you’ve said for an end point:)",
https://www.instagram.com/p/CVzufsFJB12/,CVzufsFJB12,taylor_teasdale,"We did this for 6 weeks because LO dropped more than 10 % of weight 3 days after birth. It was frustrating because I had supply but without the top up bub wasn’t putting on the required weight. When I questioned the MCHN they just told me to keep doing what I was doing, it was evidently working. 
Annoyed no one was giving me answers I booked to see a IBCLC who advised me to stop it all and just let her feed. 8 weeks later she’s very healthy and mum is a lot happier and less stressed that we can just feed 🥰",
https://www.instagram.com/p/CVzufsFJB12/,CVzufsFJB12,pgibby,Triple feeding absolutely destroyed me. I recall turning up to a drop-in bf clinic and totally falling apart wondering why a health professional had recommended I do it. I ended up exclusively pumping for 8mo and topping up with formula. Cutting out the traumatic and ineffective feed at the breast was such a benefit to us all.,
https://www.instagram.com/p/CVzufsFJB12/,CVzufsFJB12,heatherpaters0n,Week 5 here 😅 and obsessed with the top ups as it’s the only time I can knock him out on a FULL tummy for a proper nap.. BF alone he just snack and snoozes for hours.,
https://www.instagram.com/p/CVzufsFJB12/,CVzufsFJB12,boymummymelb,My bub was born 6 weeks early last Sept and I was put on this regime immediately. This term was not coined in hospital. I really struggled in the weeks I was trying to keep up with expressing at home and taking this to the hospital for bub. If I hadn't expressed enough over 24hrs he was given formula top-ups.,
https://www.instagram.com/p/CVzufsFJB12/,CVzufsFJB12,rebecca_m_flask,I was advised to do this from the minute we left hospital. I didn’t even know how to use a breast pump. Thankfully it wasn’t dire and we got through a few weeks without doing it then started up when I could get my head around it. More support would have been very helpful for a first time mother.,
https://www.instagram.com/p/CVzufsFJB12/,CVzufsFJB12,laurajh682,I battled through for 3mths. Absolutely exhausting. I cried when I made the decision to stop but now we’re all so much happier,
https://www.instagram.com/p/CVzufsFJB12/,CVzufsFJB12,__pinkk__,"Yes, no, no lol.  I lasted 3 months, I was on motilium saw specialist after specialist.  My little man is 2 now and in the 90%. But I'll try again when I get I get a chance 😊",
https://www.instagram.com/p/CSS1qXrM5jy/,CSS1qXrM5jy,nnlactation,❤️ you have worked sooooo hard ! Congratulations!! He’s adorable.,
https://www.instagram.com/p/CSS1qXrM5jy/,CSS1qXrM5jy,lactdev,"I love this post so much! You are amazing, Amy! 🎉 🥳 🙌",
https://www.instagram.com/p/CU05a2_rzHA/,CU05a2_rzHA,seemarie86,"I was told 6 weeks ago to breastfeed then give 2oz formula. I didn't realize it was a blanket statement at the time. So frustrating! Why not help us figure out the ""why?""",
https://www.instagram.com/p/CUdjGAfgLJr/,CUdjGAfgLJr,lulasoul,"This hits home❤️ I spent weeks trying it all to get my supply up, doing everything you can think of, crying constantly and wasting what should have been great moments with my baby. All to find out that it was my PCOS that was to blame for low supply and there wasn’t much for me to do about it but accept the reality ❤️. Had I known sooner, I would not have gone through such a hard time and been so so hard on myself. Wish more education was out there even for those of us who know we have PCOS, but, don’t know all of the effects it has on our bodies.",
https://www.instagram.com/p/CXuJ24-hxJA/,CXuJ24-hxJA,j9cheryl,❤️❤️❤️ breastfeeding at the chest and bottle feeding with a breastmilk/formula mix due to low supply. Start most feedings at the breast then offer top up bottle if needed. I pump between feedings but usually not enough to fill the top up bottles. It's a whole crazy process!,
https://www.instagram.com/p/CXuJ24-hxJA/,CXuJ24-hxJA,katrinaamyt,Worried I might not get my supply up and might have to mix feed. Used to have an oversupply and put a little in the freezer. Have had to dip into the freezer stash twice in the last week. Thankful to have it.,
https://www.instagram.com/p/CXuJ24-hxJA/,CXuJ24-hxJA,maddsi,"❤️ Tried BF, didn’t work out. Moved to EP and when bubs started having more my supply couldn’t keep up. So do 1-2 bottles of formula a day. Works for us. Also the added convenience that when we are out and about we give formula so don’t need to worry about taking breast milk, keeping cold / heating up etc.",
https://www.instagram.com/p/CXuJ24-hxJA/,CXuJ24-hxJA,the.erb.household,❤️ pumping and supplementing with formula for whatever my milk can’t cover for little man,
https://www.instagram.com/p/CXuJ24-hxJA/,CXuJ24-hxJA,genna_schulte,🥂 been there and it is truly something else 🥲 hats off to you mamas,
https://www.instagram.com/p/CXuJ24-hxJA/,CXuJ24-hxJA,geena.delgado,Exclusively pumped without formula for 7 months until I decided to drop to 2 ppd now I do combination feeding and it works great for us! ❤️❤️❤️,
https://www.instagram.com/p/CXuJ24-hxJA/,CXuJ24-hxJA,gracielord,"❤️❤️ I have newborn twins and a 3 year old. I mix feed because my supply isn’t enough to feed both. So I give them as much breastmilk as I can, and then top up with formula when I need too. Also, sometimes I choose to spend time doing something with my 3 year old instead of being stuck to the pump.",
https://www.instagram.com/p/CXuJ24-hxJA/,CXuJ24-hxJA,coleyem,❤️ we do what we can!,
https://www.instagram.com/p/CXuJ24-hxJA/,CXuJ24-hxJA,abbey_blakely_,@jannah_donaldson 🥂 you're amazing 💜,
https://www.instagram.com/p/CXuJ24-hxJA/,CXuJ24-hxJA,caitiemayte,The bottle cleaning and sterilisation is the worst part I swear!,
https://www.instagram.com/p/CSSCNn2Ln4O/,CSSCNn2Ln4O,pumpwithpurpose,I love everything about this post. Thank you for sharing!,
https://www.instagram.com/p/CSSysMLpt2r/,CSSysMLpt2r,thriveathomemum,#breastfeeding #bottlefeeding #formulafeeding #newmum #newborn #newmom #triplefeeding #ppa #ppd #postpartum #womensupportingwomen #fedisbest,
https://www.instagram.com/p/CSTGy-YAbsb/,CSTGy-YAbsb,rebeccaatkins22,#breastfeeding #breastfed #nationalbreastfeedingweek #hard #journey #bond #mother #daughter #pumping #exclusivelypumping #triplefeeding #tired #sleeplessnights #baby #fedisbest #hardestthingiveeverdone #specialbond #medela #medelabreastpump #lansinoh #bilibaby #newmomlife #5months,
https://www.instagram.com/p/CUd9TvsDo3x/,CUd9TvsDo3x,courtneygradel,She has adopted 5 out of foster care ❤️,
https://www.instagram.com/p/CUp8EthgZTm/,CUp8EthgZTm,kiddomag,ALL FEEDING JOURNEYS 🙌 ♥️ #supportedisbest,
https://www.instagram.com/p/CUp8EthgZTm/,CUp8EthgZTm,janiyamwilliams_,Lol!!! Omg!! I just read the post in entirety!! You make my heart smile. You are one fabulous LC. It’s about helping folks by educating and listening ❤️,
https://www.instagram.com/p/CSQFNM2sxxG/,CSQFNM2sxxG,atlassianjewelry,You're an amazing mom Kelly! So proud of you and amazed on your journey of breastfeeding ♥️♥️,
https://www.instagram.com/p/CSQFNM2sxxG/,CSQFNM2sxxG,nicholemerry,You’re incredible Kelly and I’m so proud of you. You’re an amazing mom.,
https://www.instagram.com/p/CSQFNM2sxxG/,CSQFNM2sxxG,leolefteyelopez,"I love you, Momma. Thanks for always making time for me even when you are busy. I’m a lucky pup. I love you. ❤️",
https://www.instagram.com/p/CSQFNM2sxxG/,CSQFNM2sxxG,victoriasmendoza,"Oh mama, best of luck on your journey from a fellow low milk supplier ❤️",
https://www.instagram.com/p/CSQFNM2sxxG/,CSQFNM2sxxG,donohue4428,You are a great mom. Thanks for sharing your story. I didn’t even think of such a gift shared by other moms. Women always helping each other. That is so beautiful.🙌❤️❤️❤️,
https://www.instagram.com/p/CSQFNM2sxxG/,CSQFNM2sxxG,kaarinagilchrist,"You are Rockin’ this new Mama gig ❤️….As a Birth Doula, I tell my clients and my own daughters, formula fed kids thrive too…Do what works for your lil family 🥰🥰🥰",
https://www.instagram.com/p/CSQFNM2sxxG/,CSQFNM2sxxG,aliza__mooney,"So brave to share this!  It takes a village means so much and isn’t just a catch phrase. I was able to donate my milk years ago and reading your story makes me so glad that I did. I never really thought much about the mothers emotions about it, just the child needing it when I donated. (I was really young 21/23). Hoping your journey goes smoother going forward and supply catches up to his needs. 💜💚 Again so brave and important to share stories like this.",
https://www.instagram.com/p/CSQFNM2sxxG/,CSQFNM2sxxG,_michelle_annett_,Oh Kelly! You are so strong! I’m so sorry this is your experience! I struggled with breastfeeding Turner- latch (did the tongue tie) and supply in the beginning. Spent 9 weeks dedicated to trying to get him to latch properly and pull enough milk. Ended up exclusively pumping for 9 months. Was determined with Isla to breastfeed her. She ended up in the NICU at 3 days old because of dehydration 😔. I had no idea she wasn’t getting enough because she was latching. Breastfeeding is a special kind of challenge and you deserve all the love and respect for what you are doing.  Wishing you the best.,
https://www.instagram.com/p/CSQFNM2sxxG/,CSQFNM2sxxG,el_e_bee,So proud of you. You are strong and loving. Bless you.♥️,
https://www.instagram.com/p/CSQFNM2sxxG/,CSQFNM2sxxG,cortcarpenterofficial,"Proud of you, babe. Love you so much ❤️",
https://www.instagram.com/p/CSQFNM2sxxG/,CSQFNM2sxxG,chrissowardsdetar,"You are doing awesome, and you are rocking Motherhood! You’ve got this!!!❤️❤️❤️ donor milk? Never heard of it but it makes perfect sense! I could only breast feed for 4 months and had to supplement with formula. I also enrolled my son into infant massage class with mommy. It was a lot of fun, met new moms, and we shared our stories. You are never alone 💙💚💙💚💕😘",
https://www.instagram.com/p/CSQFNM2sxxG/,CSQFNM2sxxG,roslynleeclark,Beautiful story sharing the love of your son above all else💙,
https://www.instagram.com/p/CSQFNM2sxxG/,CSQFNM2sxxG,dellabaisden,Interesting that you mentioned your hypothyroidism... I have that and had difficulty getting pregnant... after 3 miscarriages I finally got pregnant and had a healthy baby boy 36 years ago this September... anyway I was going to I was only able to nursed him 3 months.,
https://www.instagram.com/p/CUazqy0hD2V/,CUazqy0hD2V,iamtaraodell,Have you heard or used a Haaka?! Breastfeeding gamechanger 🤯🙌🏼,
https://www.instagram.com/p/CSQLpSsMzc5/,CSQLpSsMzc5,mointhemountains,"Wow mama, you are incredible!!",
https://www.instagram.com/p/CSQLpSsMzc5/,CSQLpSsMzc5,venturingveronica,Triple feeding! You’re an amazing mama!,
https://www.instagram.com/p/CSQLpSsMzc5/,CSQLpSsMzc5,catalina_outdoors,"You're an amazing mother!!! I have had my fair share of breastfeeding word, but you're incredible for continuing on! You go girl!",
https://www.instagram.com/p/CSQLpSsMzc5/,CSQLpSsMzc5,amandacapable,Thank you for sharing your story ❤️,
https://www.instagram.com/p/CSQLpSsMzc5/,CSQLpSsMzc5,smallthingsgreatdreams,"My breastfeeding journey was different with each of my three kiddos, and there were challenges and doubts and exhaustion and tears, but I treasure those days so much! ❤❤ You go mama!!",
https://www.instagram.com/p/CSQLpSsMzc5/,CSQLpSsMzc5,outdoorsy.families,Thank you for sharing your breastfeeding journey! I had to triple feed with my son and it was rough with only one baby! You’ve got super mom powers!,
https://www.instagram.com/p/CSQLpSsMzc5/,CSQLpSsMzc5,buckuprebecca,"😍😍🙌❤️ Don’t rock the boat there, baby!! 😘❤️🙌",
https://www.instagram.com/p/CSQLpSsMzc5/,CSQLpSsMzc5,adventuremorefam,major props to you! definitely the hardest part of motherhood for me and I only have 1 child!,
https://www.instagram.com/p/CUVf3_VPwkb/,CUVf3_VPwkb,ericas_life,How is the willow pump is it worth the money?,
https://www.instagram.com/p/CSPSgymsudB/,CSPSgymsudB,crappyeggs,You are incredible Nic! 💪🏼♥️ Your babies are so lucky to have you x,
https://www.instagram.com/p/CSPSgymsudB/,CSPSgymsudB,thislimboland,Feeding is SUCH a tricky thing. Well done for pushing past it all and boobing away despite everything. ❤️,
https://www.instagram.com/p/CSRinXLNjsG/,CSRinXLNjsG,maddwoe,Oooh yes. That week was so hard but it definitely worked!,
https://www.instagram.com/p/CSNe5C0LQyK/,CSNe5C0LQyK,victoriasmendoza,I’m a low supplier too. Much love mama ❤️,
https://www.instagram.com/p/CSNOcedssqw/,CSNOcedssqw,alanaferries,"You are amazing👏🏼! I tried so hard with my third baby who is now 20 months and it just wasn't happening, I was heartbroken, even now I still wish I had pushed through it😔",
https://www.instagram.com/p/CULnFySPnGB/,CULnFySPnGB,sprinkledwithpaper,Im excited for the family recipes!!,
https://www.instagram.com/p/CUFtOeHJDFH/,CUFtOeHJDFH,lavidadeashley,"I wanted to like this then immediately was saying ""No, it needs a crying face!"" in my head. 😩😭 I totally understand this. I remember crying after struggling to breastfed my youngest. I dropped a 5 ounce bottle that I worked sooooo hard for. I cried for an hour! So thankful I had support. You are such an amazing mama to share your journey 🙏🏽💙",
https://www.instagram.com/p/CUFtOeHJDFH/,CUFtOeHJDFH,lizjackson2276,Oh baby girl....that's terrible....I know how you feel😢😮,
https://www.instagram.com/p/CSQFNM2sxxG/,CSQFNM2sxxG,kariparr,"Love you, lady! From one fellow low supplier and doing ALL the things to help it, I understand how stressful that feels. You’re an amazing mama and doing what’s best for you and your baby. ❤️",
https://www.instagram.com/p/CSQFNM2sxxG/,CSQFNM2sxxG,gfaillo,Don’t beat yourself up xo,
https://www.instagram.com/p/CSQFNM2sxxG/,CSQFNM2sxxG,ecarpenter4,Great write about your new journey Kelly. ❤️❤️❤️❤️❤️❤️,
https://www.instagram.com/p/CSQFNM2sxxG/,CSQFNM2sxxG,mschristinegallegosrollins,"Aw, sweetie! Don’t cry 😢 everything will be ok ✅ You’re doing great! Keep your chin up ❤️🙌",
https://www.instagram.com/p/CSQFNM2sxxG/,CSQFNM2sxxG,amberli.nicole,"I feel this so deeply. We struggled with low supply as well. You’re the best mom to Lux and he’s lucky to have you. Keep on keeping on, mama ❤️",
https://www.instagram.com/p/CSQFNM2sxxG/,CSQFNM2sxxG,_michelle_barker_,I couldn’t produce enough either,
https://www.instagram.com/p/CSQFNM2sxxG/,CSQFNM2sxxG,smokiegeyer,"Sorry it's not an easy going process for you...but glad you are finding your way, as long as it works for your family that's all that matters💗",
https://www.instagram.com/p/CSQFNM2sxxG/,CSQFNM2sxxG,jmfree19,You are a warrior….being a mom comes with so many challenges but also the best moments.  Stay strong….. ❤️,
https://www.instagram.com/p/CSQFNM2sxxG/,CSQFNM2sxxG,lindaelizabeth77,Love you and hang in there! I HATED breastfeeding and always thought it was the hardest part of all of it. You’re strong and you got this. 🤗,
https://www.instagram.com/p/CSQFNM2sxxG/,CSQFNM2sxxG,k_figgy17,"I’m glad you found something that works for you! You will always know what works best for you and your baby. And don’t forget, you’re a GD cheetah who can do hard things! ❤️",
https://www.instagram.com/p/CSQFNM2sxxG/,CSQFNM2sxxG,smokymtngirl76,"Kelly, this is beautiful. Thank you for sharing. 💕",
https://www.instagram.com/p/CSQFNM2sxxG/,CSQFNM2sxxG,jordanmurrellfreeman,LOVE you! You’re a GREAT Mom! 💞,
https://www.instagram.com/p/CSQFNM2sxxG/,CSQFNM2sxxG,b.scurt,You’re doing amazing. It’s such a wild ride and can be such a heartbreaking and heartwarming journey. I’m so glad you found donor milk and just know that you are always doing the best - whatever that may look like in that moment.,
https://www.instagram.com/p/CSHA3kGFj9K/,CSHA3kGFj9K,theconstructionmama,#worldbreastfeedingweek #worldbreastfeedingweek2021 #breastfeeding #combofeeding #triplefeeding #mamahood #postpartum #10monthsold #motherhood,
https://www.instagram.com/p/CUArCs3tM_a/,CUArCs3tM_a,the.baby.dietitian,This is such an important reminder!,
https://www.instagram.com/p/CUArCs3tM_a/,CUArCs3tM_a,my_rainbow.is_here,👏👏👏 yes! This! I've felt so dismissed by my doctors it's infuriating,
https://www.instagram.com/p/CSCnTnosSF-/,CSCnTnosSF-,nubiasqueendom,Breast feeding for 18 months is amazing your baby will be so healthy 😍😍,
https://www.instagram.com/p/CSCnTnosSF-/,CSCnTnosSF-,lifeofamelbournemumma,Makes me sad we have stopped 😍 such a milestone for you guys x,
https://www.instagram.com/p/CSCnTnosSF-/,CSCnTnosSF-,mama_life_with_9,Platinum boobs!! Weldone you!! 🏅🏅🏅,
https://www.instagram.com/p/CSCnTnosSF-/,CSCnTnosSF-,heytheremummabear,Definitely claim it! Well done you 💛,
https://www.instagram.com/p/CSCnTnosSF-/,CSCnTnosSF-,mylittleducks1,You should definitely claim it. You worked hard my little girl wouldn’t take to the breast so I switched to formula. It takes a strength to keep going and I’m glad you got there xx,
https://www.instagram.com/p/CSCnTnosSF-/,CSCnTnosSF-,em.knight95,That's absolutely incredible 🎉 such an achievement whether it's pumping or from the breast!,
https://www.instagram.com/p/CSCnTnosSF-/,CSCnTnosSF-,eleansell,"If anything you worked harder for it, all that pumping 😨 many wouldn't have carried on at that point so enjoy your award, whatever it is 🤔 I'm there is 3 days too 🙌",
https://www.instagram.com/p/CSCnTnosSF-/,CSCnTnosSF-,simonealanaofficial,I loved reading this! Well done Helen. You are doing absolutely amazing ❤️❤️,
https://www.instagram.com/p/CSCnTnosSF-/,CSCnTnosSF-,mummycleans,"Lovely photos ❤️ well done Helen, you have every right to celebrate this 👏",
https://www.instagram.com/p/CSCnTnosSF-/,CSCnTnosSF-,babyinthemakings,You should definitely claim it and celebrate! You’ve done amazing to get so far especially through the early struggles! 💪🏼🥰 xx,
https://www.instagram.com/p/CTmaRxuNd2-/,CTmaRxuNd2-,milkandcradleva,"Awww thank you Dani!! So kind of you to say.  Can’t wait to connect with you again, I was in your area yesterday with a client but had a very tight day 😩",
https://www.instagram.com/p/CTmaRxuNd2-/,CTmaRxuNd2-,experience.birth,“Breastfeeding” and “Tikara” have become a bit synonymous in my mind. Our community is blessed to have you!,
https://www.instagram.com/p/CTmaRxuNd2-/,CTmaRxuNd2-,maggiewilliamsphoto,Yes!!! We are so lucky to have you!,
https://www.instagram.com/p/CSCrC8Up4Xz/,CSCrC8Up4Xz,tech_mama_pnw,"I had to do this with my late-term preemie because she didn’t have enough strength to get all the milk from the breast initially. It definitely worked for us as far as establishing breastfeeding and keeping her fed. By 2.5 weeks old we were able to drop the bottle post breast feeding, and a silver lining was that she could easily feed from bottle or breast afterwards. The down side is that my breast were over stimulated and is struggled with severe over supply and I am still dealing with that, even 5.5 weeks after birth",
https://www.instagram.com/p/CSCrC8Up4Xz/,CSCrC8Up4Xz,studio_cardasty,I did this with my first two and now trying with my third and it’s impossible. Not able to breastfeed as much and was not able to increase supply much. At two months and not producing enough milk even to cover half the feedings. Sad that I can’t breastfeed as much as I would like,
https://www.instagram.com/p/CSQFNM2sxxG/,CSQFNM2sxxG,madimargarita,What a SUPER mom!! 💕💕,
https://www.instagram.com/p/CSQFNM2sxxG/,CSQFNM2sxxG,holisticallykelly,"(caption continued) 
It threw me off at first, until it didn’t. I quickly remembered that my sister in law, Jordan, was breastfeeding their now 3 month old baby, and reached out to her to see if she had a stash of milk that she would be willing to share with us. She had been building a stash for a vacation that was coming up but selflessly gave it to us 😭 
It kept Lux fed in those early days and took a ton of stress off my shoulders because I knew Lux was getting the best nutrition possible, even if it wasn’t from me specifically. I loved the peace that provided, so with my lactation consultant’s help, found another donor, someone local with an oversupply who had milk to give. The donor milk has been keeping us afloat while I continue trying to get my supply up. The donor milk eventually runs out though, so my days as a new mom are spent feeding Lux from my breast and bottles, pumping, hand expressing, and checking our local milk sharing Facebook pages networking with other mamas to try & find the next batch of donor milk. It sounds like a lot, and it is - but it’s the solution I’m most comfortable with for now. I realize there are other ways to feed him and those may be in our future but for now, this is our chosen path. There’s a special kind of pain that only moms with a low supply know. But to see how women rally around other women to help when this happens, share their own precious milk with a sister or even a perfect stranger, lend a supportive ear, and share their own stories and struggles so you don’t feel so alone - is the silver lining for me. It’s an experience I never anticipated but I’ll pony it up to another humbling and eye-opening part of motherhood. One of many more to come, I’m sure.",
https://www.instagram.com/p/CSQFNM2sxxG/,CSQFNM2sxxG,holisticallykelly,"#lowmilksupply #worldbreastfeedingweek 
#lowsupply #normalizebreastfeeding #normalizebfing #breastfeeding #triplefeeding #breastfeedingweek #breastfeedingmom #lactation #breastfeedingmama #postpartum #breastfeedingawareness #breastfeedingjourney #breastfeedingsupport #breastfeedingproblems #lactationsupport #lactationcookies #lactationconsultant #lactationtreats #milkdonor #pumpingmom #pumping #bottlefeeding #bottlefeed #bottlefed #momssupportingmoms #momshelpingmoms",
https://www.instagram.com/p/CR_z0K0Avf4/,CR_z0K0Avf4,the_essex_birth_company,Such an important message! X,
https://www.instagram.com/p/CR_z0K0Avf4/,CR_z0K0Avf4,mom.life.rn,This 🙌🙌🙌🙌 it’s the same as people who are under or overweight. Is it good for you? No. Does it devalue your life as a human being? Also no.,
https://www.instagram.com/p/CR_z0K0Avf4/,CR_z0K0Avf4,instinctualmothering,#breastfeedingmyths #breastfeedinginpublic #supportedisbest #breastfeedingproblems #nursingmom #bottlefeeding #pumpingmom #exclusivepumping #exclusivebreastfeeding #ebf #pumpingmom #pumpmommapump #pumpingbreastmilk #breastmilk #breastmilkstorage #breastmilksupply #combofeeding #supplementing #triplefeed #triplefeeding #lowsupplymom #lowsupply #lowbreastmilksupply #csectionrecovery #csectionmom #igtmom,
https://www.instagram.com/p/CTVFVY3gqWg/,CTVFVY3gqWg,brigidstevenson,You are an awesome Mom.  GG,
https://www.instagram.com/p/CTVFVY3gqWg/,CTVFVY3gqWg,instinctualmothering,Wow triple feeding for 8 weeks 😮😮😮,
https://www.instagram.com/p/CR1IZhHhyYi/,CR1IZhHhyYi,ivfandchampagne,I’m finding that I’m breastfeeding once or twice a day and then pumping and bottle feeding the rest. I couldn’t do the nurse/bottle/pump thing- it was too much. Even so- we’re on the 3 hour schedule too and just doing the best we can. 🙏,
https://www.instagram.com/p/CR1IZhHhyYi/,CR1IZhHhyYi,therowantwins,"I made it to 8 weeks, but then had to go back to work. So we became Team Bottle. I miss the connection, and the lack of a full sink of bottles (haha!), but it is much easier to get some sleep. ❤️❤️❤️",
https://www.instagram.com/p/CR1IZhHhyYi/,CR1IZhHhyYi,raising_beautiful_chaos,"I put a lot of pressure on myself with my first born to nurse for a full year. I made it to 7 months and felt like a failure, which was so silly now that I look back. With our twins I had the same hopes but I had to throw the towel in early. I stopped exclusively nursing just over 2 months. Then for another month I just pumped and then I realized I had to take care of myself. I was literally breaking in more ways than I thought was ever possible and I needed to do something that was in my best interest. Breast milk, pumping, formula...they all give your baby what they need. My advice would be to release the stress and pressure you out on yourself and then you will find what is truly in the best interest for all of you. Thinking of you mama!!",
https://www.instagram.com/p/CR1IZhHhyYi/,CR1IZhHhyYi,lissyd,I had to do the triple feeds for a while (only one baby!) and it was so tough. I can't imagine trying to manage that with two - you're doing so amazing!,
https://www.instagram.com/p/CR1IZhHhyYi/,CR1IZhHhyYi,justanotherinfertilemom,"You already know our twins aren’t here yet but I struggled so much with Mia in the beginning. Pumping, trying to get her to feed/latch - I went as far as hiring a lactation consultant that had me feeding her through a nipple shield and a tube in a bottle fed through it with pumped milk. Did that for weeks hoping she would eventually get the hang of breastfeeding. I went insane!! Ended up giving up on breast-feeding after about a month or so and just exclusively pumped for 9 months. It was definitely hard mentally for me! Just give yourself grace and do whatever you need to do for your sanity ♥️",
https://www.instagram.com/p/CR1IZhHhyYi/,CR1IZhHhyYi,welcome_to_kerryland_,"I’ve 4 week twins and formula feeding, milk never came for me, but i applaud anyone who can do the Breast I find the bottles are hard enough, this feeding every 3 hours is tough going",
https://www.instagram.com/p/CR1IZhHhyYi/,CR1IZhHhyYi,abbyblack1010,Feeding the girls was a struggle! In the nicu I pumped for the first 4 weeks before I could introduce them to breast. Then it was harder than I thought so by week 8 they were back to half breast half bottle. By month 3 they were strictly bottle. They had bad lip ties and I just couldn’t handle the fight to eat every feed. Bottle was so much easier for us. I couldn’t keep up with pumping after month 5 though and they got put on donor milk and still going strong at 8.5 months,
https://www.instagram.com/p/CR1IZhHhyYi/,CR1IZhHhyYi,kayla_aston,"I’ve been exclusively pumping / supplementing with formula. I eventually wanted to also breastfeed, but I’m just so tired to try to tackle that too. You’re doing great!",
https://www.instagram.com/p/CR1IZhHhyYi/,CR1IZhHhyYi,lawlesssmama,"Oh I feel you girl! 8wo twins here 🙋‍♀️ we are working on breastfeeding, but my boys aren't gaining fast enough, so we are still pumping and bottle feeding with a few bottles a day fortified with formula to help with weight gain. I wish we could just go straight to breast and be done with it, but I know this is what's best for them for now. Keep it up mama! You're doing great!",
https://www.instagram.com/p/CVzufsFJB12/,CVzufsFJB12,__lifewithemma,"Triple feeding lasted 6 weeks for us, it was so so tough but very worth it ❤️",
https://www.instagram.com/p/CVzufsFJB12/,CVzufsFJB12,milkybusinesslactation,#triplefeeding #topups #formula #breastmilk #topuptrap #breastfeedingmum #newborn #breastfeebaby #breastfeedingproblems,
https://www.instagram.com/p/CXuJ24-hxJA/,CXuJ24-hxJA,sarah_jayne94,❤️ Mixed feeding due to supply issues. Little man stopped latching in the boib at 4 days old after I was re admitted to hospital for a dural puncture/headache. Takes a bottle like a champ and this mumma is happily able to give him 1-2 bottles a day of breast milk. Have just dropped from 4 pumps to 3 and added a power pump as the last for the day and supply has only dropped slightly,
https://www.instagram.com/p/CSzH4vCsdXK/,CSzH4vCsdXK,breee_faith,YES! I am a current DNP student in Midwifery and Women’s Health. I’m focusing my DNP project on creating screening guidelines for CMLS after going through it myself. This work is so important and the work you’re doing is vital.,
https://www.instagram.com/p/CSzH4vCsdXK/,CSzH4vCsdXK,cupcakecomments,"As someone with a chronic low supply I can tell you it's the most heartbreaking experience of my life so far. I pumped, pumped and pumped. I've latched the baby. I've drunk 3l. I've taken supplements. I've  asked for a prescription to increase. I've cried, prayed, said sorry to my baby. I pump 40ml a day over 5 pumping sessions and I give it to my baby because it is all I can do. I've never felt shame or sadness quite like it. I never expected it. I really wish there was more out there about it too. 💔💔💔",
https://www.instagram.com/p/CSzH4vCsdXK/,CSzH4vCsdXK,holisticallykelly,"The comparison between studies done on ED vs low milk supply 🤦🏻‍♀️ 
Our priorities are sooooo backwards",
https://www.instagram.com/p/CSzH4vCsdXK/,CSzH4vCsdXK,bud_timmy2,"Yes yes yes.. I have IGT there is so little about it, but I have been doing research for over two years and I have learned so much.",
https://www.instagram.com/p/CSosKmrgdlE/,CSosKmrgdlE,milkdrop_pumps,"Same thing happened to me! The flange sizing was so confusing. I ended up with pain and blisters, and nobody seemed to really know how the pumps worked or were best used. Actually, it was the whole reason I invented these silicone pads!!",
https://www.instagram.com/p/CSosKmrgdlE/,CSosKmrgdlE,mrs.melissa.lopez,Definitely happened to me. I’ve been able to learn a lot through trial and errors and then online but would’ve been great to be taught to avoid the pain from learning. They just ask if we have questions and  I wouldn’t have known to ask those types of questions at the time.,
https://www.instagram.com/p/CSosKmrgdlE/,CSosKmrgdlE,littlepumpling,I can't say much about the hospital I gave birth in but @greatormondst Panther ward nurse was really informative on how to use the symphony. She told me how to change the settings for massage and then expression. She did say the only size they held was a 24mm but that wasn't her fault. Some nurses know more than others - that's where the problems are! It's not consistent!,
https://www.instagram.com/p/CS7DUDTMXdX/,CS7DUDTMXdX,mothernurtureatl,Yes it can! Every drop counts,
https://www.instagram.com/p/CS7DUDTMXdX/,CS7DUDTMXdX,tayberr13,"I wish someone had told me I could combo feed, that it didn’t have to be breast milk OR formula, it could be both. I wish I had been told that EBF didn’t have to be my goal, I could just be okay with low supply and not stress over ounces and pumping and weight gain. I’m thankful for my husband and my mom who supported me through all the struggles. I combo fed my 1st for 7 months and am currently going strong at almost 10 months with my second. Breastfeeding has become so enjoyable now that I know I can just do what works for me and my baby.",
https://www.instagram.com/p/CS7DUDTMXdX/,CS7DUDTMXdX,j_leeh,"The constant support of my husband, mom, and sister. The constant reassurance that I was doing everything in my power.

 I wish someone or anyone would have told me it is valuable to combo feed and it doesn’t have to be exclusively breast milk to matter. I regret giving up so early with my second because I think we both could’ve benefitted from combo feeding. I had too much trauma from my first experience  to continue.",
https://www.instagram.com/p/CS7DUDTMXdX/,CS7DUDTMXdX,thestefaniemelo,"My doctor who never said “you need to switch to formula” she said “you need to supplement”. Once she even connected me with a donor

My homebirth midwife who observed weight loss at day 3 and suggested donor milk, and came back multiple times for weigh ins.

Who put her arm around me as I cried that “yet again baby didn’t gain.” Who helped me get tongue ties addressed, who connected me with donors.

To my husband who never gave up on me the “day my milk came in” and I yelled at him about everything, who always supported me using the SNS and feeding how I needed to. For knowing more about breastfeeding than any other man I know.

To my doula who checked on me so many times, shared her milk with me.

To my best friend who is a breastfeeding admin and over producer who always lets me vent to her even though her experience is the polar opposite.

The Facebook group!!!!",
https://www.instagram.com/p/CS7DUDTMXdX/,CS7DUDTMXdX,helloitsnettie,I wish falsely told formula supplementation would ABSOLUTELY affect my supply. Wrong! I’ve able to combo feed successfully without impact to my supply for 10 months!,
https://www.instagram.com/p/CS7DUDTMXdX/,CS7DUDTMXdX,plussizepowerful,"Honestly- I needed the support of people telling me it’s not a competition on who can produce the most, nurse their babies the longest. I took the breastfeeding course my hospital offered and the woman teaching the class had a VERY biased opinion on formula and dismissed mammary hypoplasia because “it’s so rare” and that was THE MOST DAMAGING thing. Also when people say “sorry breastfeeding didn’t work out for you.” It DID work for me, it just looked different. So many moms measure their value in ounces and we need to break that mold!!!",
https://www.instagram.com/p/CRMf0qPjwL7/,CRMf0qPjwL7,nourished_beginnings_,"I’m sure there’s many factors but I imagine that our high stress is a major contributing factor. We have found that stress is basically the root cause of all health issues so I would boil it down to stress… stress from lack of support, stress from exhaustion, stress from community pressure, etc etc.",
https://www.instagram.com/p/CRMf0qPjwL7/,CRMf0qPjwL7,instinctualmothering,#lowsupplymom #lowsupply #lowsupplymomma #igtmom #powerpumping #lactationcookies #supplementalnursingsystem #pcospregnancy #pcosbreastfeeding #thyroidpregnancy #diabeticpregnancy #lactationsupport #lowmilksupply #4thtrimester #fourthtrimester #pumpmoremilk #pumpingmom #exclusivepumping #pumpmommapump #lowmilksupplyproblems #supplementingformula #triplefeeding #pumpingisbreastfeeding,
https://www.instagram.com/p/CRmzeO6LgXG/,CRmzeO6LgXG,the_dani_kaye,"I've been triple feeding for a month and it feels like there's no end in sight. My baby has difficulty staying active when breastfeeding and is experiencing issues gaining weight. The whole process of the feeding causes me incredible anxiety and the past couple of days I've felt like I want to quit breastfeeding him. To add more to the mix, we believe that he has reflux (severe) and potentially an allergy to milk, making the supplementary formula feeding incredibly uncomfortable for him. Tomorrow we're going to a pediatric gastrointestinal specialist, I hope that we'll get some information to fill in the missing pieces to what's going on with him. I also hope that, as he grows, there won't be a need for triple feeding.",
https://www.instagram.com/p/CRmzeO6LgXG/,CRmzeO6LgXG,amanda_mac1031,"Yess this is me, so torn about going exclusively pumping and bottle because he stays latched sooo long",
https://www.instagram.com/p/CRmzeO6LgXG/,CRmzeO6LgXG,constancalinda,"Every feed took 2 hours long... almost made me quit 🤪 
I am now exclusively breastfeeding and I still have my sanity 💪🏽😅",
https://www.instagram.com/p/CRmzeO6LgXG/,CRmzeO6LgXG,xocaityperry,"I had to for about the first 6 months of my second babies life, then we got to switch to full breast.",
https://www.instagram.com/p/CRmzeO6LgXG/,CRmzeO6LgXG,ajcresap2,I did for about 2 weeks before I just gave up on the nursing part.,
https://www.instagram.com/p/CRmzeO6LgXG/,CRmzeO6LgXG,jgq_2k9,🙌🙌🙌right here! Didn't even know that's what I was doing 😮,
https://www.instagram.com/p/CRmzeO6LgXG/,CRmzeO6LgXG,kylakdr,Oh... That's what that's called 🙋‍♀️,
https://www.instagram.com/p/CRmzeO6LgXG/,CRmzeO6LgXG,yvetteahonen,Oh im going through this and Im loosing my marbles atm. Its like a never ending nightmare.... 😫 every day Im convinced Im quitting 😂,
https://www.instagram.com/p/CRmzeO6LgXG/,CRmzeO6LgXG,lisa983_,Currently triple feeding 7 week old twins! Very exhausting but worth it to keep breastfeeding!,
https://www.instagram.com/p/CRmzeO6LgXG/,CRmzeO6LgXG,morganslim28,"19 months now! Because my work schedule doesn’t enable me to nurse her in the morning, and daddy likes to give her some milk at night. In the afternoons and on weekends, we get mama/mini time",
https://www.instagram.com/p/CRmzeO6LgXG/,CRmzeO6LgXG,reeces_ma_ma,Yep I have just made it routine now and it has been made much easier,
https://www.instagram.com/p/CRmzeO6LgXG/,CRmzeO6LgXG,whosamjones,Triple feeding was the worst. So glad that we figured it out & are just boobin’ now. I don’t want to have to break the pump back out once I go back to work.,
https://www.instagram.com/p/CRWR6bArw02/,CRWR6bArw02,madison.cleckler,#breastfeeding #bottlefeeding #formulafeeding #triplefeeding #lactationsupport #lactationcookies #lactationsupplements #supplementalnursingsystem #supplementalnursing #lowsupplymomma #lowsupplystruggles #pumpingmom #insufficientglandulartissue #milksupply #milksupplyissues #doulasupport #fitnessdoula,
https://www.instagram.com/p/CSZrBPRlzHn/,CSZrBPRlzHn,maritaffi,It is essential to Inform every woman during pregnancy about the possibility of low milk supply and what are the resources available for them.,
https://www.instagram.com/p/CSZrBPRlzHn/,CSZrBPRlzHn,apiwowar.willis,Honestly so excited to see this beginning! This needs to be talked about more socially and with health care providers so low milk mama's can feel supported in the way we need to. 🙌,
https://www.instagram.com/p/CSj689TjNgU/,CSj689TjNgU,supportedparenthoodrn,🙌 Yes! I always have a convo with my patients when they choose formula to make sure they are informed or don’t have breastfeeding reservations that can be worked through; but after that I support every decision! It’s so important for simple support in parenting. I’ve worked with many families where formula feeding was 100% what was best for them for a variety of reasons.,
https://www.instagram.com/p/CSj689TjNgU/,CSj689TjNgU,hirunierantha,"Yeah but it's ok to keep the billion dollar formula industry in check and accountable for influencing our health care providers and systems, reducing support and spreading misinformation, while supporting families that uses formula.",
https://www.instagram.com/p/CSj689TjNgU/,CSj689TjNgU,jojobobo35,"Love the post- the font is not easy to read, fwiw. Great info!",
https://www.instagram.com/p/CSj689TjNgU/,CSj689TjNgU,marriamsohail,Best thing i came across today ❤️❤️,
https://www.instagram.com/p/CSj689TjNgU/,CSj689TjNgU,xxmandiii,"Mixed feeding my first was the best decision we could have made. The guilt I felt during my breastfeeding journey was so high because of it, but in retrospect I couldn’t have been more grateful for the journey we had and to have provided my son formula AND breast milk.",
https://www.instagram.com/p/CSj689TjNgU/,CSj689TjNgU,the.lactation.dietitian,"We all understand the history and purpose behind the code, but sometimes it goes too far!!",
https://www.instagram.com/p/CSj689TjNgU/,CSj689TjNgU,hilaryharris6,"Oh man. Thank you for saying this. I have had low milk supply and a lot of breastfeeding issues with both my children. With my first I tried to hard to avoid giving formula. I was constantly nursing him. He was always crying and my mental health really suffered. He was also dropping off the growth curve. I once sat in a chair trying to nurse my baby for six hours. I passed him back and for between both breasts…for six hours. My sutures from tearing at birth were throbbing. By the time my husband came home from work he found me sitting in the chair just staring at the wall. I had been to the lactation consultants twice a week for weeks with no success. And then one of them finally said, keep breastfeeding and just supplement with some formula. In my postpartum haze I don’t know why I couldn’t think of that. I needed that permission. Our lives dramatically changed. He was all of the sudden such a happy baby, he got chunky, and my postpartum depression lifted. Here’s the thing…it was only four ounces a day. And it changed our world. I went on to breastfeed him for 2 1/2 years. This time around with my second baby we didn’t hesitate to add in some formula when we were struggling and I feel zero guilt. We are both happy and healthy and instead of giving up breastfeeding completely it allows me to keep going and give what I can give without my mental health suffering. Thanks so much to speaking to this. I’ve found in lactation support world there’s a lot of professionals that seem to not allow any reality other than 100% breastfeeding even if it is to the detriment to the mother and baby.",
https://www.instagram.com/p/CSj689TjNgU/,CSj689TjNgU,sakiwii,This font is hard to read 🙈,
https://www.instagram.com/p/CSj689TjNgU/,CSj689TjNgU,mommafiock,🙌Amen my LC sis. We need to start with being mother friendly!,
https://www.instagram.com/p/CRKNwA3MpOp/,CRKNwA3MpOp,lidibet_,"Bubba 3 is due in a few weeks (can't go over 37wks) and already measuring a lot smaller than her siblings.  I had this exact trouble with both previous bubba's and the nerves are starting to run high as I remember the stress of feeding, top up and pumping 😶 is nice reading of others going through the exact same thing and getting less alone 💛",
https://www.instagram.com/p/CRKNwA3MpOp/,CRKNwA3MpOp,jtmccallum,I hear you on this. We battled with severe jaundice for 2 weeks in NICU. No body weight loss because she was 0.4th percentile. The top ups were hard work! Hoping my next one is much chubbier!,
https://www.instagram.com/p/CRKNwA3MpOp/,CRKNwA3MpOp,jaydeinwood,"This is almost the exact same experience I had with my baby! Medication, lactation cookies, supplements, triple feeding… you name it, I tried it! I was never able to get enough of a supply unfortunately and still feel like a bit of a failure 6 weeks down the track but now we just enjoy breastfeeding as much as she can get and then fill her tummy with formula. Thank you so much for sharing your experience publicly because it feels so lonely when your breastfeeding reality is so different from your expectation!",
https://www.instagram.com/p/CRKNwA3MpOp/,CRKNwA3MpOp,stellaclare,You are doing amazing! Triple feeding is so so hard. But so so worth it once they finally get it! ❤️,
https://www.instagram.com/p/CRKNwA3MpOp/,CRKNwA3MpOp,cyndi.torckler,⭐Absolutely incredible advice. And so good to hear from a professional in the trenches. Thank you for sharing your story. You're amazing Mama.,
https://www.instagram.com/p/CRKNwA3MpOp/,CRKNwA3MpOp,rebeccatowny,This was my reality with a newborn and such good advice. It is a hard time feeding and pumping the self care and exit plan are so crucial.,
https://www.instagram.com/p/CRKNwA3MpOp/,CRKNwA3MpOp,ejpotthay,"I can totally sympathise, I triple fed for 14 days with my now-5 month old. It was the longest 14 days of my life and I cried every day. It feels like a distant memory now. Hang in there x",
https://www.instagram.com/p/CRKNwA3MpOp/,CRKNwA3MpOp,_aliswan_,"I had this with my scbu baby, plus a lip and tongue tie. Hang in there māmā xx",
https://www.instagram.com/p/CRKNwA3MpOp/,CRKNwA3MpOp,mrsgroupoftrees,"The exit plan, such a good idea and so overlooked 🙌",
https://www.instagram.com/p/CRKNwA3MpOp/,CRKNwA3MpOp,kylie_and_francesca,"Great advice.  My own baby wouldn't suck.  We used EBM and donor milk too.  A week later of expressing and bottles and nipple shields, she got on finally.  Being a midwife, I knew to trust the process and do exactly as you just said.",
https://www.instagram.com/p/CRKNwA3MpOp/,CRKNwA3MpOp,v.earles,"Congratulations! I had to do this with my third, I found it physically hard and emotionally very difficult. I remember a weigh in when he put on a decent amount of weight, I was so happy i cried. Even though I'd breastfed twice before, it was incredibly challenging xx",
https://www.instagram.com/p/CRKNwA3MpOp/,CRKNwA3MpOp,morethanmilknz,You are doing amazing! Great tips for mums too 👏,
https://www.instagram.com/p/CRKNwA3MpOp/,CRKNwA3MpOp,lisa.mere.b,"Thank you for sharing! Triple feeding is gruelling, currently in it. I have sent a DM if that’s okay xx",
https://www.instagram.com/p/CPrYEKagjbV/,CPrYEKagjbV,allisonlora12,I’m in the thick of this now. Grateful to read these comments to know I’m not alone ❤️,
https://www.instagram.com/p/CPrYEKagjbV/,CPrYEKagjbV,nliza1982,@themilkmanual I mix 2 parts of Brest milk with 1 part of formula if I am away from my baby is that ok?,
https://www.instagram.com/p/CPrYEKagjbV/,CPrYEKagjbV,gii_mar,"Any recommendations on formula for the supplement? I have a 3 week old and he is always feeding (every hour or less, if I’m lucky I’ll get a break for 2-3 hours once a day). I haven’t been able to pump consistently or at all since I try to sleep or get something to eat while he rests but I’m considering trying this method.  He seems to be gassy with the breastmilk and spits up sometimes, not sure if formula would make it worse…",
https://www.instagram.com/p/CPrYEKagjbV/,CPrYEKagjbV,stephanie_hale11,Tips on how to wean off of TF (specifically pumping)? Now I have an oversupply so trying to figure out how to get back to only breastfeeding.,
https://www.instagram.com/p/CPrYEKagjbV/,CPrYEKagjbV,tamikas_world,"I’m doing something like this and didn’t know the term existed. I began EP’ing with my NICU baby, then one day he decided to latch, and we supplement with formula for weight gain. Glad I’m not alone.",
https://www.instagram.com/p/CPrYEKagjbV/,CPrYEKagjbV,sarahjpew,Triple feeding was soooo hard. I had to stop doing the one that was hardest for us (direct nursing). Now I just pump and occasionally supplement with formula. It’s so much easier to handle.,
https://www.instagram.com/p/CPrYEKagjbV/,CPrYEKagjbV,ea.sibs,"We did triple feeding because it was taking a long time for my milk to come in. It turns out our daughter actually had a tongue, lip and 2 buccal ties and was not nursing efficiently, causing my supply to come in even slower. TF was exhausting and left me with ~10min to myself every couple of hours - which I would use to quickly eat or go to the bathroom. I totally agree that TF should be done in consultation with an IBCLC and have a plan in place because there may be an underlying cause as to why you need to TF in the first place. Next time we will have baby #2 evaluated by a pediatric dentist ASAP.",
https://www.instagram.com/p/CPrYEKagjbV/,CPrYEKagjbV,kuriousgirlgang,Currently Triple feeding twins. They are 7 weeks old and can’t drain me completely. It’s been a hell of a ride so far. That’s all I feel like I do is nurse or pump or bottle feed. I’ve been keeping a close eye on my supply and have slowly backed off pumping every single breastfeeding session and have not seen a drop in my supply.,
https://www.instagram.com/p/CPrYEKagjbV/,CPrYEKagjbV,treatjo,"I triple fed for 10 weeks when my baby was in the Nicu for a week and was too sleepy to nurse...I really struggled to get my supply in. I now have a plentiful supply and I’ve been exclusively breast feeding for 4 months. The things that helped were 1) flanges that fit properly!!! 2) Replacing your duckbills and membranes regularly 3) Hands on pumping with lots of gentle massaging and warm packs 4) Legendairy Liquid Gold 
It’s exhausting and it’s also very helpful to have someone who can hold baby while you pump, clean the supplies, or feed baby a bottle because the work takes it’s toll. But it paid off in my case!",
https://www.instagram.com/p/CPrYEKagjbV/,CPrYEKagjbV,bridgetamiller,I did this the first two month and let me tell ya it was MISERABLE but worth it lol,
https://www.instagram.com/p/CPrYEKagjbV/,CPrYEKagjbV,mama.bee.kw,"I’m doing it right now! My I nurse then pump then supplement that milk with a syringe and baby started gaining weight and it’s been one week so far, it’s so hard to find time to pump specially when he nurses for hours, we have an appointment to check his tongue tie soon!",
https://www.instagram.com/p/CPrYEKagjbV/,CPrYEKagjbV,jelli137,"I triple feed and it is definitely exhausting and sometimes defeating. Sometimes I skip the pump, or sometimes he doesn’t need the supplement.",
https://www.instagram.com/p/CRHww0EgtYb/,CRHww0EgtYb,physiodetective,❤️🙌 hope the webinar goes well. 🙌❤️,
https://www.instagram.com/p/CRHww0EgtYb/,CRHww0EgtYb,madison.cleckler,#motherhood #motherhoodunplugged #breastfeeding #bottlefeeding #supplementfeeding #supplementation #triplefeeding #supplementalnursingsystem #babyfeeding #babylove #newbornstruggles #breastfeedingmom #breastfeedinglife #newborn #newbaby #newbabylove #fedisbest #formulafeeding #fedisbestwhetherbottleorbreast,
https://www.instagram.com/p/CQf3R5oHRcG/,CQf3R5oHRcG,aga_cummins,Beautiful story and images. I absolutely love when my little Amber is grabiing her big toes and munches on them. Cuteness 👣💜,
https://www.instagram.com/p/CQf3R5oHRcG/,CQf3R5oHRcG,holistic.motherhood,@siobhand87 @kellymurphymitchell @mrs_bs_homelife @hanrirousseau You guys remember those days right!!,
https://www.instagram.com/p/CQf3R5oHRcG/,CQf3R5oHRcG,holistic.motherhood,"#newross
#babygirl
#babyboy 
#newparents
#oxytocinvibes 
#postnatalrecovery 
#postpartum 
#triplefeeding
#parenting 
#babymassage
#brazelton",
https://www.instagram.com/p/CRmzeO6LgXG/,CRmzeO6LgXG,joyce629,Lol yes I remember that :/,
https://www.instagram.com/p/CRmzeO6LgXG/,CRmzeO6LgXG,michellelbaran,The single hardest thing I have ever done in my life.,
https://www.instagram.com/p/CRmzeO6LgXG/,CRmzeO6LgXG,stock_dog_lover,Yes i just about lost my mind,
https://www.instagram.com/p/CRmzeO6LgXG/,CRmzeO6LgXG,karina_niemczyk,Triple fed my late pre-term baby boy for 1 month. He never could latch right and empty me. I’m now EP which has saved our breastfeeding journey.,
https://www.instagram.com/p/CRmzeO6LgXG/,CRmzeO6LgXG,forgetmenots27,Yep! Triple feeding for 13 months now. Although it’s more like quadruple feeding since my son started solids at 6 months. Saying it’s time consuming is an understatement lol. However when my son pulls off while nursing to smile at me and being able to feed him my pumped milked via bottle makes it all worth it ❤️.,
https://www.instagram.com/p/CRmzeO6LgXG/,CRmzeO6LgXG,walters.triplet.girl.mama,I feel this in my soul! 🙋🏼‍♀️4 and 1/2 month triplets over here,
https://www.instagram.com/p/CRmzeO6LgXG/,CRmzeO6LgXG,chicagolaurie,I did it with my late term premie. 3 months of it. I was sooooo confused why everyone else would calmly refer to breastfeeding in like a sweet tone of how they loved it. And I was instantly panicked and sweaty as soon as I finished any one of the triple feed steps freaked out about how to manage the next one.,
https://www.instagram.com/p/CRmzeO6LgXG/,CRmzeO6LgXG,shazama,I didn’t know there was a name for this!! This is my torturous life - what was I thinking!?!?!,
https://www.instagram.com/p/CRmzeO6LgXG/,CRmzeO6LgXG,beaugenmom,#BeauGen #BeauGenMom #pumping #breastfeeding #BreastMilk #PumpingMom #pumpingmama #MilkyMama #MomLife #motherhood #BreastPump #ExclusivePumper #exclusivepumping #ExclusivePumping #ExclusivelyPumping #EP #exclusivepumpingmama #PumpingMilk #BreastfeedingJourney #beaugencushions #flangefit #pumpingatwork #ipumplove #ipumpgold #sometimesbreastfeedinglookslikethis #lactation #ipumpmilk #liquidgold #normalizepumping #triplefeeding,
https://www.instagram.com/p/CP--PXOLhP6/,CP--PXOLhP6,graves.brittany,Did triple feedings with all 3 of my babies with your help and encouragement!,
https://www.instagram.com/p/CP--PXOLhP6/,CP--PXOLhP6,alsanders09,I would love to share my breastfeeding story and how much you helped me — with both kids! 🤟🏼💗💙,
https://www.instagram.com/p/CP88OonAzKZ/,CP88OonAzKZ,whitneymackhhc,Wow this is so cool!,
https://www.instagram.com/p/CP88OonAzKZ/,CP88OonAzKZ,themaz78,I had to do this when I was breastfeeding my daughter she is now 3. I was happy I had another option to make sure my daughter was getting what she needed plus continuing to breastfeed her. It was frustrating at time adjusting the tube. But overall it was worth it. I breastfed her until she was 12 months.,
https://www.instagram.com/p/CP88OonAzKZ/,CP88OonAzKZ,iloveboobyfood,@ruminanaturals @welcomebabies_lactation love love love this!!! My SIL had an SNS,
https://www.instagram.com/p/CP88OonAzKZ/,CP88OonAzKZ,homestead_hippie_mama,I used an sns system with donor milk with my adopted baby! It allowed me to nurse her at the breast to stimulate my supply and now we are sns free with all sessions just her and I! I also used your tinctures to establish supply!🙏🙏,
https://www.instagram.com/p/CP88OonAzKZ/,CP88OonAzKZ,erin_mom19,This was a lifesaver for me! Still breastfeeding my 22 month old now!,
https://www.instagram.com/p/CP88OonAzKZ/,CP88OonAzKZ,samanthachimuk,I found it really hard to get that tube in the correct position and for it to stay there. I never managed to master that. Would have been an amazing option if it had worked though!,
https://www.instagram.com/p/CRKNwA3MpOp/,CRKNwA3MpOp,my_four_sons_,I hope it gets better! Is L feeding still?,
https://www.instagram.com/p/CRKNwA3MpOp/,CRKNwA3MpOp,emmsabee,I had this with my first (except swap jaundice for tongue tie that needed releasing twice). The first 3 months was HARD.  Congratulations on your bub ❤️,
https://www.instagram.com/p/CRKNwA3MpOp/,CRKNwA3MpOp,cradlednz,#cradledbydrheatherjohnston #cradlednz #breastfeeding #lowmilksupply #lowsupply #triplefeeding #expressingmilk #donormilk #breastmilk,
https://www.instagram.com/p/CPNfKjjnkwq/,CPNfKjjnkwq,mollys2105,Just came across your page and am in the throws of this with my little girl who is 6 weeks old but was born 4 weeks early . Am trying to feed in demand as well as trying to pump as she is getting bigger. My head is wrecked!! Any suggestions??,
https://www.instagram.com/p/CPNfKjjnkwq/,CPNfKjjnkwq,annaeastmanstyling,"Thank you for this! I was sent home from hospital with a triple feeding plan and found it totally overwhelming and unsustainable, I was rarely able to pump because surprisingly baby didn’t fancy being put down long enough to pump! Also found I was getting tiny amounts which made the whole thing feel pointless. It felt like a quick solution for the hospital feeding expert to get us discharged and there was no discussion of an end point!",
https://www.instagram.com/p/CPNfKjjnkwq/,CPNfKjjnkwq,dillytobin,"100%. My baby was 5 weeks prem and I was told just 5 mins on each breast, of course the weighing before and after breastfeeding, then having to warm up the right amount of breastmilk, and she had reflux so i had to prop her up after feed and still try pump. Very difficult when her daddy had to go back to work. I stopped after 2 months and went 100% breastfeeding and only after I told community midwife she told me ""we usually say wait until 3 months"".. i could have held out if I knew an endpoint x",
https://www.instagram.com/p/CPNfKjjnkwq/,CPNfKjjnkwq,lowsupplymom,This is so important. I encounter SO many mothers who were told to triple-feed long-term and the overwhelming majority experienced a negative impact on mental health because of it.,
https://www.instagram.com/p/CPNfKjjnkwq/,CPNfKjjnkwq,dublindoulas.ie,Very good to draw boundaries to evaluate whether intervention suitable or working,
https://www.instagram.com/p/CPNfKjjnkwq/,CPNfKjjnkwq,cathykeeling.ck,"Thank you for this. This was me, kept it up for 4 weeks with no end in sight and my nipples were in bits then I started exclusively pumping and have just reached 6 months milestone. Still have so many questions about how I ended up on this path but grateful I had the option to pump. X",
https://www.instagram.com/p/CPNfKjjnkwq/,CPNfKjjnkwq,go_milkyourself,Wow. Yes!!! Thank you for such amazing points!,
https://www.instagram.com/p/CPozTi7rZy7/,CPozTi7rZy7,christine.button,Oh hi this is me currently 🙈🙈 only at night time tho,
https://www.instagram.com/p/CPozTi7rZy7/,CPozTi7rZy7,motherhoodbloomslactation,Been there and I had I had to find my own way out of it....didn’t have enough follow up support to actually create a plan,
https://www.instagram.com/p/CPozTi7rZy7/,CPozTi7rZy7,most.likely.megan,"This is me and my three month old still. On Motilium, trying to maintain my shit supply for antibodies as baby has an immunodeficiency, but doesn’t maintain weight with just breast and was down to 8th percentile. It’s so shitty",
https://www.instagram.com/p/CPozTi7rZy7/,CPozTi7rZy7,lowsupplymom,Can attest it an ugly version of maternal hell 😂,
https://www.instagram.com/p/CPozTi7rZy7/,CPozTi7rZy7,milkbud.lactation.prenatal,#triplefeeding #tonguetie #frenectomy #milksupply #breastpumpingqueens #breastpumpingsupport #bottlefeeding #formulafeeding #supplementaryfeeding #triplefeedingissoexhausting #triplefeedingplan #yeglactationconsultant #yegmom #yegbaby #yegprenatal #yegpostpartum #postpartumcare,
https://www.instagram.com/p/CPozTi7rZy7/,CPozTi7rZy7,cristina.yunlee,Oh I was not aware of this...will be calling you if it happens!,
https://www.instagram.com/p/CPozTi7rZy7/,CPozTi7rZy7,yegbreastfeeding,So important that people who go home triple feeding get more help ASAP! Great post 👏,
https://www.instagram.com/p/CPozTi7rZy7/,CPozTi7rZy7,copybylaura,"Augh, this was me for about 5 months. Exhausting would be an understatement 🙈",
https://www.instagram.com/p/CPozTi7rZy7/,CPozTi7rZy7,doulife_yyc,What a fabulous post ❤️,
https://www.instagram.com/p/CSCnTnosSF-/,CSCnTnosSF-,helengrace_x,"-
-
-
-
-
#18monthsofbreastfeeding #extendedbreastfeeding #normalisebreastfeeding #breastfeedingmama #breastfeedingtoddler #expressingisbreastfeeding #triplefeeding #exclusivelypumpingmama #exclusivelybreastfeeding #normaliseextendedbreastfeeding #breastfeedingjourney #breastfeedingweek",
https://www.instagram.com/p/CSCnTnosSF-/,CSCnTnosSF-,jade_costaglione_kenny,"Oh my goodness you have SUCH a right to claim it, u tried your very hardest and look at u both now, amazing! Xx",
https://www.instagram.com/p/CPAJjmonZBG/,CPAJjmonZBG,juliet2005,"Soooo hard! That’s so much work and so much stress! I’m sorry you’re having to do all that! 😞 If anybody can do it, you can!!!",
https://www.instagram.com/p/CPHZOV3A_z8/,CPHZOV3A_z8,aeksunshine,Way to go mama! 🎉 ❤️🔥😍,
https://www.instagram.com/p/CPHZOV3A_z8/,CPHZOV3A_z8,dr.jesselillejord,What a wonderful post. And what a wonderful thing to do for yourself.,
https://www.instagram.com/p/CPHZOV3A_z8/,CPHZOV3A_z8,jodiharing,"6 months is a HUGE accomplishment! I literally had no idea how hard breastfeeding would be. I am also an exclusive pumper with a nurse session daily. It is TOUGH! Small goals (1 day/week at a time, and bigger goals (months/year) what ever you do just know it’s enough for your sweet girl! ❤️",
https://www.instagram.com/p/CPDZ1VBhm9N/,CPDZ1VBhm9N,gretchenkeillor,This! 🙌 So many images out there of full freezers that skew what normal + healthy breastfeeding journeys look like ❤️,
https://www.instagram.com/p/CPKB_yyBX_-/,CPKB_yyBX_-,ayeshaghanim,"I need help , how did you increase your supply?",
https://www.instagram.com/p/CPKB_yyBX_-/,CPKB_yyBX_-,shelly.k.a,My story exactly. Exactly. So many emotions around this and that my supply WAS fine but because of the tie it reduced and we have to supplement now.,
https://www.instagram.com/p/CPLGTXkrO5D/,CPLGTXkrO5D,michelehearn60,How can I support my daughter and her family as they go through this? I love them so much and want to encourage them.,
https://www.instagram.com/p/CPLGTXkrO5D/,CPLGTXkrO5D,emmelia_k,"I’m 8 weeks into EBF my baby with posterior tongue tie. Have had it cut twice. Each feed takes an hour. He’s fussy when there’s not a big let down as he doesn’t know how to work for the milk himself. He doesn’t open wide to latch, doesn’t flange his top or bottom lip, takes in lots of air then is sick everywhere, I’m at my wits end… 
No nhs consultant has helped as I don’t think they have specific  knowledge of posterior tongue tie and just keep saying as long as he’s gaining some weight it’s ok…",
https://www.instagram.com/p/CPLGTXkrO5D/,CPLGTXkrO5D,anna___colette,"The gas, spit up, loss of weight, supply drop, triple feeding. This was my second kid and my first had none of these issues so I had no idea what was going on! Mentioned it to my midwife and she gave me the card of a wonderful LC that has helped us get back to exclusively breastfeeding ♥️♥️♥️",
https://www.instagram.com/p/CPLGTXkrO5D/,CPLGTXkrO5D,kristinarog,This brings back so many painful memories from my first couple months with my baby boy. Never have I experienced so many emotions all at once. Anger at God was one I experienced a lot.,
https://www.instagram.com/p/CPLGTXkrO5D/,CPLGTXkrO5D,sabrown522,"Reading your story in tears because our ties weren’t properly diagnosed till almost 7 months. I was actually told my stress was causing my baby to not gain weight, he was fine, and that if I got my stress under control he would start gaining.",
https://www.instagram.com/p/CPLGTXkrO5D/,CPLGTXkrO5D,ashleyinminn,"I feel so fortunate that I had great support, but I remember two overwhelming feelings. The first was when he was four days old and our chiro confirmed he had ties. That there was “something wrong” with my baby was a feeling I will never forget, even though it was “just” oral ties. The other feeling was the excruciating pain I felt each time we nursed, and the subsequent dread and anxiety and loneliness surrounding those nursing sessions.",
https://www.instagram.com/p/CPLGTXkrO5D/,CPLGTXkrO5D,sarahjess303,This hits hard. I am so glad I listened to my gut and got help! 2 weeks post release and things are so much better already.,
https://www.instagram.com/p/CPLGTXkrO5D/,CPLGTXkrO5D,elle_oh_bee,"Yes! I didn't know I had OCD at the time but it just added to all of this. Her first revision wasn't enough so we had to do it again, when I finally took her somewhere else for help. She was almost 5 months then. She has residual expressive speech issues, she hasn't figured out a straw yet. It was so tough, it's still tough and she's almost 2.",
https://www.instagram.com/p/COrw6Xigyed/,COrw6Xigyed,twocatsandpossum,You both are incredible beautiful together 😍😍😍 Happy Momma's Day 💐🌺❤🌺💐,
https://www.instagram.com/p/CO3j-3Bl2ci/,CO3j-3Bl2ci,lipservc,Aww she's got the most beautiful eye's and lovethose dimples😍❤️😍❤️,
https://www.instagram.com/p/CO3j-3Bl2ci/,CO3j-3Bl2ci,mrscassandra_l,"That stage is the BEST! 
Enjoy it.",
https://www.instagram.com/p/CO3j-3Bl2ci/,CO3j-3Bl2ci,erin____,I love this!! I've never seen a Harry Potter themed one of these! How cute!!! And she is adorable!,
https://www.instagram.com/p/CPGEnJcsh3U/,CPGEnJcsh3U,ariel.claeys,This has been my life for like 5 days. I am already exhausted.,
https://www.instagram.com/p/CPGEnJcsh3U/,CPGEnJcsh3U,ambaro89,Just reading “triple feeding” brings back the exhaustion 🙃 thank you so much for your help and guidance getting my little bird eating happily ☺️,
https://www.instagram.com/p/CPGEnJcsh3U/,CPGEnJcsh3U,kathleensimms58,"I was told to triple feed for over a month when I delivered my baby a month early and she really wasn’t able to latch/nurse due to small size and prematurity. I was told to do it until “a little after her actual due date,” and then “come to outpatient appointments to teach her to really breastfeed.” This GREATLY contributed to my PPD/PPA, and, ultimately, led me abandon pumping at 3 weeks and transition to exclusive formula feeding. It was COMPLETELY unsustainable.",
https://www.instagram.com/p/CPGEnJcsh3U/,CPGEnJcsh3U,berkflerm,Great point! I did this for two weeks having never heard of it before my first. It is exhausting and completely unsustainable.  I know moms who have done this for months!,
https://www.instagram.com/p/CPGEnJcsh3U/,CPGEnJcsh3U,rivajuniper,"I was told to do this indefinitely by an IBCLC while we “worked on” nursing, it was a nightmare and I think part of the reason BF-ing ultimately did not work out for us",
https://www.instagram.com/p/CPGEnJcsh3U/,CPGEnJcsh3U,jillshookslp,"I’ve never heard it labeled, but I did this for 6 months, with a baby who ate every 2-3 hours. It was absolutely exhausting.",
https://www.instagram.com/p/CPGEnJcsh3U/,CPGEnJcsh3U,tngs25,I triple fed my daughter for 9.5 months - spent about 16 hours a day either feeding her at the breast or bottle or pumping. It was exhausting and defined our first year,
https://www.instagram.com/p/CPGEnJcsh3U/,CPGEnJcsh3U,meghaneoliva,Ugh I feel this so much. I’ve been triple feeding since birth and he’s now 8 weeks. We have seen SO many “specialists” and I finally think we are headed in the right direction with a second evaluation for ties on Tuesday. Fingers crossed 🤞🏻,
https://www.instagram.com/p/CPGEnJcsh3U/,CPGEnJcsh3U,neonatalfeedingeval,Sweet momma’s. That’s a lot of work.,
https://www.instagram.com/p/CPGEnJcsh3U/,CPGEnJcsh3U,sunflowerslp,Oh my gosh. That sounds exhausting! Definitely not sustainable for very long,
https://www.instagram.com/p/CPGEnJcsh3U/,CPGEnJcsh3U,gina.stl.pt,🙌Proof moms will literally do anything for their babies,
https://www.instagram.com/p/CPGEnJcsh3U/,CPGEnJcsh3U,samlav13,👏👏 Triple feeding is a terrible short term solution as well. 100% agree that it is too often a band aid for not knowing how to assess function.,
https://www.instagram.com/p/COcS7BXg8IM/,COcS7BXg8IM,supyo923,Ooh. I was literally just wishing I could get the play-by-play!!,
https://www.instagram.com/p/COWCoMDgep6/,COWCoMDgep6,natasha_thorn,"Amazing!! Thanks so much Kathryn - super helpful. Expecting twins in next few weeks 😬 Presumably, with twins you would just offer one breast to each (either tandem or solo feed) rather than offering both breasts to one baby and then trying to feed the 2nd? (Already on the BFTwins group on FB 👍🏼👍🏼)",
https://www.instagram.com/p/COWCoMDgep6/,COWCoMDgep6,kathrynstaggibclc,#droppingtopups #triplefeeding #stoppingtopups #exclusivelybreastfeeding #exclusivebreastfeeding #35weekbaby #36weekbaby #37weekbaby #38weekbaby #earlytermbaby #latepretermbaby #earlytermbirth #latepretermbirth #breaatfeedingearlybaby #breastfeedingpreemies #breastfeedingprematurebaby #preemies #prematurebaby #breastfeedingtwins,
https://www.instagram.com/p/CPa_w3hgLGs/,CPa_w3hgLGs,nutsaboutgreens,Love this!!! Newborn life is tough! ❤️,
https://www.instagram.com/p/CPa_w3hgLGs/,CPa_w3hgLGs,jazminebeauty_,"Hey Gorgeous! Check out our brand for CLEAN beauty products we think you’ll love! Your support will help us with our cause, benefiting diabetes research and support!

PS-  we’re having a Memorial Day special right now, purchase our highlighter trios and get a FREE lip trio!💓💓 

Thanks for the support!

XO Jazmine",
https://www.instagram.com/p/CPa_w3hgLGs/,CPa_w3hgLGs,breastfeedingdiabetic,#breastfeedingdiabetic #breastfeedingwithdiabetes #breastfeedingdiaries #breastfeedingsupport #breastfeedingproblems #breastfeedingsnacks #breastfeedingmama #pumpingmama #breastfeedingfriends #babywearing #postpartumjourney #6weekspostpartum #newborndays #diabetes #diabeticmama #triplefeeding #pumpingmom #postpartumbody #firsttimemama #formulafed #skintoskin,
https://www.instagram.com/p/COG1KelpklB/,COG1KelpklB,thebump,"Love this ❤️ Would it be okay if we shared this photo on our social channels? If so, reply #yesthebump",
https://www.instagram.com/p/COG1KelpklB/,COG1KelpklB,jendimm,"You’re doing amazing!! Breastfeeding was one of the hardest things I’ve ever done. I wanted to give up everyday in the beginning, but it did get easier.",
https://www.instagram.com/p/COG1KelpklB/,COG1KelpklB,lisa_k_hickey,Awww thank you! So are you!,
https://www.instagram.com/p/COG1KelpklB/,COG1KelpklB,hausermomma,❤️❤️❤️❤️ all of those things I've experienced too! So many relatches and deep breaths required 👏,
https://www.instagram.com/p/COG1KelpklB/,COG1KelpklB,joccogan,Sounds like You are doing an amazing job. Well done for even trying to feed two. X,
https://www.instagram.com/p/COG1KelpklB/,COG1KelpklB,lizjohnson.co,And then add in covering up in public to avoid offending someone🤦🏼‍♀️ Society: “you must breastfeed!” Also society: “but make sure you’re covered up!”,
https://www.instagram.com/p/COG1KelpklB/,COG1KelpklB,coolmommoni,"❤️Love this!! And my sister breastfed twins (#3/4 of 5!) so if you want someone to talk to whose been there,
Lemme know!!",
https://www.instagram.com/p/COG1KelpklB/,COG1KelpklB,a_landis13,"The hands when they breastfeed 😭😍 the bestttt!  Get it mama, tandem nursing 🔥🔥",
https://www.instagram.com/p/COG1KelpklB/,COG1KelpklB,clegato,"No way is it easy for everyone! I thought that too before having my own little, but I learned that it takes a lot of patience, support, perseverance, love, pain, determination, work, tears, sacrifice, and fuel in order to breastfeed. As they get bigger it will get easier and their latches more efficient, you are doing amazing! Gorgeous pictures and beautiful post ❤️",
https://www.instagram.com/p/COP41DfJB2-/,COP41DfJB2-,margces,"You have come a long way!!
Thank you for sharing the boys w the 9:30!! They are so very adorable and growing fast!!! Feel free to share often!!",
https://www.instagram.com/p/COP41DfJB2-/,COP41DfJB2-,littlemissj15,This is so encouraging - thank you for sharing your experiences!  I’m 34+1 with my first and plan on doing a combo of breastfeeding and pumping!  I’m a little nervous as to how it’s going to work out but seeing your posts and stories helps a lot!,
https://www.instagram.com/p/COP41DfJB2-/,COP41DfJB2-,nanabhj,You are doing an amazing job. Those little guys are growing and thriving and well loved❤️❤️,
https://www.instagram.com/p/COP41DfJB2-/,COP41DfJB2-,nicolee_baxterr,Thank you for sharing your journey!!! ❤️,
https://www.instagram.com/p/COP41DfJB2-/,COP41DfJB2-,lisa_k_hickey,Well said! I love that...fed is best! ❤️,
https://www.instagram.com/p/COP41DfJB2-/,COP41DfJB2-,breezymangiaruga,Pretty mama && cute babays ❤️,
https://www.instagram.com/p/COP41DfJB2-/,COP41DfJB2-,babymamathelabel,"Absolutely Mama!! #fedisbest I run a breastfeeding brand and I’ve never formula fed but sometimes exclusively breastfeeding is not a option and no mother should be shamed over that. I think it comes down to a lack of empathy or a lack of understanding to people situations & it needs to change. I really want to work with Mama’s on this topic and if you’d be interested I’d love to connect, when you’re up to and have a spare moment (rare) reach out and we’ll chat but lastly well done Mama! You have three beautiful little babes and I look forward to connecting 🤍",
https://www.instagram.com/p/COG9Ro0lr4N/,COG9Ro0lr4N,leah__carmen,Mama! You are amazing!! Beautiful!!!,
https://www.instagram.com/p/CN0H9mfA1bg/,CN0H9mfA1bg,pretty_kieraa,how can I find an IBCLC in my area?,
https://www.instagram.com/p/CNw6U6ugTFj/,CNw6U6ugTFj,scottishpsychologistmummy,I really need to work on this one! 🙌,
https://www.instagram.com/p/CNBa2WDp-CB/,CNBa2WDp-CB,mackmar,Beautiful! Triple feeding is for warriors! I wish I had you when we were doing it🙌,
https://www.instagram.com/p/CNBa2WDp-CB/,CNBa2WDp-CB,mamaleclt,#postpartum #maternalmentalhealth #maternityleave #postpartumdoula #pospartumsupport #mamaleclt #momcare  #reclaimeyourpostpartum #preemie #pumping #cltdoula #doulaincharlotte #secondtimemom #babyboy #bottlefedbaby #extrasetofhands #doulasupport #lactationsupport #liquidgold #doulalife #newborn #newmom #happymama #hireadoula #triplefeeding,
https://www.instagram.com/p/CNSXUFoD4mR/,CNSXUFoD4mR,logrie,Oh sweet Baby Zachary!! I love that he’s involved! 😍,
https://www.instagram.com/p/CNSXUFoD4mR/,CNSXUFoD4mR,milkdup,#breastfeedingmom #breastfeedingjourney #NICUmom #lactationconsultant #lactationsupport #ibclc #triplefeeding,
https://www.instagram.com/p/CNDyi93rwKR/,CNDyi93rwKR,chele_hamilton,"I don't have anyone to tag since most I know have grown kids, but I did it for quite a while with both of my babies because they were both NICU babies. Don't give up! 💕",
https://www.instagram.com/p/CNDyi93rwKR/,CNDyi93rwKR,wholelifehealing_,👏S E R I O U S L Y👏 I feel this,
https://www.instagram.com/p/CNimTmoDufA/,CNimTmoDufA,nurturebreastfeeding,A really valuable piece of equipment which I use fairly often with clients.,
https://www.instagram.com/p/CNimTmoDufA/,CNimTmoDufA,edingeorgie,I first saw this 15 years ago. One of the mums at the baby massage class was doing this due to low milk supply but was keen to keep breastfeeding. It’s a clever idea. 👏,
https://www.instagram.com/p/CNimTmoDufA/,CNimTmoDufA,becci_b91,Tried to use one with my son but he would just reject it no matter what I did 😩,
https://www.instagram.com/p/CNimTmoDufA/,CNimTmoDufA,lynseys_adventures_,"Thanks for sharing, this is amazing ☺️",
https://www.instagram.com/p/CNimTmoDufA/,CNimTmoDufA,noramorsy,Where can we source this ? Thank you!,
https://www.instagram.com/p/CNimTmoDufA/,CNimTmoDufA,kirstylamb30,This is incredible! Another way to support breastfeeding mums 😍,
https://www.instagram.com/p/CNimTmoDufA/,CNimTmoDufA,scottishpsychologistmummy,"I sooo needed this and knew I needed it but there was literally no one to support me with it... Struggling with my supply while I was recovering  from traumatic deliveries was the single reason why I gave up on bf both times after a few weeks.  It’s so sad that support like this isn’t routinely available, especially when you reach out.  I hope times are changing! 🤞🏻",
https://www.instagram.com/p/CNimTmoDufA/,CNimTmoDufA,cjhewie83,I worked in NZ 10 years ago and this was used commonly. They had a lactation consultant based on the postnatal wards daily. They held daily meetings in the communal lounge and created a plan for every woman with feeding troubles. They are streets ahead of us in this field,
https://www.instagram.com/p/CNqEcnopmgf/,CNqEcnopmgf,simplyhealthywellness,These lactation cookies sound amazing! I’ll definitely remember this when I have my newest baby. How did you hear about these?,
https://www.instagram.com/p/CM-8T2AhuHH/,CM-8T2AhuHH,parentlings,#firsttimemomtobe #firsttimemomproblems #letthembe #letthembelittle❤️ #engorgement #exclusivepumper #scarymommy #lactationcookies #milksupply #triplefeeding #newbornbaby #happyonemonth,
https://www.instagram.com/p/CM-pmtoBny_/,CM-pmtoBny_,parentlings,"#breastfeeding #breastfeedingblogger #breastfeedingproblems #breastfeedingprobs #lactationcookies #firsttimemomtobe #firsttimemomover40 #firsttimemomproblems
#ohheymama #littleloves",
https://www.instagram.com/p/CFIzY1qgnUt/,CFIzY1qgnUt,_lm_nt_,Not having wise women around was my biggest down fall. Trying to navigate this journey alone with everything up against me. We made it through the other side but it very nearly BROKE me. If I was to do it all over again I would wrap myself up in the correct support for that important time after birth 💙🙏🏼,
https://www.instagram.com/p/CFIzY1qgnUt/,CFIzY1qgnUt,leisa.masters,"Yes! It is only with hindsight, knowing what I now know about the chronic and systemic lack of breastfeeding support that most women face, that I can truly understand the depth of gratefulness I have for the wise woman who supported me to understand breastfeeding and normal infant behaviour. I know it would have looked very different for me without it. 💚",
https://www.instagram.com/p/CFIzY1qgnUt/,CFIzY1qgnUt,theprimaldyad,#breastfeeding #lowmilksupply #breastfeedingmom #breastfeedingjourney #breastfedbaby #formulafeeding #supplylinefeeding #supplementalnursingsystem #sorenipples #triplefeeding #combofeeding #pumpingmama,
https://www.instagram.com/p/CFR3dHeBg0a/,CFR3dHeBg0a,musiccitydoulas,".
.
.
.
.
.
.
#nashville #eastnashville #brentwoodtn  #bellevuetn #franklintn #12southnashville #pumpingmom #newborn #postpartumlife #pumpingisbreastfeeding #lactationsupport #nashvillelactationsupport #nashvillemom #pregnantinnashville #studentmidwife #nurseowned #nashvilledoula #multitasking #jugglinglife #supportmothers #freethenipple #normalizebreastfeeding #musiccitydoulas #comprehensivecare",
https://www.instagram.com/p/CM40SlghkDi/,CM40SlghkDi,parentlings,#scarymommy #lactationcookies #milksupply #triplefeeding #newbornbaby #happyonemonth #savingmoneytips #nursingcovers #solidfoodforbaby #solidfoods #weaningbaby,
https://www.instagram.com/p/CFH5GZfguAG/,CFH5GZfguAG,woodlands_midwife,Kudos to you! 💪🏽That’s a full-time job.👏🏻👏🏻,
https://www.instagram.com/p/CFH5GZfguAG/,CFH5GZfguAG,theboycrewmum,That was me for 6/7 weeks solid and it almost broke me. I am so amazed at mothers that do this long term! You’re awesome and so dedicated. Hang in their mama!,
https://www.instagram.com/p/CFATgcYgV2N/,CFATgcYgV2N,staplesinyoursnickers,"My son had horrible reflux, he enjoyed cold milk from the fridge.",
https://www.instagram.com/p/CMz7KqcpW8Z/,CMz7KqcpW8Z,littlevillagepediatrics,I give same advice 🙌,
https://www.instagram.com/p/CMz7KqcpW8Z/,CMz7KqcpW8Z,bloomdpc,#breastfeeding #chestfeeding #triplefeeding #ibclc #kcmom #kcmama #pediatrician #kcpediatrician #breastfeedingmedicinephysician,
https://www.instagram.com/p/CEt5CC8g0VD/,CEt5CC8g0VD,nicolestibrany,"Funny enough, my little guy mostly likes it cold! Never super warm.",
https://www.instagram.com/p/CEt5CC8g0VD/,CEt5CC8g0VD,drlizzzt,Yes!!!! It’s SO much easier being on the go!!!,
https://www.instagram.com/p/CEt5CC8g0VD/,CEt5CC8g0VD,mysunshinebirth,Cold can feel good when teething.,
https://www.instagram.com/p/CEt5CC8g0VD/,CEt5CC8g0VD,bmartinez_617,I realized this when my sons pediatrician gave him cold formula milk to see how he did with a bottle lol,
https://www.instagram.com/p/CEt5CC8g0VD/,CEt5CC8g0VD,anasudu.az,I wonder how much cold? Could you please provide with range of temps?,
https://www.instagram.com/p/CMVUsc4gm_W/,CMVUsc4gm_W,ykaig,Can the milk production increase after a mastitis and having to give 90 ml of formula per feed @cordeliauys ?? Thank you in advance,
https://www.instagram.com/p/CMVUsc4gm_W/,CMVUsc4gm_W,anya_ua,This is our journey and so far we are managing okay. Fingers crossed.,
https://www.instagram.com/p/CMVUsc4gm_W/,CMVUsc4gm_W,cordeliauys,Please let us know if you have experience of triple feeding.,
https://www.instagram.com/p/CMi6a24gFHn/,CMi6a24gFHn,zarinalovestowrite,It is a brilliant way 👏👏🙌,
https://www.instagram.com/p/CMi6a24gFHn/,CMi6a24gFHn,holism_journey,yes it is really helpful... I use it with all my clients who need to supplement ... I love the  Jack Newman's homemade lactation aid,
https://www.instagram.com/p/CMi6a24gFHn/,CMi6a24gFHn,welcomebabies_lactation,Thankyou so much for sharing❤️❤️,
https://www.instagram.com/p/CENuTWmhd-t/,CENuTWmhd-t,leha7,"You are doing it, one day at a time you are doing it! The hardest thing ever but you got this ❤️",
https://www.instagram.com/p/CENuTWmhd-t/,CENuTWmhd-t,xxkate38,It is HARD. You’re a fabulous mama. 😘,
https://www.instagram.com/p/CENuTWmhd-t/,CENuTWmhd-t,sophiegrotjahn,You are doing great!!! Good job mama! Keep it up. Call me if your ever bored while pumping! 💕,
https://www.instagram.com/p/CEPeR07hjZR/,CEPeR07hjZR,amyisonline,"My midwife told me to get a shield on day 1. I was like ""no I'm gonna figure this out"" still breastfeeding fine 6 months later. No shield, no pumping, just baby n mama. Loving it!",
https://www.instagram.com/p/CEPeR07hjZR/,CEPeR07hjZR,hmilioni,"Any tips for getting off the shield? My baby was born a bit early and struggled a bit latching on so they have me a nipple shield. I fed him by syringe and sns for the first few weeks. He’s 2 months old now, gaining weight and nursing really well, but I can’t get him to latch on without the shield now",
https://www.instagram.com/p/CEPeR07hjZR/,CEPeR07hjZR,kptorbs,"When my first was born (after a very traumatic birth), I was completely out of it. A night nurse came in during shift change and watched me feeding my baby. I was not having any problems beyond the normal initial learning curve. She said my baby was having trouble latching because my nipple on that side is flat and brought me a nipple shield. Of course my baby could latch easier with it, but she latched fine without it. I didn't know any better and used it and my baby got hooked. Combined with my oversupply and overactive letdown, that shield was MISERY. I had to work really hard to wean her off it when we didn't even need it in the first place 🙄 I breastfed my first for three years (!) and am breastfeeding my second currently with zero shields on these flat nipples! Those nurses should not have access to them, they weren't lactation consultants!",
https://www.instagram.com/p/CEPeR07hjZR/,CEPeR07hjZR,drlizzzt,"I bought every natural seeming nipple cream on the market with my first babe, thinking these were totally normal products to register for...",
https://www.instagram.com/p/CEPeR07hjZR/,CEPeR07hjZR,eugeroffe,"I did triple feeding until baby was 4 months old because of tongue tie, too much work... I was then ready to supplement with formula, but baby ended up not needed to supplement at that age... if I have another baby with tie, I think I’ll try to supplement with formula much sooner if needed",
https://www.instagram.com/p/CEPeR07hjZR/,CEPeR07hjZR,kiamhammond,@silveretteusa nipple cups!!! & nipple shells !!! 💕,
https://www.instagram.com/p/CEPeR07hjZR/,CEPeR07hjZR,ohsupereden,My LC has me doing #2 with no long term solution... didn’t realize it was just a band aid and i started to wonder... how on earth will this translate tiny babe getting more milk?? I def can’t keep it up 🤷‍♀️,
https://www.instagram.com/p/CEPeR07hjZR/,CEPeR07hjZR,theholisticdentalcoach,"I wish I had the support with #1 to ditch the shield, BUT I breastfed exclusively for 28 months with it! Needing different sizes and losing them in the middle of the night was the worst 🤣. Lacking that proper support 4 years ago, I'm glad I had them or I wouldn't have made it past a month!",
https://www.instagram.com/p/CDmo286jbGA/,CDmo286jbGA,alexislestrada,"You are a rockstar, and she is one lucky girlie to have you as her Mama ❤️💞😘",
https://www.instagram.com/p/CDmo286jbGA/,CDmo286jbGA,meldew12,"You are an awesome momma! So courageous and caring of you to write this, as I’m sure it will help many. ♥️",
https://www.instagram.com/p/CDmo286jbGA/,CDmo286jbGA,ashley3b12,"Yes this! 🙌 totally right, it is far from easy and I’ve done so much research on it so I can try and figure something out what the hell im doing before this baby is born and I still won’t be prepare once it happens 😆 You give me motivation and hope! ❤️",
https://www.instagram.com/p/CDmo286jbGA/,CDmo286jbGA,finnsdoggram,Yay!!!! Congratulations!!! So happy you’ve both found something that works,
https://www.instagram.com/p/CDmo286jbGA/,CDmo286jbGA,instachristina,#breastfeeding #worldbreastfeedingweek #pumping #eping #triplefeeding #baby #fedisbest #bottlefeeding #formulafeeding #happymomhappybaby #love #support #educate #fourthtrimester,
https://www.instagram.com/p/CL82DXyBW1o/,CL82DXyBW1o,t_twisted_a,Dude you look incredible though. As if you've only just had a baby 🔥,
https://www.instagram.com/p/CL82DXyBW1o/,CL82DXyBW1o,lisalu.18,Looking fab and doing great mama ♥️😘,
https://www.instagram.com/p/CL82DXyBW1o/,CL82DXyBW1o,my_thoughts_on_things_blog,"Oh, not another one! Hoping it gets sorted quickly this time. He’s so yummy. X",
https://www.instagram.com/p/CL2Rq_nASJY/,CL2Rq_nASJY,jay_familyandfreedom,This brings back so much 💔💔😭,
https://www.instagram.com/p/CL2Rq_nASJY/,CL2Rq_nASJY,breastfeedingdiabetic,"CONTINUED •

Since his latch was so painful I asked several LC’s and an SLP to assess him for oral ties. Each one felt that he had no ties & that his shallow latch was likely due to his illness & small mouth. They all told me he had the right instincts/reflexes & that his suck was wonderful, he just needed more time to grow & get stronger.",
https://www.instagram.com/p/CDtYrRpgrIv/,CDtYrRpgrIv,sleepybunnysleep,"Wow,  I didn't know that!",
https://www.instagram.com/p/CDtYrRpgrIv/,CDtYrRpgrIv,mariettalehman,8 times a day until which month can it change?,
https://www.instagram.com/p/CKc3HmdAZFy/,CKc3HmdAZFy,noelenebetson,"I feel so much for this mum I grieved first years that I couldn’t direct bf , I was a midwife and fed the first one easy , my daughter also had medical issues nothing in the world could of changed it , I finally learnt to look at my milk differently , it wasn’t just food , any amount no matter how I did it went into my daughter , it was my living milk . She’s 22 now and I learnt to embrace what I could do thanks to seeing a private lactation consultant, I learnt to help other mums like this one learn to be proud of doing all you can with what you have , not what you don’t , in saying that it’s ok to carry that deep down its like this mum said visceral , my pain is still there , but my daughter wrote me a card one day thanking me for saving her life ,, and that’s what our milk is no matter how it is given ,, ❤️",
https://www.instagram.com/p/CDmiBzZAb97/,CDmiBzZAb97,foley_williams32,Shes gorgeous  Kimmy I carnt believe how big she is.now x lovely photo.of you two xx,
https://www.instagram.com/p/CDmQLnOAzeS/,CDmQLnOAzeS,caroline.culbertson,@lalactation Can low milk supply be increased at ~6 weeks postpartum with power pumping/latching baby more often? The LC I saw told me that after 3 weeks pp that milk supply was kind of set in stone.,
https://www.instagram.com/p/CDmQLnOAzeS/,CDmQLnOAzeS,caroline.culbertson,Thank you for this info 👏👏 will be helpful to so many women,
https://www.instagram.com/p/CDmQLnOAzeS/,CDmQLnOAzeS,lalactation,#lowmilksupplyawarenessday #igtandlowmilksupplysupportgroup #igtandlowmilksupply #igt #lowmilksupply #lowsupply #normalizebf #normalizebreastfeeding #worldbreastfeedingweek #wbfw #chestfeeding #sns #atbreastsupplementation #breastfeeding #bf  #ibclc #bottlefeeding #donormilk #mixedfed #pacedbottlefeeding #triplefeeding #breastfeedingproblems #breastfeeding #supplementalnursingsystem #postpartum #breastpump #milkbank #lactationcookie #lactation #galactagogues,
https://www.instagram.com/p/CDyvGGcJ_Qb/,CDyvGGcJ_Qb,nurturedblossoms,That's exactly how I felt,
https://www.instagram.com/p/CDyvGGcJ_Qb/,CDyvGGcJ_Qb,bb.ceza4,Wow this is SO CUTE!! I know our main account would love to see your profile. You should dm our main account (aprilmoon_boutique) or check the link in my bio and Just let them know CEZA sent you.❤️ #baby,
https://www.instagram.com/p/CDyvGGcJ_Qb/,CDyvGGcJ_Qb,laurenslovelylittlelibrary,Isn’t time flying?! Beautiful! ❤️,
https://www.instagram.com/p/CK1WDcDBdJu/,CK1WDcDBdJu,thedoulainyourcorner,These bloody good books coming out ❤️ my shelf is happy (and this colour will set off your hot pink nicely!),
https://www.instagram.com/p/CL7Xd3Dg07k/,CL7Xd3Dg07k,jay_familyandfreedom,Mamas intuition for THE WIN!!! 🙌🏾🏆🏆,
https://www.instagram.com/p/CL7Xd3Dg07k/,CL7Xd3Dg07k,breastfeedingdiabetic,"CONTINUED •
Since his procedure we have worked our way to exclusive breastfeeding. It wasn’t immediate, but one week post revision he was transferring so.much.better, acting very content after sessions [his nursing time greatly reduced] and he was  latching much deeper. I followed his cues & he slowly warmed his bottle feeds after nursing sessions & I was finally pain free! I was beginning to notice my letdowns while feeding & I could tell my supply was increasing.

My anxiety still lingers from the first part of our journey, but it’s slowly melting away. We are trusting each other & on this journey together.

Now we are 15 weeks postpartum & loving our breastfeeding journey. I am so thankful for everything that led me to this, even the struggles. It taught me to trust my mama instincts, to #advocatelikeamother empathy for mama’s that didn’t get their preferred feeding experience and reminded me that I truly do know best for my babe. I’m thankful for all that I learned along the way, and am excited to keep sharing that with all of you. ♥️",
https://www.instagram.com/p/CL7Xd3Dg07k/,CL7Xd3Dg07k,fueling.motherhood,"Oh my goodness, mama. 😭😭😭 You are a warrior and he is so blessed to have you. I just read through each part of your story and my heart goes out to you.  And I applaud you as well. You fought and fought and to reach exclusive feeding at the breast after your journey is just amazing. 

As a 2nd time mom, I wished I could give 1st time mom “me” the power of trusting my instincts and the confidence to speak up.",
https://www.instagram.com/p/CL5Vm_5l1fU/,CL5Vm_5l1fU,tinytoddler.assist,So much cuteness😘 We would love you and your baby to represent our brand send us a message for details!,
https://www.instagram.com/p/CKY8xY_g_v4/,CKY8xY_g_v4,jenchesnabuckleibclc,🙌🙌🙌 I need this mug!! 💜🧡🖤💚🤎,
https://www.instagram.com/p/CKY8xY_g_v4/,CKY8xY_g_v4,thebennett_sisters,What exactly is chest feeding?,
https://www.instagram.com/p/CKY8xY_g_v4/,CKY8xY_g_v4,jclactationcounseling,I love this so much!! 💕,
https://www.instagram.com/p/CKY8xY_g_v4/,CKY8xY_g_v4,hatchlingcle,@themamaconnect would you ever offer this as a print or digital file? I'd love to hang it in my office!,
https://www.instagram.com/p/CKY8xY_g_v4/,CKY8xY_g_v4,wovenlactation,Oooh I need one of those!,
https://www.instagram.com/p/CKY8xY_g_v4/,CKY8xY_g_v4,themamaconnect,Maybe I’ll have to update it to include “Nurkies” 😂 💕,
https://www.instagram.com/p/CKY8xY_g_v4/,CKY8xY_g_v4,kingjesus201777,"Thanks for this. I know too many IBCLC’s who is so judgmental towards moms who pump, give formula, or anything that’s besides breast-feeding from the boobs.",
https://www.instagram.com/p/CKY8xY_g_v4/,CKY8xY_g_v4,nestedbirthdoula,Sooo many ways to feed these babies!!!,
https://www.instagram.com/p/CKY8xY_g_v4/,CKY8xY_g_v4,lactationally,"OMG, I want this mug too!",
https://www.instagram.com/p/CLuEPX0AatW/,CLuEPX0AatW,breastfeedingdiabetic,"CONTINUED 2/2 • 

My husband & I took our sweet baby with his bili light blanket to go meet some family members & at our second stop we stayed for a while. I set him up to nap with his bili light & I got to work pumping. Sitting next to him I kept getting this nagging feeling that something was wrong as the day went on but kept pushing it aside. After all, He had just been seen by a healthcare provider & she said everything was fine, so he must be fine. By 4pm it was impossible to get him to swallow, basically everything was spilling out of his mouth even though he was naked down to his diaper & we were stimulating his cheeks/under his chin to swallow, etc. I was trying every trick in the book to get him to drink his bottle & it took him over an hour to drink one ounce. He started to feel very limp while holding him & he was very lethargic acting. I decided at 6pm that we needed to take him to our local emergency department.",
https://www.instagram.com/p/CLuEPX0AatW/,CLuEPX0AatW,breastfeedingdiabetic,"CONTINUED 1/2 •

He was now 5 days old & I was becoming increasingly concerned that he had little interest in eating. He didn’t cry when hungry or show any hunger cues still. At his weight check the next morning he gained 5oz from the previous morning, giving us all a little relief. We met with a Nurse Practitioner that morning instead of the doctor since it was a Saturday, I voiced my worries about him struggling to swallow when feeding & his pee being orange colored [I even showed her his diaper]& she quickly dismissed my concerns & blamed it on him being early/tired/weak from the jaundice. In my mama gut I KNEW this was wrong, but I didn’t feel confident in my intuition yet. So I stopped questioning & we went about our way with a new plan to keep formula feeding & now offering the breast after each bottle & an appt for Monday.",
https://www.instagram.com/p/CDlw4txAKlE/,CDlw4txAKlE,cat.percival,Thank you for sharing. We need to be making this conversations normal so mothers feel supported in what ever their choice is. Your doing an amazing job x,
https://www.instagram.com/p/CDlw4txAKlE/,CDlw4txAKlE,mixedothermother,#breastfeeding #chestfeeding #informedisbest #mixedfeeding #triplefeeding #breastfeedingawareness #confidentparenting #adventuresinmotherhood #birthpreparation #hypnobirthing,
https://www.instagram.com/p/CJ68IOFAdry/,CJ68IOFAdry,lowsupplymom,sooooo hard but it gets better!!!,
https://www.instagram.com/p/CJ68IOFAdry/,CJ68IOFAdry,mrs.cyndi.shaffer,It definitely gets easier. One day you'll forget all about this and wish you could go back in time.,
https://www.instagram.com/p/CJ68IOFAdry/,CJ68IOFAdry,hpolak811,It gets easier I promise!! Keep it up momma you are doing great!💙,
https://www.instagram.com/p/CJ68IOFAdry/,CJ68IOFAdry,mommyknowsbest,Congratulations 🎉 he is so adorable and cute 💕💕💕,
https://www.instagram.com/p/CJ68IOFAdry/,CJ68IOFAdry,princelionheart,Aww this is sweet!! 😍,
https://www.instagram.com/p/CJ68IOFAdry/,CJ68IOFAdry,latina_nyc,I remember one night my son was up every 2 hrs! I literally cried sitting with him in my Glider in his room. 😫,
https://www.instagram.com/p/CJ68IOFAdry/,CJ68IOFAdry,keyraperaza.ibclc,Congratulations on your little one! You got this mama!,
https://www.instagram.com/p/CJ68IOFAdry/,CJ68IOFAdry,lindsey_ann1015,Oh Mama! So sorry you had a rough day today. All Mamas and babies go through them. I too have cried over spilled milk! I actually quit breastfeeding shortly after because my mental health was not in a good place. I hope your journey continues to improve each day! ♥️,
https://www.instagram.com/p/CJ68IOFAdry/,CJ68IOFAdry,brit.croteau,I’m so jealous and so happy for you!,
https://www.instagram.com/p/CJ68IOFAdry/,CJ68IOFAdry,tinytoddler.care._,Love this cutie 😍 We'd love your baby to represent our brand send us a message for details!,
https://www.instagram.com/p/CJ68IOFAdry/,CJ68IOFAdry,chrissybell1210,"If he continues to not eat have him checked out he may be sick with something. He's  a newborn his immune system is not fully developed  to fight off viruses, etc...",
https://www.instagram.com/p/CLiWfXug1OP/,CLiWfXug1OP,jay_familyandfreedom,Reading this refreshed my mind of those early day struggles and challenges 😭💔,
https://www.instagram.com/p/CLiWfXug1OP/,CLiWfXug1OP,breastfeedingdiabetic,"CONTINUED 2/2 • 

By 36 hours he was still struggling to latch but eventually he would for a while. I kept pumping after each session [those after birth cramps are killer!] it was so exhausting but I kept focused on the goal of being able to exclusively breastfeed. So my plan was to let him nurse until he would unlatch himself, pump for 15 min, finger feed him those drops, hand express into a syringe, feed him the syringe, take a 30 minute break & start all over. Everyone kept assuring me that he was getting enough “drops” [they had me keep track of how many drops he was getting each feed instead of ml’s or ounces] & that with time he would get the hang of it. Again, in my mama gut I felt something was off but I still couldn’t put my finger on it. I chalked it up to first time mama anxiety. 

This same day we found out his bilirubin levels were too high and his jaundice was worsening. In came the lights & out came my tears. There went our opportunities for skin to skin and extra bonding time. I was so devastated that my milk wasn’t moving the bilirubin out of his system fast enough to bring his levels down. I was told to only remove him from the lights to feed & change his diaper & then he needed to be placed back in his bassinet.",
https://www.instagram.com/p/CLiWfXug1OP/,CLiWfXug1OP,breastfeedingdiabetic,"CONTINUED 1/2 • 
Hopi was still struggling to latch & I would entice him by finger feeding him the very few drops I got out from these pumping sessions. Eventually they brought in a nipple shield & he still didn’t have any interest in latching with that so we moved back to hand expressing drops into a syringe & feeding him that way.

I was feeling SO discouraged & knew that I didn’t want to give up yet, but had a gut feeling that something wasn’t right, but I truly didn’t know what it could be and just kept reminding myself that we were learning together.",
https://www.instagram.com/p/CKN2zVFsnII/,CKN2zVFsnII,s_t_e_p_h_y_s,"I used SNS to wean baby off wanting to bottlefeed when we were supplementing due to milk supply low/ learning how to BF. I hated it! it was soo frustrating but we got there! I had to persevere and eventually we were exclusively BF.
Also It’s such a shame that the SNS used as tool to help mums feed there baby, is so expensive! As well as breast pumps. We spent $400 on a pump and $100 on the SNS.",
https://www.instagram.com/p/CKN2zVFsnII/,CKN2zVFsnII,vwhitehouse,Why did I never think to use tape! That is so genius,
https://www.instagram.com/p/CKN2zVFsnII/,CKN2zVFsnII,lowsupplymom,Wish there was so much more education on these!!,
https://www.instagram.com/p/CKN2zVFsnII/,CKN2zVFsnII,purpleprincessrosalyn,"Oh, this brings back memories! We syringe fed the twins for a bit before Finley progressed to a bottle, and then the breast. Cora used the SNS for a bit before she was able to go fully to the breast. I think you may even have been there the day I told Dawn I didn’t think it was working anymore because the bottle was still full, and then we realized it was because she had received all her milk straight from my nipple! It was such joy! The twins were about a month old then, and I was sooooo overjoyed to be past the major hurdle of getting them both to the breast.",
https://www.instagram.com/p/CKN2zVFsnII/,CKN2zVFsnII,amani_deskins,"I wish this was offered at my hospital instead we syringe fed which then turned into bottle feeding, luckily my milk eventually came in and baby boy is on the breast 24/7 😂🥰",
https://www.instagram.com/p/CKN2zVFsnII/,CKN2zVFsnII,invidyo.baby,This looks so helpful! It has the benefits of both breastfeeding and bottle feeding. That's amazing!💙,
https://www.instagram.com/p/CKN2zVFsnII/,CKN2zVFsnII,ashleebabyyyyy,"I have photos like this too...😞 very hard times.. now my daughter is 10 months, crawling, and a healthy, little chunk!😍💕",
https://www.instagram.com/p/CKN2zVFsnII/,CKN2zVFsnII,love.latch,#supplementalnursingsystem #lactationaid #lacttube #alternativefeedingmethods #triplefeeding #lactationconsultant #newmom #newborn #postpartum #lowmilksupply #pumpingmom #ibclc #loveandlatch #loveandlatchSM #loveandlatchlactation,
https://www.instagram.com/p/CKU8CuVhkBB/,CKU8CuVhkBB,thesleekbelt,"You are a dedicated, loving mom 💝",
https://www.instagram.com/p/CKU8CuVhkBB/,CKU8CuVhkBB,mireiapack,😘 that's you new life!!! hahaha! (I started sleeping when my twins were 3 years old! 😂 ),
https://www.instagram.com/p/CKU8CuVhkBB/,CKU8CuVhkBB,laurenmantani,Oh girlfriend!! You’re such a trooper. You’ve got this!! (Writing this while I pump the girls’ nighttime bottle 😊) xox,
https://www.instagram.com/p/CKU8CuVhkBB/,CKU8CuVhkBB,nadinejanker,Oh man that is so hard. You got this momma 💗,
https://www.instagram.com/p/CKU8CuVhkBB/,CKU8CuVhkBB,lynnea.trevino,That’s A LOT. 💪🏻 Sending lots of love to you.,
https://www.instagram.com/p/CKU8CuVhkBB/,CKU8CuVhkBB,kristina_eyre,PS good work. Triple feeding is a club for the strongest moms.,
https://www.instagram.com/p/CKU8CuVhkBB/,CKU8CuVhkBB,kristina_eyre,"I feel you, girl. Leon had posterior tongue tie. I ended up exclusively pumping for him until he was 10 months old. It was a full time job.",
https://www.instagram.com/p/CDegIJegCv_/,CDegIJegCv_,celsey.lifts,Beautiful picture ♥️ and he’s lucky to have a mama so determined to do the best she could for her son no matter what that was. 👏🏼,
https://www.instagram.com/p/CDegIJegCv_/,CDegIJegCv_,danika.pelvic.ot,#worldbreastfeedingweek #lowsupply #breastfeedingishard #triplefeeding #triplefed #formulafed #combinationfed #breastfed #breastfeeding #breastfeed #fedisbest #breastfeedingmama #womenshealth #pelvichealth #pelvicfloortherapist,
https://www.instagram.com/p/CDhMyw6jWai/,CDhMyw6jWai,giss.elleguerrero,"Ohhh, I remember when we stopped also. I was so so sad. I miss breastfeeding oh soo much , it is such an amazing experience ❤️",
https://www.instagram.com/p/CDhMyw6jWai/,CDhMyw6jWai,schmemmerton,Those girls are so lucky,
https://www.instagram.com/p/CDhMyw6jWai/,CDhMyw6jWai,brighidhackett,I fought like hell to give my kids my breastmilk too. It is exhausting and frustrating and demeaning to feel like your body wont do what its supposed to. Know that your mental health is the best gift and nourishment you can give your babes. You did amazing. You did your best. There is no award for suffering.,
https://www.instagram.com/p/CDhMyw6jWai/,CDhMyw6jWai,michsofi,"I made it 6 months with my first, and I’m just finishing at 7 months with my second. I never produced enough to not supplement along the way, and it was hard but worth it. Great job mama! 😊",
https://www.instagram.com/p/CDhMyw6jWai/,CDhMyw6jWai,ashleylynw6,Those moments are my favorite. That bond and closeness will never go away 💜,
https://www.instagram.com/p/CDhMyw6jWai/,CDhMyw6jWai,christine.durant.books,Oh man those last times 💖,
https://www.instagram.com/p/CDhMyw6jWai/,CDhMyw6jWai,maybombs,"Awwww sweetheart ❤️ I only fed for 72 hours but I understand that bond.  I love you, you're such a good mama 💕",
https://www.instagram.com/p/CDhMyw6jWai/,CDhMyw6jWai,sionann_shreds,#thedaysarelongbuttheyearsareshort #worldbreastfeedingweek #breastfeedingweek #breastfeedingjourney #breastfed #combofeeding #triplefeeding #weaning #postpartum #liquidgold #breastmilk #IGT #lowsupply,
https://www.instagram.com/p/CDkYqz0MGNg/,CDkYqz0MGNg,souzaad,It will and believe it or not you may look back on it fondly ; ).,
https://www.instagram.com/p/CDkYqz0MGNg/,CDkYqz0MGNg,souzaad,"l remember those days as well. Glad to hear you are finding the balance that works for you. Took me 6 months to find the balance or really - let it all go as it was becoming all too consuming and detracting from me enjoying the moments. You’ve got wants important, Juniper feeling loved no matter what and mamma getting her rest.",
https://www.instagram.com/p/CDkYqz0MGNg/,CDkYqz0MGNg,vintageglamm,"And to the mamas that couldn’t breastfeed because they just couldn’t produce enough no matter what they did 🙋🏻‍♀️ that’s ok too. I wish I could give Mateo more but it wasn’t in the cards for us and I learned to be ok with that. Congratulations on your journey, it’s a beautiful thing all the way around but also the most challenging and I guess that is  motherhood. ♥️",
https://www.instagram.com/p/CDkYqz0MGNg/,CDkYqz0MGNg,jennssellshomes,"Perfectly said, we had to supplement with formula because I never had quite enough milk. Breastfeeding was so stressful but also so magical. I’m glad I pushed though to the 6 month mark and now know not to ever punish myself for any choice that involves feeding my baby. You are SO good at this mom thing, I feel it in my bones. I truly cannot wait to get back to normal so we can create the magical cousin bond that I wish I had with Ben.",
https://www.instagram.com/p/CJ68IOFAdry/,CJ68IOFAdry,samantha_nels0n,#breastfeedingmom #nursingmom #boymom #flrsttimemom #noahj #5weeksold #decemberbaby #myboy #triplefeeding #skintoskin #son #love #newborn,
https://www.instagram.com/p/CJ68IOFAdry/,CJ68IOFAdry,basicallybridge,"Don’t forget to ask for help lady. It takes a village and if you have some people you can lean on, you’re truly fortunate. You can only do so much, remember to recharge yourself 💙",
https://www.instagram.com/p/CIoXmnfh5JU/,CIoXmnfh5JU,maijennyyy,"Is there a threshold to know if they’re full after breastfeeding? ex. after you breastfeed (assuming the baby’s full), they’re not hungry for 1 hr, 2 hr or etc. how do you determine your nursing/bf is sufficient :) I know you’re supposed to nurse on their demand but it’s hard to tell.",
https://www.instagram.com/p/CIoXmnfh5JU/,CIoXmnfh5JU,realkaratemple,"It definitely works, but it can be extremely taxing in the beginning while ramping up your supply. Depending on the weight and strength of the baby, it's possible to pump and bottle feed simultaneously. Those bustier help with that! I've also pumped 30 minutes before the usual feed, prep the bottle with the amount he would need. Then to when it was feeding time, I'd nurse for 2-3 minutes on each to stimulate the hormones. Then finish with the bottle.",
https://www.instagram.com/p/CIoXmnfh5JU/,CIoXmnfh5JU,justinachiang,"Triple feedings are hard to do because they take so much time l, especially if you’re feeding your baby 8-12 times a day.  If you have a someone to help you bottle feed the baby while you pump it shortens the time a triple feeding takes and helps lighten your load.  #breastfeedingjourney",
https://www.instagram.com/p/CIoXmnfh5JU/,CIoXmnfh5JU,narababy,#triplefeeding #breastfeeding #bottlefeeding #newborn #mamatips,
https://www.instagram.com/p/CDY_A-Sh1JL/,CDY_A-Sh1JL,s.h.e_isme,What a gentle and empowering post! I enjoyed the read. I love this ❤️,
https://www.instagram.com/p/CDY_A-Sh1JL/,CDY_A-Sh1JL,katiaarcherguillaume,"On point, thanks for sharing!",
https://www.instagram.com/p/CJDwPlHA1Y4/,CJDwPlHA1Y4,mizmoll,Does the no milk in the nipple cause gas or is that just an old wives tale?,
https://www.instagram.com/p/CJDwPlHA1Y4/,CJDwPlHA1Y4,joanna_revere,@real_jason_revere to help with her choking while drinking,
https://www.instagram.com/p/CJpfnaRrdVk/,CJpfnaRrdVk,l.a.p.29,So glad she's doing so well. Tt had a herniated bellybutton shortly after he was born as well. Miss you all and can't wait til we can finally meet her!,
https://www.instagram.com/p/CJpfnaRrdVk/,CJpfnaRrdVk,dbdtravel_michele,Such a beautiful update. Love each of you!!! 💕💕❤️,
https://www.instagram.com/p/CJpfnaRrdVk/,CJpfnaRrdVk,ky_bertsch,So happy to hear she’s doing well! ❤️,
https://www.instagram.com/p/CJpfnaRrdVk/,CJpfnaRrdVk,mundanity,This is a wonderful update 🤗,
https://www.instagram.com/p/CJpfnaRrdVk/,CJpfnaRrdVk,mckwandrans,Glad she's doing so well! Can't wait to meet her some day. The section about bottle feeding/pumping made me laugh because I was just saying how much I miss breastfeeding because of how many dishes I have to wash now!,
https://www.instagram.com/p/CIBwTgZl3Jq/,CIBwTgZl3Jq,chasity_baldwin1,@miki_lee77 this is beck learning the tongue motion to breastfeed that I was telling you about!,
https://www.instagram.com/p/CIBwTgZl3Jq/,CIBwTgZl3Jq,kindestcup,This is a super cute video but please note that the haakaa is not intended for cup feeding. Not even haakaa recommends this. For an explanation/ demo of this unsafe hack please see https://m.facebook.com/watch/?v=609420946483195&_rdr,
https://www.instagram.com/p/CCyGENFBckB/,CCyGENFBckB,__wandazenmama__23,I love this.  So many moms can relate to breastfeeding and eating struggles.  I went through the breastfeeding struggles with my first.  But I felt my mama bear heart when he was in the womb I think.  I remember feeling a shift.  I got softer with some things and more fierce in other ways.,
https://www.instagram.com/p/CCyGENFBckB/,CCyGENFBckB,linda.m.potter,#mamabear #empoweredmom #empoweredmoms #firsttimemom #failuretothrive #smallbutmighty #findingmyvoice #breastfeedingmoms #breastfeedingmom #oneyearcheckup #advocateforyourchild #useyourvoice #momsintuition #mommasknowbest #advocatelikeamother #breastfeedingstruggles #pumpingmoms #triplefeeding #newbabyboy,
https://www.instagram.com/p/CDBt2obFuRb/,CDBt2obFuRb,tayscholes,"Yes! Pumped exclusively due to son’s medical condition for 18 months. I had awful cuts and tears towards the end and a bout of mastitis. The tears were so painful and so wide. Each time I’d pump, I’d have to clench my teeth. Baby number 2 and I made sure to not have to pump until I went back to work. Now I dread pumping at work.",
https://www.instagram.com/p/CDBt2obFuRb/,CDBt2obFuRb,abbyluficek,Me!! Since baby was in the NICU and I really wanted him to have breastmilk I exclusively pumped religiously every 3 hours which led to a massive over supply. Every day I would take milk to the NICU for him to have and on top of that I stocked 300 6oz bags in our deep freezer. When he was able to come home from the NICU I was miserable and couldn’t nurse - after 3 weeks of working with a lactation consultant I have regulated my supply and no longer need to pump and can successfully nurse!! I only pump if my husband wants to feed him.,
https://www.instagram.com/p/CDBt2obFuRb/,CDBt2obFuRb,vanessafromlongisland,I absolutely despise pumping. I will avoid it as much as I can.,
https://www.instagram.com/p/CDBt2obFuRb/,CDBt2obFuRb,elle_oh_bee,Me! Triple feeding and then exclusively@pumping was absolutely traumatic for me and my baby. I was never so thankful to quit all of it at 5 months and go straight formula. It was never ever what I wanted but I’m glad it existed 🤷🏻‍♀️,
https://www.instagram.com/p/CDBt2obFuRb/,CDBt2obFuRb,erinlamb.ca,Not yet at least 😅,
https://www.instagram.com/p/CDBt2obFuRb/,CDBt2obFuRb,xobakes,Yup. And turns out the second kid was even harder to feed than the first. Two years total completed of pumping pretty much exclusively and I’m done. All those warrior pumping mamas out there....you are amazing.,
https://www.instagram.com/p/CDBt2obFuRb/,CDBt2obFuRb,veritymcroberts,"Omg yes! I pump at night so my partner can feed our girl and put her to bed, I know he really enjoys doing this but I actually do dread pumping!",
https://www.instagram.com/p/CDBt2obFuRb/,CDBt2obFuRb,anadez211,"🙋🏽‍♀️ currently weaning didn’t know this was real, I don’t feel so alone",
https://www.instagram.com/p/CDBt2obFuRb/,CDBt2obFuRb,halliebulkin,Ugh. Yes. Been there with my first.,
https://www.instagram.com/p/CDBt2obFuRb/,CDBt2obFuRb,tonguetiegalway,"I absolutely had this!!! Wise, you are!",
https://www.instagram.com/p/CDBt2obFuRb/,CDBt2obFuRb,biancamononoke,Yes pumping was dreadful and the thought of having to do it again was horrible.  Now that we got the hang out breastfeeding down I am less stressed! I was only pumping bc my nipples were sore and I wasn’t ready to breastfeed,
https://www.instagram.com/p/CDBt2obFuRb/,CDBt2obFuRb,kiamhammond,"Omg yes! With this 3rd baby breastfeeding hurt so bad, like pinched bleeding nipples bad, no matter how many IBCLCs I saw they all said he didn’t have any ties. So I exclusively pumped for 5 weeks. FELT LIKE FIVE YEARS. Fast forward to him now being 4.5 months old & I finally found someone to listen to us & he got both his lip & tongue ties revised & we’ve been just at breast ever since he was 10 weeks old  BUT whenever I have to pump I HATE it, truly truly hate it, gives me so much anxiety.",
https://www.instagram.com/p/CISAB-QrVB5/,CISAB-QrVB5,a.howard03,Welcome home sweet girl!!!! Sending our love 💕,
https://www.instagram.com/p/CISAB-QrVB5/,CISAB-QrVB5,rachelschuky,"So happy for your family! I’m due in March with my gastro baby so always happy to hear positive outcomes, and 23 days sounds amazing. Can I ask what the little wire is for though?",
https://www.instagram.com/p/CISAB-QrVB5/,CISAB-QrVB5,mckwandrans,What is fortified breast milk?! I breastfed for 15 months but I have no idea what that is...,
https://www.instagram.com/p/CHCjt_qrVzj/,CHCjt_qrVzj,justineee_ee,And gorgeous little pumpkins they are.🧡🧡🧡,
https://www.instagram.com/p/CIWQ1vahQW5/,CIWQ1vahQW5,ranorris13,"I love supporting you and your sweet family, through happy times and hard times. 💕",
https://www.instagram.com/p/CIWQ1vahQW5/,CIWQ1vahQW5,_lauren_archer_,I didnt know it could reattach. 😳 Cheers to you for powering through!,
https://www.instagram.com/p/CGGES7dHizo/,CGGES7dHizo,dr_accortt,"Thank you for so honestly sharing your experience, it will hopefully encourage other moms to reach out for help!",
https://www.instagram.com/p/CGGES7dHizo/,CGGES7dHizo,lindy_marie,"My sister has been wrestling with that. She told me your amygdala grows when you give birth - it’s the thing responsible for fight or flight and makes sense that nature would boost that in the mother, but the experience of that new infrastructure is hard to navigate I’m sure. 💜",
https://www.instagram.com/p/CGGES7dHizo/,CGGES7dHizo,mindysohl,#MyWishForMoms #MakingOverMotherhood #wellness  #postpartumanxiety #postpartumbody #postpartumanxietyjourney  #mental  #mentalhealth  #health #mentalhealthawareness #triplefeeding #mentalillness  #depression #mind #anxiety #mindset #ittakesavillage #postpartumdoula #postpartumsupport #postpartumhealth #oldermom,
https://www.instagram.com/p/CCwweTlgmXN/,CCwweTlgmXN,boobyboons,Love this! 6 weeks already 💗💗💗,
https://www.instagram.com/p/CCwweTlgmXN/,CCwweTlgmXN,ugonma_naofu,😍😍 continue to grow and flourish sweet girl 😘,
https://www.instagram.com/p/CCwweTlgmXN/,CCwweTlgmXN,raising.up.rays,Such a cute milestone blanket 💕,
https://www.instagram.com/p/CCwweTlgmXN/,CCwweTlgmXN,hilary.wyse,"#6weeksold 
#lifewithanewborn 
#newmomlife 
#busymomlife 
#triplefeeding 
#breastfeedingjourney 
#girlmama
#codebrown",
https://www.instagram.com/p/CGgolkVJ4up/,CGgolkVJ4up,__k.clark1__,"I had a hard time getting enough milk when I bf my boys 🥺 I was so torn up about it! Looking back for me, I don’t think I latched them on enough. Every other feed and since they were in the hospital we did both formula and bf. So hard! I tried once we got home to EP which yes you’re right now for the weak! In the end my supply never came up to par and then receded to nothing. Once I got 3 oz each but the twins were needed more. After 4 weeks and I went to nothing I gave up 🥺... I wish I saw a LC since I did no research before they were born. But in the end we found a formula that worked for them Holle. It’s been amazing!",
https://www.instagram.com/p/CGgolkVJ4up/,CGgolkVJ4up,criswellwife4life,So proud of you for giving it everything!!! Fed is best and he is thriving!!,
https://www.instagram.com/p/CGgolkVJ4up/,CGgolkVJ4up,sierra_b16,I had a super similar experience mama! Fed is best! 💗💗,
https://www.instagram.com/p/CGgolkVJ4up/,CGgolkVJ4up,mamaitsok_,I dont own the pic🙌,
https://www.instagram.com/p/CGgolkVJ4up/,CGgolkVJ4up,mamaitsok_,#breastfeeding #pumping #exclusivelypumping #triplefeeding #jaundice #formulafeeding #momguilt,
https://www.instagram.com/p/CGgolkVJ4up/,CGgolkVJ4up,mamaitsok_,"Took 10 weeks to make a good supply! (He was supplemented the difference)I did all the things, got all the supplements, pump parts you name it, I tried it.... & you know what. After my baby wouldn’t stop spitting up almost everything he ate. I took a good look at myself & him and realized MY WORTH AS A MOM IS NOT DEFINED BY MY ABILITY TO FEED MY BABY. So I weaned. Got him on the formula that was recommended by the pediatrician and went from there. He is doing so much better on it. Im not constantly worried about how many oz I need to pump to feed and putting my baby down because I have to pump etc. you get the point. 
I struggle with the guilt still and I might still have a part of me wishing I could just have him at the boob but time heals. I can try again when I have another baby and can attempt to breastfeed again. All in all. However you feed your baby is up to you. Fed is best & Mama, It’s ok! 💙",
https://www.instagram.com/p/B4_7R5-Fq0o/,B4_7R5-Fq0o,lizinthemiddleofthebrook,You guys are rock stars💪💪💪,
https://www.instagram.com/p/B4_7R5-Fq0o/,B4_7R5-Fq0o,purpleseedling,"I love this photo. And I can understand some of the struggle. Aya wasn't at all early, but we had a very similar start to the breastfeeding journey. I thought I would go insane. So my heart totally goes out to you. You did such a hard thing!!! 💓💓💓",
https://www.instagram.com/p/B4_7R5-Fq0o/,B4_7R5-Fq0o,riancaraco,I wish I had pics like this too. You guys are such rockstars for persevering through the tough days of early feeding. I sounds super tough. In the end the tough stuff seems to give us confidence as we battle the unknown terrain of parenthood. I love your story! Thanks for sharing. It helps make some of my stories feel normal and acceptable. ❤️😘🙏,
https://www.instagram.com/p/CFu1T0eBeJH/,CFu1T0eBeJH,pump_momma_pump,That’s so great!!! Congrats! 😃,
https://www.instagram.com/p/CFu1T0eBeJH/,CFu1T0eBeJH,graystyle61690,WAY TO GO!!!! SO PROUD OF YOU 🙌,
https://www.instagram.com/p/CFu1T0eBeJH/,CFu1T0eBeJH,rachael122383,Aaaamazing!!! low supply 4x around and loved that group!  Went through sooo much to try to produce and no one quite understands unless you’ve been there! Congrats on 6 months!! U deserve a serious drink for that!!,
https://www.instagram.com/p/CFu1T0eBeJH/,CFu1T0eBeJH,jenn_kap,Such an amazing accomplishment!!! Your doing an incredible job! He is getting so big and so precious. You made it past your goal and Brody is healthy! That is all that matters!!!,
https://www.instagram.com/p/B35OTJWhS1K/,B35OTJWhS1K,the.cyndi.shaffer,Such a beautiful family and beautiful picture 😍,
https://www.instagram.com/p/B35OTJWhS1K/,B35OTJWhS1K,carlyahmoye,Such a sweet moment captured! ✨ I’m a mommy blogger hoping to connect and support other mom bloggers! 👍🏼💯,
https://www.instagram.com/p/B35OTJWhS1K/,B35OTJWhS1K,thehealthyhabitsmom,#stayathomemomlife #lifestyleblogger #blessed #yougotthismama #sahm #thesearethedays #holdthemoments #beautiful #kids #selflove #momlife #sahmlife #thelittlethings #honestmotherhood #newmomlife #momblogger #stayathomemom #momsofinstagram #postpartumdepression #breastfeeding #triplefeeding #mumlife #motherhood #letthembelittle #motherhoodthroughinstagram #newbornbaby #lukejosephbartlett,
https://www.instagram.com/p/CCn4gxZg-rm/,CCn4gxZg-rm,berrydiana,"I just found this post, I have been triple feedibf for four months now, how do I transition?",
https://www.instagram.com/p/CCn4gxZg-rm/,CCn4gxZg-rm,ericamvigil,I’m on 6 weeks of triple feeding. I only produce on one breast so I feel that in order to maintain my supply I need to keep this up.,
https://www.instagram.com/p/CCn4gxZg-rm/,CCn4gxZg-rm,staceyssilkroad,Why do so many health practitioners recommend triple feeding? I’m on my second week of this,
https://www.instagram.com/p/CCn4gxZg-rm/,CCn4gxZg-rm,debtfreeinoc,Tell me more about breastfeeding moms sleeping more 😵😵 I must be doing something wrong.,
https://www.instagram.com/p/CCn4gxZg-rm/,CCn4gxZg-rm,allisonbee89,We did triple feeding through SNS supplementation with my own breast milk while baby was seeing a chiropractor for his latch issues. It was only for a week but it was EXHAUSTING. I’m so thankful for the amount of work my midwives put in to help us through that time of slow weight gain because now baby is a GIANT at 5 months 😊,
https://www.instagram.com/p/CCn4gxZg-rm/,CCn4gxZg-rm,zannygamliel,You guys do such great work. Forever grateful for your help,
https://www.instagram.com/p/CCvmkZ5J3lO/,CCvmkZ5J3lO,ruthymama,"This is a beautiful picture! I loved nursing my babies! In the beginning it is hard, painful and can be frustrating but it sure is worth it!  It will get way easier, I promise!  This is such a precious time. I am so happy for you Rachel. Big, big hugs!! 😘",
https://www.instagram.com/p/CCvmkZ5J3lO/,CCvmkZ5J3lO,rachelism1969,"It was very difficult for me at first, but I kept with it, and now my 20-year-old daughter has teeth that are so straight that dentists SCREAM when they see them. (It is kind of like a party trick.) Hang in there.",
https://www.instagram.com/p/CCvmkZ5J3lO/,CCvmkZ5J3lO,jennyw_2024,"So hard, but so worth it.",
https://www.instagram.com/p/CCvmkZ5J3lO/,CCvmkZ5J3lO,threeboysblessed,Truth ... it gets easier and then harder and then better and then not ... and it’s amazing all the way ... love you and so proud of your transparency!!!!,
https://www.instagram.com/p/CCvmkZ5J3lO/,CCvmkZ5J3lO,thebreastfeedingmentor,"I couldn’t agree with this post any more! 🙌🏽🙌🏽🙌🏽 Thank you for the honesty. If you can hang onto the fact that you will miss these days one day, I found that it really helps. These days really are numbered ❤️ In the meantime, hydration is everything! XXx",
https://www.instagram.com/p/CCvmkZ5J3lO/,CCvmkZ5J3lO,norveiidirks,"You’re doing great! It took me 4 months to not be in excruciating pain but baby was getting enough (and she was the most effective, albeit painful at unclogging ducts) so I kept at it. It did eventually get fun without the downsides. Enjoy it when you can and get through the rest 💜😍",
https://www.instagram.com/p/CCvmkZ5J3lO/,CCvmkZ5J3lO,captureperfectstudios,"Such an honest and lovely post. Well done Mama, you got this ❤️",
https://www.instagram.com/p/CCvmkZ5J3lO/,CCvmkZ5J3lO,stacyleerox,"Girl I feel ya! It was so difficult breastfeeding the twins, sometimes tandem feeding. I decided for my sanity to exclusively pump. I have an oversupply and both have tongue tie so latching was hard. Little tip, get you some lacticups! I would leak a few ounces each side sometimes.",
https://www.instagram.com/p/CCvmkZ5J3lO/,CCvmkZ5J3lO,taylorgaudard,You got this! The first two weeks are definitely the hardest and then one day you’ll find your stride and everything ‘clicks’ between the two of you :) ironically typing this while I pump in my clinic 😂,
https://www.instagram.com/p/CCvmkZ5J3lO/,CCvmkZ5J3lO,meganamtz,I feel this so much. I had NO idea how hard breastfeeding would be. It’s like a blur of guilt and pain and frustration and love!,
https://www.instagram.com/p/CCvmkZ5J3lO/,CCvmkZ5J3lO,tatesmarie_15,"♥️♥️♥️♥️ Rock it mama, thank you for normalizing breastfeeding!",
https://www.instagram.com/p/CCvmkZ5J3lO/,CCvmkZ5J3lO,colleen.htx,"So true, I'm feeling the same way. Thanks for sharing your personal struggle. Your doing the very best you can each and every day (I keep telling myself that). 💪😊",
https://www.instagram.com/p/B3zwv6eJ8jd/,B3zwv6eJ8jd,sharolyn.m.knight,Bless you! Oh my goodness. ❤❤❤👶,
https://www.instagram.com/p/CCl0wlWjEk0/,CCl0wlWjEk0,prettysinnerslabel_jewels,"Hey 😍, just had a quick question if you don’t mind. Would you DM our main account @bohoseventyshop thanks! 👌🏻",
https://www.instagram.com/p/CCl0wlWjEk0/,CCl0wlWjEk0,sunday_bakers,I’ve also been doing triple feeding here! Thanks for sharing- it is exhausting but I’m grateful to provide milk!,
https://www.instagram.com/p/CCl0wlWjEk0/,CCl0wlWjEk0,get_upwellness,Omg this makes me want another baby,
https://www.instagram.com/p/CCl0wlWjEk0/,CCl0wlWjEk0,heyalijay,Way to go!! One of the hardest jobs in the world. You should be proud!!,
https://www.instagram.com/p/CCl0wlWjEk0/,CCl0wlWjEk0,stephspalds,You got this mama! It’s so worth the hard work and effort. 💕,
https://www.instagram.com/p/CCl0wlWjEk0/,CCl0wlWjEk0,itsjustann,Well put 🙌 Good job mama!,
https://www.instagram.com/p/CCl0wlWjEk0/,CCl0wlWjEk0,nikola_reinfelds,"Great job, mama! Oh, yes, the hunger is real!",
https://www.instagram.com/p/B01bHFxADbd/,B01bHFxADbd,tiffanylaurenht,"My baby has been a horrible nurser, and finally ended our journey at 50 weeks. I’m so sad about it. I should have reached out to you.",
https://www.instagram.com/p/B01bHFxADbd/,B01bHFxADbd,sunnisideup_333,I got my first drop of milk today.. #inducinglactationjourney,
https://www.instagram.com/p/CCCmskalbyk/,CCCmskalbyk,sruggles,We were doing SNS baby’s first week but it was taking over an hour for him to eat half of what he’s eating now this week. 😭,
https://www.instagram.com/p/CCCmskalbyk/,CCCmskalbyk,hannahenitzken,We are dealing with this same issue right now. Our little one is transitioning from triple feeding to on demand breastfeeding and it is hard work. 🥵,
https://www.instagram.com/p/CCCmskalbyk/,CCCmskalbyk,amandaveneman,Licking her nipple as a snack 🤣🤣🤣,
https://www.instagram.com/p/B3q0jf6gToI/,B3q0jf6gToI,glennette2,"Breast fed both of mine, it's a hard slog in the beginning when they are almost constantly feeding, but so worth it! 💜",
https://www.instagram.com/p/B3q0jf6gToI/,B3q0jf6gToI,normal.cam,"Keep going Mama. Our boy latched fine, I was feeding him & pumping but he was so greedy I ended up on formula after 8 weeks. Just so he could guzzle quickly. It's a roller-coaster but as long as they're fed, that's the main thing xx",
https://www.instagram.com/p/B3q0jf6gToI/,B3q0jf6gToI,jofoowildlifephotography,💪 you got this mama! 💚,
https://www.instagram.com/p/B1-GY5SBszu/,B1-GY5SBszu,laurafromperu,I try but baby gets really distracted she just tries to grab my pump.or haaka 🤣,
https://www.instagram.com/p/B1-GY5SBszu/,B1-GY5SBszu,jamaican_gal,@ketey_kutie this is what I did was able to get a lot of milk,
https://www.instagram.com/p/B1-GY5SBszu/,B1-GY5SBszu,thatonegirl_bethany,I want a haakaa soooo bad lol I do this sometimes but it’s always so complicated because my baby doesn’t like laying that way for some reason,
https://www.instagram.com/p/B1-GY5SBszu/,B1-GY5SBszu,carlosyrubi_2017,"I do this every time he nurses. For the most part he gets full by only one breast so I parallel pump with my freemie cups( I truly like them) it's easy to manage and they are not in the way of a little squirmy baby, and thanks to your products Liquid Gold and Lactivist I can feed him and create a stash 😊",
https://www.instagram.com/p/B1-GY5SBszu/,B1-GY5SBszu,jamaican_gal,This is what i used to do @nita_m24  not sure if you tried it yet,
https://www.instagram.com/p/B1-GY5SBszu/,B1-GY5SBszu,kaitsaylor,@emhenry_20 here’s what I was talking about,
https://www.instagram.com/p/B1-GY5SBszu/,B1-GY5SBszu,abbey_55,@samantha_lovato  cut your time in half 😂😂,
https://www.instagram.com/p/B1-GY5SBszu/,B1-GY5SBszu,thedouladivina,"I did this frequently with my daughter, whenever she skipped a  night feed  and I woke up engorged, I missed my last pumping session at work, or I wanted to give my stash a little boost.",
https://www.instagram.com/p/B1-GY5SBszu/,B1-GY5SBszu,chitaria_dunn,"I do this now; instead of pumping after the feedings, I pump while she eats and it has helped with my production! And less work for me! 💕",
https://www.instagram.com/p/CAhtLNVAvO1/,CAhtLNVAvO1,mrsbaggers,"Feels a bit like you’re on loop, then you finally step off and look back and think WOW- I did that ! X",
https://www.instagram.com/p/CAhtLNVAvO1/,CAhtLNVAvO1,keebali_1,Yep this was me for first 6 weeks every 2 hours - worth it now (she’s 4.5 months) but they were dark days 😭,
https://www.instagram.com/p/CAhtLNVAvO1/,CAhtLNVAvO1,bug_and_elf,This was such hard work!,
https://www.instagram.com/p/CAhtLNVAvO1/,CAhtLNVAvO1,tenkeyshappy,It's flipping hard work but it's worth it ❤️,
https://www.instagram.com/p/CAhtLNVAvO1/,CAhtLNVAvO1,mixedothermother,"This was me with my first, jaundice, tongue tie and 11% weight loss.  It was a tough first month I was lucky to have could support and so worth it in the end.  I breastfed him til 16mths xo",
https://www.instagram.com/p/B3mvrVlhEHS/,B3mvrVlhEHS,nmaness29,@tel_tel081511 when you start pumping this is a game changer!!,
https://www.instagram.com/p/B3mvrVlhEHS/,B3mvrVlhEHS,kaileymooring_,I'm new to this page. Is this live saved anywhere? I would love to know more about this!,
https://www.instagram.com/p/B3mvrVlhEHS/,B3mvrVlhEHS,savannahuptergrove,I never felt a let down. Everyone would ask me about it or tell me “when you feel the let down” and I just never had one 😭 I wish I was able to breastfeed...Idk what went wrong,
https://www.instagram.com/p/B3mvrVlhEHS/,B3mvrVlhEHS,justallie92,So jealous of all that milk she is pumping :(,
https://www.instagram.com/p/B3mvrVlhEHS/,B3mvrVlhEHS,taylorlane2010,I want to know what bra that is!!!,
https://www.instagram.com/p/B3mvrVlhEHS/,B3mvrVlhEHS,sarah_mgomez,@glo_nicolette they have great supplements for increasing supply. And tips!,
https://www.instagram.com/p/B3mvrVlhEHS/,B3mvrVlhEHS,sherbear_,Will this be posted in “Live Chats?” I missed it.,
https://www.instagram.com/p/B_ld_B0pMgA/,B_ld_B0pMgA,jaxsbeauman,You are my best  friend!!! This is my quick Easy dish❤️ that I end up making all the time 😂,
https://www.instagram.com/p/B_ld_B0pMgA/,B_ld_B0pMgA,karleywyss,"They like Shepard’s Pie, lasagna and almost any soup",
https://www.instagram.com/p/B_pYwoqjmNr/,B_pYwoqjmNr,planning.to.mom,Beautifully worded and a photo to match ❤️😊 Breastfeeding is such a labour of love 💕,
https://www.instagram.com/p/B0zFv4qHHPK/,B0zFv4qHHPK,every.drop.counts.lactation,Oh my gosh. I had a man ask me if I made enough milk because I had small breasts 😮 he was reported!,
https://www.instagram.com/p/B0zFv4qHHPK/,B0zFv4qHHPK,jalaurpeno,Thank you. Thank you. Thank you. 😭😭😭😭😭😭 I needed to see this today.,
https://www.instagram.com/p/B_3ff-Snh7y/,B_3ff-Snh7y,mothersjoylactation,#breastfeeding #breastfeedingmom #breastfeedingtips #breastfeedingsupport #breastfeedingclothes #breastfeedingfriendly #breastfeedingwear #breastfeedingart #breastfeedingmoms #breastfeedingmum #breastfeedingmommies #breastfeedingproblems #breastfeedingjourney #breastfeedingdress #breastfeedingbaby #breastfeedingmomma #breastfeedingnecklace #breastfeedingwithoutfear #breastfeedinginpublic #breastfeedingjourney #breastfeedingisbeautiful #breastfeedingmommy,
https://www.instagram.com/p/CAeSzcnB62_/,CAeSzcnB62_,ivferica,Oh my gosh that is just so precious😭,
https://www.instagram.com/p/CAeSzcnB62_/,CAeSzcnB62_,petiteflowersstudio,Omg they are holding hands 😍😍😍😍 this is so adorable,
https://www.instagram.com/p/CAeSzcnB62_/,CAeSzcnB62_,bohn2ca,💕I love them! They’re so sweet!,
https://www.instagram.com/p/CAeSzcnB62_/,CAeSzcnB62_,selinasmedsvik,Look at those long legs! Such beautiful girls 💕,
https://www.instagram.com/p/CAeSzcnB62_/,CAeSzcnB62_,lisisjoy,That’s so cute how they are holding hands,
https://www.instagram.com/p/CAeSzcnB62_/,CAeSzcnB62_,tory_tory.2,Oh my goodness! They are the sweetest! 💗💗,
https://www.instagram.com/p/CAeSzcnB62_/,CAeSzcnB62_,our_ivf_ride,Oh these two are the sweetest ever 💞those little legs!!! 😍😍,
https://www.instagram.com/p/CAeSzcnB62_/,CAeSzcnB62_,amanda_v.r,"Aw the hand holding is just too cute!!!😍♥️ Also, I found drinking mother's milk tea a few times a day really helped with my supply!",
https://www.instagram.com/p/CAeSzcnB62_/,CAeSzcnB62_,tayloreswann,That's one of the sweetest things I've ever seen 😍,
https://www.instagram.com/p/B8-H3ZZAp0B/,B8-H3ZZAp0B,vidahealthyyc,#ibclc #exclusivepumping #pumpingmama #triplefeeding #normalizebreastfeeding #yyc #yycmoms #yycbabies #postpartumjourney #newmom #evidencebased,
https://www.instagram.com/p/CCvmkZ5J3lO/,CCvmkZ5J3lO,moore_km,Love this post! Hang in there mama!! 💕💕💕,
https://www.instagram.com/p/CCvmkZ5J3lO/,CCvmkZ5J3lO,owlkristen,What a beautiful shot !,
https://www.instagram.com/p/CCvmkZ5J3lO/,CCvmkZ5J3lO,claire_oconnell_,This is so so real,
https://www.instagram.com/p/CCvmkZ5J3lO/,CCvmkZ5J3lO,healthyhappydoc,Totally feel all of this! You got this mama!,
https://www.instagram.com/p/CCvmkZ5J3lO/,CCvmkZ5J3lO,mollygurski,So so true!! Keep up the great work mama. Thank you for sharing. ❤️,
https://www.instagram.com/p/CCvmkZ5J3lO/,CCvmkZ5J3lO,_patricia_a_young,This is so real! 🙌🏽,
https://www.instagram.com/p/CCvmkZ5J3lO/,CCvmkZ5J3lO,janelle_verhaeghe,"SO much truth to this! You’re doing wonderful, mama! 💛",
https://www.instagram.com/p/CCvmkZ5J3lO/,CCvmkZ5J3lO,t.smith.10,"You can do this! If you need ANY nursing or pumping support, I’m here! 💙💙💙",
https://www.instagram.com/p/CCvmkZ5J3lO/,CCvmkZ5J3lO,alyssa_hugo,"It was so incredibly hard .. and sometimes when people encouraged me to keep going and that it would get better in those first weeks, I would get so mad ... I remember looking at my husband and saying “I just need someone to tell me I don’t HAVE to”. I felt like I was failing and that there was no other choice. Well meant encouragement sounded that confirmation that I was a failure if I didn’t produce more milk or the baby didn’t latch. I didn’t really want to quit but I needed to know that it would still be okay if I did. Such a beautiful picture!! Thanks for being vulnerable, Mama!!",
https://www.instagram.com/p/CCvmkZ5J3lO/,CCvmkZ5J3lO,motherhoodbloomslactation,💗 I love this. May I share?,
https://www.instagram.com/p/CCvmkZ5J3lO/,CCvmkZ5J3lO,jacklynn.irene,"Well said! And love this! Yes, normalize breastfeeding ❤️❤️",
https://www.instagram.com/p/B_nDU4EnSjW/,B_nDU4EnSjW,babies_bethjenora,"What a gorgeous baby! You are perfectly fit to represent our brand. If you are interested, please Message us  and  make sure to tell them that BETHEL referred you! 😍💝",
https://www.instagram.com/p/B_nDU4EnSjW/,B_nDU4EnSjW,kkayoliver,#premie #premiebaby #breastfeeding #breastfeedingmom #breastfedbaby #breastfeedingjourney #triplefeeding #pumpingmilk #pumpingmama #exclusivelybreastfeeding #soexcited #proudmama,
https://www.instagram.com/p/B0y64UKH-eQ/,B0y64UKH-eQ,filteredsun,My situation exactly. Caused severe depression.,
https://www.instagram.com/p/B0y64UKH-eQ/,B0y64UKH-eQ,sstauff422,"SO TRUE! Did it for 2.5 weeks and when I finally decided to stop nursing and exclusively pump, LIFE CHANGED.",
https://www.instagram.com/p/B0y64UKH-eQ/,B0y64UKH-eQ,kellwie,Preach!!! No advice at all in fact without follow up or a long term plan!,
https://www.instagram.com/p/B0y64UKH-eQ/,B0y64UKH-eQ,itsmorethanmilk,YES! I don’t like clients to do it fore more than 2 weeks max and we check in frequently while triple feeding. I triple Fed for 3-4 weeks with my oldest and it was exhausting.,
https://www.instagram.com/p/B0y64UKH-eQ/,B0y64UKH-eQ,midboones,I did this for 8 weeks and my mood just tanked. I stopped pumping and then just topped up. I feel like I was never told why I had low supply even though I worked with a breastfeeding centre. The whole ordeal was traumatic,
https://www.instagram.com/p/B9HnEMEA1AP/,B9HnEMEA1AP,rue_theboobboss,💜💜💜 How do you do it!!!! #love,
https://www.instagram.com/p/B9HnEMEA1AP/,B9HnEMEA1AP,amom.andher.tribe,Way to go!! I’m on month 10!! Thanks for making tandem breastfeeding beautiful!!💗💗,
https://www.instagram.com/p/B9HnEMEA1AP/,B9HnEMEA1AP,nikiottpopper,You are definitely an inspiration! You commented on a post I put on the MOMs FB group about struggling to tandem and your encouragement helped me more than you know! It really inspired me to keep trying. It’s getting easier and I hope I can make it to 9 months too. Keep spreading the positivity momma!! Thanks for putting this out there!,
https://www.instagram.com/p/B9HnEMEA1AP/,B9HnEMEA1AP,prettycabinlife,Amazing! And YASSS re listening to your body. Love you! ❤️🙌🏾,
https://www.instagram.com/p/B9HnEMEA1AP/,B9HnEMEA1AP,carissa.weth,Love this! I tandem nurse my 9 month old twins girls too! 💗💗🤰🏻🤰🏻 It’s getting tricky now though bc they like to fight with each other and steel each other’s booby lol,
https://www.instagram.com/p/B9HnEMEA1AP/,B9HnEMEA1AP,krystle_frey,Go mama go! Proud of you 👏🏻 Davis is almost 3 months old and we are still going strong even though at times I wanted to give up! 💪🏻,
https://www.instagram.com/p/B9HnEMEA1AP/,B9HnEMEA1AP,delondamarie,You all look so healthy and happy!!,
https://www.instagram.com/p/B9HnEMEA1AP/,B9HnEMEA1AP,tandemactofkindness,#BlacktationDiaries #FeedingLikeaQueen #StayWokeAndBf #BlkBfing #normalizebreastfeeding #breastfeedingmom #liquidgold #breastfeedingawareness #normalizetandembreastfeeding #normalizetandemnursing #breastfeedingtwins #chocolatemilk #storiesforbreastfeeding #GeauxBreastFriend,
https://www.instagram.com/p/B-UaiLYDEMy/,B-UaiLYDEMy,scfisher1,I’m so proud of you Iona and so happy for you,
https://www.instagram.com/p/B-UaiLYDEMy/,B-UaiLYDEMy,mamaryan80,So wonderful! And what a cute pic ☺️,
https://www.instagram.com/p/B0z7hhSAXeB/,B0z7hhSAXeB,annie_versteeg_lc,Your information is PRICELESS. Thank you 😊,
https://www.instagram.com/p/CCl0wlWjEk0/,CCl0wlWjEk0,btayco,The hardest work is now. So happy for you it’s going well!! The 2nd time around I got major engorgement and mastitis. Awful! I went to formula for Bradley after 3 weeks. Over it with baby #2. Lol,
https://www.instagram.com/p/CCl0wlWjEk0/,CCl0wlWjEk0,alishaj.yoga,"Such an inspiration, great job mama!!! ❤😍🤗🙌",
https://www.instagram.com/p/CCl0wlWjEk0/,CCl0wlWjEk0,laurenbrit,#breastfeeding #pumping #bottlefeeding #motherhood #triplefeeding #threestepplan #fedisbest #motheranddaughter #fitmom #healthymom #mommabear #mommaforhealth #healthylifestyle #sacrifice #commitment #momlife #motherhoodjourney #motherhoodinspired,
https://www.instagram.com/p/B1-GY5SBszu/,B1-GY5SBszu,fellfour,I do this at least twice a day.,
https://www.instagram.com/p/B1-GY5SBszu/,B1-GY5SBszu,tashanajoselle,I’ve done this and used my Haakaa as well! Haakaa is amazing!!,
https://www.instagram.com/p/B1-GY5SBszu/,B1-GY5SBszu,iamessince,@legendairymilk my baby nurses on both sides during a feeding. I don’t switch him he does it himself back n forth...back n forth. Than he grabs the other nipple while he is nursing on the other side...He is a beast.,
https://www.instagram.com/p/B1-GY5SBszu/,B1-GY5SBszu,butterflykisses285,@mrsnlo maybe we should give this a try?!? 🤷🏽‍♀️,
https://www.instagram.com/p/B1-GY5SBszu/,B1-GY5SBszu,_sarahdunnn,@shannelizharrison this account has some great stuff 👍🏻,
https://www.instagram.com/p/B1-GY5SBszu/,B1-GY5SBszu,mrs_mcharper,"I’ve been doing this with my Haakaa. I’m 5.5 months postpartum, so wasn’t sure if the haakaa would work for me, but in 2 weeks my supply grew from getting 2 oz over the course of three days worth of feedings to 10 oz over three days. 👏🏻👏🏻👏🏻",
https://www.instagram.com/p/B1-GY5SBszu/,B1-GY5SBszu,kiations_2.0,Yes!!! I do this all the time,
https://www.instagram.com/p/B0zfe1xHN8-/,B0zfe1xHN8-,croca13,Will it help in addition to the goats rue and moringa?,
https://www.instagram.com/p/B0zfe1xHN8-/,B0zfe1xHN8-,ibclc_cher,Boy is that the truth!,
https://www.instagram.com/p/B3mvrVlhEHS/,B3mvrVlhEHS,madicabrera,@lemonsqueeeeze this is a good group for Angel to follow if she wants lots of info,
https://www.instagram.com/p/B3mvrVlhEHS/,B3mvrVlhEHS,mlor_85,@linhfoo_june is this your boobs lol,
https://www.instagram.com/p/B3mvrVlhEHS/,B3mvrVlhEHS,carissa.rachel,Is there a way to watch this if we missed it?,
https://www.instagram.com/p/B3mvrVlhEHS/,B3mvrVlhEHS,mrskaylamakenna,Do you have any tips or products you would recommend to get from your company for bringing in milk for premature twins? I’m delivering them at 32 weeks and they’ll need to be in the NICU until they reach a good amount of weight.,
https://www.instagram.com/p/B3mvrVlhEHS/,B3mvrVlhEHS,ealionbe,Love parallel pumping! This is how I’m able to maintain somewhat of a stash! I’ve been doing this for months and love it. I also do it at night with my haaka if my little wakes up.,
https://www.instagram.com/p/B3mvrVlhEHS/,B3mvrVlhEHS,lcthelc,Which nursing bra is this,
https://www.instagram.com/p/B3mvrVlhEHS/,B3mvrVlhEHS,meganlconatser,What is a triple feed?,
https://www.instagram.com/p/B3mvrVlhEHS/,B3mvrVlhEHS,garciagram35,At what age do you start pumping?,
https://www.instagram.com/p/B3mvrVlhEHS/,B3mvrVlhEHS,amaliabeta,"Instead using a breast pump, can we used silicone breast pump ?",
https://www.instagram.com/p/B3mvrVlhEHS/,B3mvrVlhEHS,brittneywatts,@johanamihajlovic parallel pumping might be good for you to try,
https://www.instagram.com/p/B3mvrVlhEHS/,B3mvrVlhEHS,east_of_eden_homestead,So sad 😞I missed this ... was it recorded ?,
https://www.instagram.com/p/B0yxtRXnY0_/,B0yxtRXnY0_,every.drop.counts.lactation,How do you convey this conversation to a woman who might not be ready to hear it?,
https://www.instagram.com/p/B0yxtRXnY0_/,B0yxtRXnY0_,jbelle705,I have severe IGT/breast hypoplasia. I’m otherwise very healthy. My sister had no issues. It broke my heart but I had an inkling I had it before having my son. I took domperidone. It helped me make 3ouces a day and my daughter would nurse but for comfort. She is on donor milk and has been since she was born bc I was prepared bc I knew I had IGT. I tried everything known to man to make more milk. But my breast have very little glandular tissue.,
https://www.instagram.com/p/B0yxtRXnY0_/,B0yxtRXnY0_,sunnisideup_333,Because my doctor is concerned that I may have PCOS but I would like to induce lactation for our upcoming adoption.,
https://www.instagram.com/p/B0yxtRXnY0_/,B0yxtRXnY0_,sunnisideup_333,I have a question what can being some medical causes of low milk supply?,
https://www.instagram.com/p/B0yxtRXnY0_/,B0yxtRXnY0_,freedomandthewoods,I’ve exhausted testing-all my results are “normal”. I think a lot of this is caused by endocrine and hormone disruption in our environment. Fragrance being a HUGE one. Pesticide on our food and etc. After experiencing the trauma of severe low milk supply I have become extremely vigilant in what I feed and expose my children too.,
https://www.instagram.com/p/B0yxtRXnY0_/,B0yxtRXnY0_,britty128,And honestly I didn't even know what to ask for as far as testing. I did ask why and was just told that we don't really know.,
https://www.instagram.com/p/B0yxtRXnY0_/,B0yxtRXnY0_,britty128,"That's exactly what they told me. And said Reglan wasn't an option due to depression side effect. But like... There has to be more than ""some people can't"" after you've exhausted all the usual tips and tricks. It's too late for me to try again now (I gave up at 4 months, baby is 10 months now) but I appreciate this for the next time.",
https://www.instagram.com/p/B8OoTp7hx60/,B8OoTp7hx60,madison.cleckler,#postpartum #postpartumfitness #postpartumexercise #postpartumbody #postpartumbelly #fourthtrimester #coreandpelvicfloor #postpartumcore #postbabyexercise #fitmom #newmom #newborn #newmotherhood #diastasisrecti #pelvicfloordysfunction #pelvichealth #postbabybody #postbabyfitness #postpartumtrainer #fourthtrimesterfitness #breastfeeding #chestfeeding #exclusivepumping #triplefeeding #nursing #feedingbabies #fedisbest,
https://www.instagram.com/p/B8OoTp7hx60/,B8OoTp7hx60,nobodyisnobody.period,Can I say how much I love that you wrote “chest/breastfeeding” ? 💜💜💜💜,
https://www.instagram.com/p/B0ylsJCH_YU/,B0ylsJCH_YU,karliesgrace,I’d love to learn more about prolactin levels and how to correctly test and what optimal levels are. Always looking to leave more,
https://www.instagram.com/p/B0ylsJCH_YU/,B0ylsJCH_YU,walkerfamilyfarm,And I didn’t see much if any of an increase with all that reglan anyway!,
https://www.instagram.com/p/B0ylsJCH_YU/,B0ylsJCH_YU,walkerfamilyfarm,I asked my dr to run these tests and they refused and just wrote me a prescription for 6months of reglan!,
https://www.instagram.com/p/B0ylsJCH_YU/,B0ylsJCH_YU,dreawelty,I had high prolactin levels and no igt and still couldnt make enough milk 😭 still give my baby the few mLs I make,
https://www.instagram.com/p/B0yeP6dnmok/,B0yeP6dnmok,every.drop.counts.lactation,Ugh so tired of seeing Greater Than targeting mothers with their expensive coconut water!!,
https://www.instagram.com/p/B8Buvuth1Em/,B8Buvuth1Em,guylaine___p,Wow that’s a great haul good job!!,
https://www.instagram.com/p/B8Buvuth1Em/,B8Buvuth1Em,thejourneydotcom,"I ended up having to exclusively pump for months. I had a lot of emotions about it and It was a bit of a challenge, but you Gotto do what you Gotto do! We wrote this about boosting milk supply btw (I have pcos too and had low production). It’s all backed by references science and research. Good luck - I feel you on this! 
https://thejourneydot.com/the-science-behind-increasing-your-milk-supply/",
https://www.instagram.com/p/B8Buvuth1Em/,B8Buvuth1Em,making_me_mama,So impressive! My LO is only a week old & I’m sadly hating BFing. It’s so painful and she never seems full. We’ve had to supplement with formula & I’ve already gotten mom-shamed from a few different sources. Pumping I get maybe 1 oz. 😒,
https://www.instagram.com/p/B8Buvuth1Em/,B8Buvuth1Em,s_dennison17,Come join our BF support group on facebook https://www.facebook.com/groups/BreastfeedingMamaCherrygroup/?ref=share,
https://www.instagram.com/p/B8Buvuth1Em/,B8Buvuth1Em,theivfcollective,This post couldn’t have come at a better time honestly. I just stopped off eating as well as I was taking almost an hour and a half. We had private lactation consultant’s come out with still no joy. Just started exclusively pumping and feel so much better for it!,
https://www.instagram.com/p/B8Buvuth1Em/,B8Buvuth1Em,montana_made_mama,This is wonderful♥️ thank you for sharing!!,
https://www.instagram.com/p/B8Buvuth1Em/,B8Buvuth1Em,kay.a.medina,Amen! I switched from BF to pumping more and it’s been so much better. Our little guy seems happier and we aren’t breastfeeding for hours on end (I wish I was kidding).,
https://www.instagram.com/p/B8Buvuth1Em/,B8Buvuth1Em,mybeautifulblunder,So brave for sharing! I had three freezers full of milk because of twins I had to alternate bottle and breast and most of the time they weren’t getting enough. So I pumped so much I had to buy two extra freezers! Go girl!! You do you!,
https://www.instagram.com/p/B8Buvuth1Em/,B8Buvuth1Em,ivf_mama19,Love this post mama❤️ thank u for shedding light on EP!!!,
https://www.instagram.com/p/B8Buvuth1Em/,B8Buvuth1Em,search4babysatch,"Phewww that’s impressive. I’m currently weaning and have been Pumping + formula for about the last month since my LO lost interest in breastfeeding and was never super into it to begin with. And man I’m impressed by EBF mommas cuz pumping sucks. I’m slowly decreasing my supply cuz I just can’t continue with finding time for pumping at work and coming home and pumping instead of spending time with my little guy. Real tough stuff. You’re doing amazing, mama! ❤️❤️",
https://www.instagram.com/p/B79FtT9AsX5/,B79FtT9AsX5,milkandhoneybreastmilkjewelry,#triplefeeding #breastfeeding #nursing #nursingmom #breastfeedingmama #breastfeedingmom #nicu #nicubaby #nicumom #nicujourney #hospitalpump #traumaticbirth #birthtrauma #oversupply #preeclampsia #emergencycesarean #emergencycsection #pregnancy #breastmilkjewelry #milkandhoneybreastmilkjewelry #colostrum #tonguetie #liptie #ibclc #lactationconsultant #exclusivelypumping #exclusivelypumpingmama #bottlefeeding #postpartum #breastmilk,
https://www.instagram.com/p/B5mlE8SF6-5/,B5mlE8SF6-5,danasnead15,This.  It makes it so much easier!,
https://www.instagram.com/p/B5mlE8SF6-5/,B5mlE8SF6-5,brittanymblakey,I wish I did this with sam 😂😍❤️,
https://www.instagram.com/p/B0yCypUAu9o/,B0yCypUAu9o,annie_versteeg_lc,"If you want to stop, stop.... on a good day. See it as stopping! The word quit has many negative connotations. We don’t need more negatives!",
https://www.instagram.com/p/B6N0h5xFl5a/,B6N0h5xFl5a,alysa.jarolimek,Would this be a great idea for relieving pressure when baby only takes 1 boob at a time and have to pump either way? Or will this hurt my supply to become over supplied?,
https://www.instagram.com/p/B6N0h5xFl5a/,B6N0h5xFl5a,hannah_polky24,Such great tips! Thank you 😊,
https://www.instagram.com/p/B6N0h5xFl5a/,B6N0h5xFl5a,mhakans5,Great tips!! Helpful also if you don’t want to buy a pumping bra. I can’t wait to try!,
https://www.instagram.com/p/B6N0h5xFl5a/,B6N0h5xFl5a,mama.thrived,The gift that keeps giving! What an awesome tutorial!,
https://www.instagram.com/p/B6N0h5xFl5a/,B6N0h5xFl5a,jeong48,@sydmw great nursing bra hack!!,
https://www.instagram.com/p/B6N0h5xFl5a/,B6N0h5xFl5a,bitchinnutrition,"Yes, this method was amazing 🙌! I didn't even know it had a name when I nursed my two little ones, but it really increased my milk supply and allowed me to stock up for when I went back to work.",
https://www.instagram.com/p/B79PG9UgJjM/,B79PG9UgJjM,heartfeltbeginnings,Also peep those newborn nails! I wish someone had told me how to buff her nails when they were this sharp! Filing wasn’t that effective and clipping was impossible. Something else I’m happy to share with and support my clients in! ❤️,
https://www.instagram.com/p/B79MdB7hjqw/,B79MdB7hjqw,chloekangalee,This is so helpful! Thank you for sharing! I’m nervous about breast feeding but I think it will all be ok in the end xx,
https://www.instagram.com/p/B79MdB7hjqw/,B79MdB7hjqw,katybstuhr,"And do not beat yourself up of you have to supplement! A lot of people don't make enough milk to begin with to feed their babies or just really hate breast feeding. Try to do both! The breast milk is so good for them, especially during cold and flu season, and formula will not hurt them.",
https://www.instagram.com/p/B79MdB7hjqw/,B79MdB7hjqw,ivfgotthisbaby,"On 7. If you dont have a warm compress another option one of the midwives taught me was to use a disposable diaper , poor a bit of hot/boiling water on the inside of the diaper, let it cool slightly & put on your breast.",
https://www.instagram.com/p/B79MdB7hjqw/,B79MdB7hjqw,dianaminn,"Also, every baby is different.  I BF all 3 of my girls but after the 3rd was born, she was having a hard time latching on.  I was getting so stressed, which doesn’t help baby.  They brought in the LC and the first thing she asked was “is this your first baby?” Me, “No, my 3rd 😳”. Lesson learned is be patient with yourself even the 3rd time around!",
https://www.instagram.com/p/B79MdB7hjqw/,B79MdB7hjqw,ttc_chi_bb,"Can I ask you a maybe silly question 🙃 When people talk about the pain of breastfeeding and the soreness/chappedness, does that happen with pumping, also?",
https://www.instagram.com/p/B79MdB7hjqw/,B79MdB7hjqw,carlyesperia,This is so true! I feel like no one really laid out how important the first two weeks were and now I am in a constant supply struggle which especially blows with PCOS. I guess now I know for when number 2 comes along 🙈,
https://www.instagram.com/p/B79MdB7hjqw/,B79MdB7hjqw,carly_reardon,"BF can be extremely hard. We went to classes pre natal and during my hospital stay and after to the free BF community clinics. Unfortunately for us bubs tongue tie wasn’t picked up until 3 weeks in. Pain tears and anxiety later we had booked in for the tongue tie with a paed surgeon. 
The first line of what you wrote is so important to a mum to hear. I felt so guilty that at 3 weeks I was struggling to feed her and couldn’t keep milk production up with her needs. Now I’m pumping every few hours and topping her feds up with formula where I have to do so. Like you said fed is best and no mother should ever feel guilty or beat themselves up over this. BF is not easy, it’s hurts, it takes its toll on mum mentally and physically. 💛",
https://www.instagram.com/p/B79MdB7hjqw/,B79MdB7hjqw,305vf,Also important to note how sleepy baby will be early on and how to keep them awake as long as possible during feedings. Otherwise they’ll be hungry again right away!,
https://www.instagram.com/p/B79MdB7hjqw/,B79MdB7hjqw,buff_for_babies,"Thanks, this is helpful. 💜",
https://www.instagram.com/p/B0xPSWcIdaO/,B0xPSWcIdaO,annie_versteeg_lc,"If your doctor and or midwife don’t know, ask an IBCLC!",
https://www.instagram.com/p/B0pPF_unzsM/,B0pPF_unzsM,frankly_joyful_beauty,Speak. On. It. 🙏🏽👏🏽 You’re a champion 🌟,
https://www.instagram.com/p/B0pPF_unzsM/,B0pPF_unzsM,elizabethharthison,Sheba! Congratulations! It’s hard work! You need so much patience & help to do this! It’s like rededicating your life to breastfeeding. You got this! I see you.,
https://www.instagram.com/p/B0pPF_unzsM/,B0pPF_unzsM,adrienne.metcalfe,Wow! You are amazing! Way to keep with it! 👏Love you!,
https://www.instagram.com/p/B0pPF_unzsM/,B0pPF_unzsM,omas.meatloaf,"Wow, Sheba! This is truly such a huge accomplishment, I’m so happy for you!",
https://www.instagram.com/p/B0pPF_unzsM/,B0pPF_unzsM,barebygenevieve,You are a warrior ! 🔥,
https://www.instagram.com/p/B0pPF_unzsM/,B0pPF_unzsM,repro_biologist,Congrats!!!! Go mama!! You are a awesome!!,
https://www.instagram.com/p/B0pPF_unzsM/,B0pPF_unzsM,mikkismithsonian,Way to go mama! 🙌🏾💪🏽❤️🔥,
https://www.instagram.com/p/B0owq2Wl3FL/,B0owq2Wl3FL,alittlebitofclaire,Beautiful photo! You’re amazing babe xx,
https://www.instagram.com/p/B0YnjAMgnri/,B0YnjAMgnri,dreamsrecycled,Your account is great 👏,
https://www.instagram.com/p/B0YnjAMgnri/,B0YnjAMgnri,crazymsmom0f3,You are one amazing moma!!👏💪😍,
https://www.instagram.com/p/B0rRmT1BMOj/,B0rRmT1BMOj,megansorensenn,"You’re doing great momma! Your baby boy is handsome, fed + doing great. He is loved by you and in the end that’s what matters 💙",
https://www.instagram.com/p/B0rRmT1BMOj/,B0rRmT1BMOj,drkate25,"I feel this on such a deep level. It's so hard when things don't work out as you'd hoped and envisioned. I certainly never imagined myself mixing bottles of formula and crying over my pump but I've been there too. At the end of the day, Ezra is loved and happy and smart and what matters isn't formula/breast milk, it's that his mama LOVES HIM more than anything.",
https://www.instagram.com/p/B0rRmT1BMOj/,B0rRmT1BMOj,_.mamakaite._,"Beautifully written Angela!! You are an amazing badass mom and will always be! Your story brings me comfort and peace. As we reach these final months I’ve started to worry more about possibly not being able to supply enough for him, but you are completely right! My love and time with my child is more important and wether he have breast milk and/or formula, if he’s happy and healthy, then I’ve done my job! 
Keep up the great work momma and I can’t wait to see more of your blog posts 💙✨",
https://www.instagram.com/p/BzeRqZ2gCPm/,BzeRqZ2gCPm,milkmap,#milkdonor #donormilk #humanmilk #exclusivelybreastfed #exclusivepumping #bottlefed #donormilksaveslives #milkmap #breastmilkdonation #milksharing #breastmilkdonor #normalizemilksharing,
https://www.instagram.com/p/ByGFOUBB8tw/,ByGFOUBB8tw,laureneg6,She looks so much like Kinley!,
https://www.instagram.com/p/BlEAzBzAfHf/,BlEAzBzAfHf,aleks_jedruszek,he looks so grown up. (i say this in every comment BUT ITS TRUE!),
https://www.instagram.com/p/BxpXlx-Fg2T/,BxpXlx-Fg2T,mothercreatesdaughter_of_zeus,Blessed Love  Mother  and Child 🙏🏻,
https://www.instagram.com/p/BxpXlx-Fg2T/,BxpXlx-Fg2T,fashion.place_official,"hey Rachel Great Post, thanks for sharing ! 😃",
https://www.instagram.com/p/BRYZZA4D4L3/,BRYZZA4D4L3,allirieken,I feel your pain!! Fed is definitely best! You're doing awesome 😘,
https://www.instagram.com/p/BRYZZA4D4L3/,BRYZZA4D4L3,heykatiecoyne,You are simply amazing. We are here for you and will support you 100% of the way. But just FYI ... I silence my phone while I sleep #sorry 😎 Lactation emergencies must call Danny's phone.,
https://www.instagram.com/p/BRYZZA4D4L3/,BRYZZA4D4L3,snowickitx,"I was there...8 months in & then I had to start formula...changed all of our lives!! But those tears flowed for awhile--feel it & cry it..you're ROCKSTAR MOM either way & I love your words, ""fed is best""!! Love to you!",
https://www.instagram.com/p/BRYZZA4D4L3/,BRYZZA4D4L3,mrskristinwagner,Way to go mama! It is so hard and you are doing an awesome job!,
https://www.instagram.com/p/BRYZZA4D4L3/,BRYZZA4D4L3,allisonmichelle.atx,"💪 you killing this motherhood thing! I know it's hard, but you're doing it with grace and unknowable strength!",
https://www.instagram.com/p/BRYZZA4D4L3/,BRYZZA4D4L3,dayzii23,Your awesome! Lainey had a dairy allergy and breastfeeding was so hard for us! I feel ur pain!,
https://www.instagram.com/p/Bm50VRGBz83/,Bm50VRGBz83,yoimagesgallery,Like a little gymnast already so sturdy and strong kicks!,
https://www.instagram.com/p/Bm50VRGBz83/,Bm50VRGBz83,wonkity,We were all cooing over her photos in the office! I hope you're doing well too.,
https://www.instagram.com/p/Bm50VRGBz83/,Bm50VRGBz83,ms.feon,Take care the little one and try to stay home. Avoid all the bad stuff outside.,
https://www.instagram.com/p/Bm50VRGBz83/,Bm50VRGBz83,ctan415,Shes so active kicking legs 😍🤗😘,
https://www.instagram.com/p/Bm50VRGBz83/,Bm50VRGBz83,mjleslie,Omg. She’s amazing! I’m so she’s finally home 😘,
https://www.instagram.com/p/BmFUdpHhvYO/,BmFUdpHhvYO,laurenlopez_cos,Omg I’m putting this in my planner.  I didn’t know there was such a day. I had igt. It was heartbreaking.,
https://www.instagram.com/p/BmFUdpHhvYO/,BmFUdpHhvYO,sam.in.nz,#lowmilksupply #lowsupply #LMSADay #sns #triplefeeding #lactaid #fbsupport #igt #insufficientglandulartissue #breastfeed #breastfeeding #bf #chestfeed #chestfeeding #normalizebreastfeeding #normalizebf #aug5 #bottlefeeding #donormilk #milkbank #pacedbottlefeeding,
https://www.instagram.com/p/BjsueTEAXs7/,BjsueTEAXs7,christiposner,Motherhood is the absolute BEST! I feel like the love for your child is absolutely indescribable. Something you can’t possibly understand until you have a child yourself!,
https://www.instagram.com/p/BjsueTEAXs7/,BjsueTEAXs7,thepassiveincomenurse,"I’m boy momming it over here too, girl! Godspeed my friend! Excited to follow you. 😃",
https://www.instagram.com/p/BjsueTEAXs7/,BjsueTEAXs7,rachelmoblon,#duedate #threeweeksearly #thisistwins #iuitwins #iuijourney #iuisuccess #boymom #boymomlife #momlife #momsofinstagram #momofmultiples #triplefeeding #fedisbest #lovebeingamom,
https://www.instagram.com/p/BRkBSqIjorJ/,BRkBSqIjorJ,pawparazzi_s,Soooo cute! You are glowing ❤️❤️❤️,
https://www.instagram.com/p/BRkBSqIjorJ/,BRkBSqIjorJ,sllacour,"Go, Krewe, go!!! Love you, little buddy!",
https://www.instagram.com/p/BQp1oh1D_OZ/,BQp1oh1D_OZ,vicki_wootton,"Oh girl- coffee every morning, even if that means plopping my child in front of the tv. Momma needs it ☕️",
https://www.instagram.com/p/Bxp2FxvFb5F/,Bxp2FxvFb5F,lizzybee62,@aloha.nutrition This is all so helpful! I feel like my supply is gradually climbing. She still is somewhat hungry after feedings (giving her an ounce to two ounces after each feeding from bottle). I like your suggestion about continuing to bring her to breast though! That helps her learn to draw out milk. I have an appt with my LC on Tuesday so I’ll bring this up to her too! Thank you again for the encouragement 🥰,
https://www.instagram.com/p/Bxp2FxvFb5F/,Bxp2FxvFb5F,thelittlemilkbar_,Oh em gee the sweetest little babe ever 🙈❤️,
https://www.instagram.com/p/Bxp2FxvFb5F/,Bxp2FxvFb5F,babyandme.nutrition,I’ve heard of power pump but not this! Cool👏🏻,
https://www.instagram.com/p/Bxp2FxvFb5F/,Bxp2FxvFb5F,theweightloss.dietitian,I did this in beginning and didn’t realize it had a name!! 😂 So good you’re sharing that time saver and also so that moms know they’re not the only one!,
https://www.instagram.com/p/Bxp2FxvFb5F/,Bxp2FxvFb5F,julimdaughenb,"Baby nurses is 5 mins.... I can’t do it when is my third baby, don’t have the time :(",
https://www.instagram.com/p/Bxp2FxvFb5F/,Bxp2FxvFb5F,nourishedmothers,"@motherhoodmaternity makes amazing clothes! Also, I found a milk saver pump like the one from @naturebond_international to be incredibly helpful in draining the other breast when nursing on one side!!",
https://www.instagram.com/p/Bxp2FxvFb5F/,Bxp2FxvFb5F,katinahat85,"I triple fed for 10 weeks. The hardest thing I've ever done in my life.. LO then refused the breast, so I've been pumping and formula feeding since, 8 1/2 months later.. Wish I had the correct pump to be able to pump whilst feeding at the time, would have saved so much time .. Glad you're sharing this info!",
https://www.instagram.com/p/Bxp2FxvFb5F/,Bxp2FxvFb5F,mpoorvu,Doesn’t work for twins! 😭😭,
https://www.instagram.com/p/Bxp2FxvFb5F/,Bxp2FxvFb5F,rachellacy2911,So thankful I only had to do this for 5 weeks! It was exhausting!,
https://www.instagram.com/p/Bxp2FxvFb5F/,Bxp2FxvFb5F,postpartumnutritionist,Triple feeding was my life! Exhausting and time consuming for sureee. Takes lots of support to stick with it!,
https://www.instagram.com/p/Bxp2FxvFb5F/,Bxp2FxvFb5F,vajohanneson,This was us at the beginning! Unfortunately I had no idea it was a technique and strategy with an aim and thought it was going to be my future FOREVER. It almost completely turned me off to the idea of breastfeeding because it was absolutely incessant.,
https://www.instagram.com/p/Bl9mOtTBgQT/,Bl9mOtTBgQT,jessewheatley33,"@thetrillwitch I had the same experience. So much guilt and tears. We made it to 5 months. My boobs didn't respond well to the pump, but I gave him every once that came out. But with being a working mom, formula and bottles were what was gonna happen eventually. I loved it, but it was so frustrating too.",
https://www.instagram.com/p/Bl9mOtTBgQT/,Bl9mOtTBgQT,areyoukiddingorrr,I have experienced the same. I tried to nurse my little one and I thought it was going great but he kept losing weight. My doctor said to try either supplementing with formula or pumping and giving him a bottle. I started pumping and bottle feeding him and he started gaining weight. I am sad that breastfeeding did not work out for us and now I exclusively pump for him. It can be grueling to completely arrange my schedule around pumping. FED IS BEST and we all do what is best for our babes. You’re awesome!,
https://www.instagram.com/p/Bl9mOtTBgQT/,Bl9mOtTBgQT,maryheathermakes,You have fought so hard for Goldie and it has been really inspiring to me. ❤️,
https://www.instagram.com/p/Bl9mOtTBgQT/,Bl9mOtTBgQT,derikajade,Why do you have to have all those tubes taped to you??,
https://www.instagram.com/p/Bl9mOtTBgQT/,Bl9mOtTBgQT,michsofi,"I went through the same thing. I had to supplement at every feeding. When I went back to work I lugged around the pump and had to go hide in the private disabled bathroom (which sometimes smelled like a porta potty as the maintenance guys would use it instead of the regular men’s room next door) and I still wouldn’t come home with a lot. I made it 6 months which was a struggle, But I always felt that Logan decided he was done so we quit together. I’m glad I gave it my all and he turned out amazing. It’s all between you and your little. 😊 thanks for sharing.",
https://www.instagram.com/p/Bl9mOtTBgQT/,Bl9mOtTBgQT,itsstellamarin,"It's been 17 years since I breastfed, but I struggled as well. I was also hard on myself and an emotional wreck, but since it was before the age of social media, I thought it was just me who had this issue. I'm so glad women are sharing their experiences so we can come together and support one another! Thank you for posting this 🙌",
https://www.instagram.com/p/Bl9mOtTBgQT/,Bl9mOtTBgQT,nessfraser,Every drop counts — you're doing a great job and Goldie is lucky to have you as her mama ❤️,
https://www.instagram.com/p/Bl9mOtTBgQT/,Bl9mOtTBgQT,bonehexe,"You're doing so well mamma ! I've had the difficulty of low supply, and I found out that it was my thyroid causing troubles !  But, she looks so happy, and so do you. :)",
https://www.instagram.com/p/Bl9mOtTBgQT/,Bl9mOtTBgQT,ladyliubagram,"I appreciate this so much. We’ve had a similar journey and I still put so much pressure on myself. I really try to follow the mantra “happy mami, happy baby” I just wish I had a larger supply.  But the girls are both thriving!  See you two soon!!!",
https://www.instagram.com/p/Bl9mOtTBgQT/,Bl9mOtTBgQT,summeramour,❤️❤️❤️ Goldie is so lucky you’re her mama. You are amazing!,
https://www.instagram.com/p/Bl9mOtTBgQT/,Bl9mOtTBgQT,liz.jansen,"Giiiiirrrrlll..... breastfeeding is HARD. Hands down hardest thing I’ve ever done, with BOTH babies. The mental anguish we go through as mothers when it doesn’t go perfectly is the WORST. Mom guilt is hard, but props to you for doing everything possible to be the best mom you can be. You’re beautiful and I love seeing your posts. ❤️",
https://www.instagram.com/p/Bl9mOtTBgQT/,Bl9mOtTBgQT,motherwine,@rosies_rad_mama you two don’t know each other but I know both of you and I feel like both your posts today will make each other happy 😘. Way to go rad moms!!,
https://www.instagram.com/p/Bs9hhZbnwkf/,Bs9hhZbnwkf,shondaangelou,So glad you endured. 🤗🤗,
https://www.instagram.com/p/BMR3zmjh043/,BMR3zmjh043,mamasselect,"Love, Love , Love seeing these pics. 😄 Would love to see more.",
https://www.instagram.com/p/BMR3zmjh043/,BMR3zmjh043,happy.mama.healthy.baby,#happymamahealthybaby #heathymamahealthybaby #breastfeeding #breastisbest #fedisbest #wearallthebabies #buyallthediapers #combofeeding #triplefeeding #pcos #preemie #breastfeedingpreemie #birthwithoutfear #fourthtrimester #restorepostpartum #breastfeedingkansascity #GKCLCA #KansasCityBreastfeedingSupportGroup,
https://www.instagram.com/p/BP6nZzZAApC/,BP6nZzZAApC,whoisbeth10,"@beautifully_imperfect_momma such a powerful photo! You should check out @milkymamallc ! Their treats have been my handy sidekick throughout my entire breastfeeding journey. I've used them for 8 months now! ••••Use the link in my bio for 10% off your first order!••••
• • • • 
#milkymama #breastfeedwithoutfear #newmommy #breastfeeding #normalizebreastfeeding 
#beautifulbreastfeeding #beautifulbfing #breastpump
#mamasmilk #mommymilk #lactation #nursingmoms
#medela #postpartum #brelfie
 #breastmilk #breastfeedingmom #breastfeedingsupport #milkymama76",
https://www.instagram.com/p/BP6nZzZAApC/,BP6nZzZAApC,mamasdoublerainbow,"This is amazing ! I'm astonished by your ability to post such a raw picture of nursing !! I love it 😭💖 #normalizebreastfeeding you should try some of @euphoricherbals products, they have a ton of stuff that can really help you boost your supply. I've tried a few myself and have seen drastic changes in my supply ! Keep up the nice work & don't give up mamas 💖🤗",
https://www.instagram.com/p/BP6nZzZAApC/,BP6nZzZAApC,laurenlove119,Try milky mama treats! It gave me the boost I needed for my supply! @milkymamallc,
https://www.instagram.com/p/BP6nZzZAApC/,BP6nZzZAApC,mommybreastfeedingpictures,"That means,Send your picture through direct message and I can sharing your picture @beautifully_imperfect_momma",
https://www.instagram.com/p/BP6nZzZAApC/,BP6nZzZAApC,beautifully_imperfect_momma,@mommybreastfeedingpictures I'm not sure what that means,
https://www.instagram.com/p/BP6nZzZAApC/,BP6nZzZAApC,p33333333333,"So beautiful! I also have low supply due to a reduction I had in my teens, You got this mama!",
https://www.instagram.com/p/BP6nZzZAApC/,BP6nZzZAApC,mommybreastfeedingpictures,Do you want to Dm your picture?,
https://www.instagram.com/p/CnCaRHYsVZv/,CnCaRHYsVZv,dennise_merrytot,How cute😍 We'd really love you and your baby to represent our brand. Send this post to our main page 👉@ merrytot.official so we can explain the process.,
https://www.instagram.com/p/CnCaRHYsVZv/,CnCaRHYsVZv,vickiwilliams1978,Gorgeous rach 💗 mol said she’d seen you today xx,
https://www.instagram.com/p/CnCaRHYsVZv/,CnCaRHYsVZv,vivien_1973,I can see Rosie in her 🎀🎀,