Username,Likes,Comments,Timestamp,Caption,TP_scores,EH_scores,ratings match?,avg,Number incorrect,
lalactation,6283,6,2024-06-20T14:09:59.000Z,"Side lying bottle feeding offers several advantages, particularly in terms of positioning and mimicking the natural breastfeeding experience. This method allows baby to be in a more relaxed and comfortable position, which can reduce the risk of choking and overfeeding as gravity aids in the natural flow of milk. The side-lying position also closely resembles the way a baby nurses at the breast, promoting a familiar experience for baby. 

Using your breastfeeding pillow is a great way to support baby in this position. The pillow provides stability through baby’s trunk while allowing your arm to rest without tension. The other advantage of feeding in this position is the ability to pump at the same time. There are many families who are in the middle of triple feeding, which is very time consuming. By bottle feeding in side lying at the breast (but not in the breast), the ability to pull at the same time is still there, streamlining the overall timing of the feeding. This picture shows how to have baby in a side lying bottle feeding position on the breastfeeding pillow while still having room for the pump flanges and pumping. It should be taking around 15 minutes to bottle feed baby, and most pumping sessions are between 15-20 minutes. 

#pumpingmom #triplefeeding #pumpingmilk #nursingbra #pumpingbra #milkstorage",3,2,incorrect,2.5,29,round 2
legendairymilk,1593,257,2019-09-04T01:09:50.000Z,"Parallel pumping is a technique coined by Kathleen McCue of @metropolitanbreastfeeding. It involves using a breastpump to pump one breast while simultaneously nursing baby on the other. Kathleen recommends using a pumping bra to hold the pump in place, then latching baby to the other breast. ⁣
⁣
If you are currently caught in the arduous cycle of triple feeding (nursing, then double pumping, then supplementing baby with your pumped milk) to increase supply, you may find the parallel pumping technique much more manageable. Instead of triple feeding, you would parallel pump at every feeding and then supplement with your pumped milk, if necessary. ⁣
⁣
Parallel pumping can also be done when you need to create a stash for your return to work or school. You can do this a few times a day, or only when you happen to need some extra milk. Have you tried parallel pumping? ⁣
📷: @suchabelladaughter",1,1,correct,1,14,round 3
legendairymilk,1462,179,2019-10-14T16:30:40.000Z,"Join us tonight at 7:00 pm CST/8:00 pm EST for a live chat with Kathleen McCue from @littlebeamnursingpillows. She’s an International Board Certified Lactation Consultant (IBCLC) and family nurse practitioner and she’ll be discussing the benefits of parallel pumping. Parallel pumping is when you use a breast pump on one breast while simultaneously nursing baby on the other breast. Some benefits of parallel pumping include double stimulation to breasts to increase milk production, facilitating easier letdowns for infants that need assistance and reducing the need for triple feeding. ⁣
⁣
Comment below if you’ll be joining the chat and post your questions for Kathleen!⁣",1,1,correct,1,,
halieannfox,1005,62,2021-04-25T23:04:59.000Z,"𝗡𝗼𝗿𝗺𝗮𝗹𝗶𝘇𝗲 𝗯𝗿𝗲𝗮𝘀𝘁𝗳𝗲𝗲𝗱𝗶𝗻𝗴. But not even just that, normalize how 𝗛𝗔𝗥𝗗 breastfeeding can be.⁣
⁣
I see photos like this of others and think “wow that looks so easy” but that’s not the case for a lot of us mamas, including me.⁣
⁣
In these photos, the boys didn’t have great latches. Everett was kinda chompy and Landon wasn’t deep enough + was hurting my nipple lol. But they were getting milk (I felt a let down).⁣
⁣
Truth is, I did it for the photos. I’ve nursed maybe 3-4 times like this, with little success. I like to nurse them solo so I have better control & can get a better latch.⁣
⁣
Sometimes we have a great session & they’re satisfied. ⁣
⁣
Sometimes they are so hangry that their arms are flailing and I can’t get them to latch well enough and we both get frustrated. ⁣
⁣
Sometimes it doesn’t feel right and I have to relatch ten times. ⁣
⁣
Sometimes they cry because the milk isn’t immediate like a bottle. ⁣
⁣
But I will never stop 𝘁𝗿𝘆𝗶𝗻𝗴, at least once a day, because the bond and the one on one time is too special. I love their warm little bodies against mine and their smiles when they start to fall asleep nursing. ⁣
⁣
𝘐 𝘸𝘢𝘯𝘵 𝘵𝘰 𝘳𝘦𝘮𝘦𝘮𝘦𝘣𝘳 𝘵𝘩𝘦𝘴𝘦 𝘮𝘰𝘮𝘦𝘯𝘵𝘴 𝘢𝘯𝘥 𝘥𝘢𝘺𝘴 𝘧𝘰𝘳𝘦𝘷𝘦𝘳.⁣
⁣
I asked Kyle to take these photos so I can look back at the beginning and remember how small they were and how tough things were, with the hope that tandem breastfeeding will eventually get easier for us. (It’s hard as it is nursing with large boobs, now add in trying to support + keep latched two newborns... it’s not easy.)⁣
⁣
#normalizebreastfeeding #tandemnursing #tandembreastfeeding #twins #thefoxtwins #twinzpillow #twinlife #twinmomma #pumpingmom #triplefeeding #newborns #kylefoxphotography",2,2,correct,2,,
thebetterboob,814,186,2022-05-20T23:56:29.000Z,"So what is “Triple Feeding”??

This means you are feeding baby at the breast, then supplementing followed by pumping to protect your supply. You are feeding three ways in a sense. This is not meant to be a forever thing. It is honestly not sustainable physically or mentally.

Triple feeding can be beneficial for a short period of time but it is important to figure out WHY you are needing to triple feed in the first place. 

Are you having low supply? Is baby not transferring enough? There is a reason for this! It is important to work with a LC to figure out what exactly is going on. Remember, I like to call  us LC’s detectives! 

Have you ever had to do triple feeding? Tell me your experience in the comments ⬇️⬇️⬇️",2,2,correct,2,,
happyhealthyeaters,755,25,2024-02-12T22:25:10.000Z,"I’m a Registered Dietitian by profession but also a high-achiever by nature. I set out with the intention of breastfeeding my baby but I always remained open to the idea of having to offer my babe formula, if necessary. Because sometimes, breastfeeding just doesn’t work the way the textbook says it will.

When my baby was born, he was immediately placed on my chest. His cries were like music to my ears. I remember slowly motioning him towards my breast and I expected him to magically open his mouth nice and wide, clench, and start sucking.

That did NOT happen.

Instead, a flurry of things I didn’t expect:
✅Low blood sugar for baby
✅Poor latch
✅Nipple shield (saved us!)
✅A lot of pumping
✅SNS feeding
✅Domperidone
✅A lot of IBCLC visits 

I write more about our journey, and how eventually it turned out exactly as I hoped. ✨

It was my reminder to see the end from the beginning. 

if you could offer any advice to a new parent regarding feeding, what would it be? 

Read it here: https://happyhealthyeaters.com/breastfeeding-is-hard/

#breastfeeding #nursing #triplefeeding #pumpingmom #lactationsupport #nutrition #winnipegdietitian #fingerfeeding #chestfeeding #makingmilk",2,2,correct,2,,
lalactation,740,87,2023-05-06T20:11:01.000Z,"Triple feeding is a TEMPORARY plan lactation consultants will put patients on to help them reach their infant feeding goals. It may be used when there is low supply or baby is not latching well. It involves three parts to feeding:
1. Latching baby, often for a set amount of time
2. Supplementing the baby, by bottle, tube at the breast, cup or syringe
3. Pumping to increase or maintain supply

This plan is EXHAUSTING because congratulations you now have unexpected twins: you’re feeding the baby and your pump which doubles the amount of work you’re doing. This should really be done under the care of an IBCLC with an exit plan or directions for how to pivot. If you were given this plan in the hospital, but no follow up appointment was set or detailed plan for how and when to shift, that was unfair. For some, doing this too long can create a massive oversupply, which has its own issues. For others, this will leave them deflated and abandoning breastfeeding before they were ready. 

If you’re on a triple feeding plan, why? Is it truly from the maternal side because of low supply? Find the root. Is it from a medication or thyroid issue or a blood loss from birth? Targeting those should see an increase in supply and a decrease in the need to pump and supplement. Is it from a poorly feeding baby? Have ties been assessed and addressed? Is baby a preemie but nearing full term? If a baby is not feeding well from the breast and there is plenty of milk, this is not a parent issue but a baby issue that needs appropriately managed. In my experience it’s almost always a tongue tie driving the struggle and a multidisciplinary team (pediatric dentist/ENT, occupational/physical/speech therapist, chiropractor and/or craniosacral therapist) are needed to help get baby back on track. 

Were you on a triple feeding plan? 

#triplefeeding #triplefeed #pumpingisbreastfeeding #pumpingmom #tonguetiebabies #tonguetierelease #tonguetie",1,1,correct,1,,
milksprouts,730,79,2020-01-31T13:57:25.000Z,"Can any other mamas relate?
.
I also LOVE LOVE LOVE getting messages from moms I'm working with after weight checks as they share the good news that everything we are implementing is working and baby is now trending in the right direction 🙌🏻🙌🏻 .
.
.
.
.
.
#boobshavesuperpowers #breastfedbaby #weightcheck ##laboroflove #pregnantchicken #pregnancyhealth #pregnancylife #breastfeedingmom #bottlefedbaby #triplefeeding #handexpression #milkmakingmama #liquidlove #liquidgold",3,2,incorrect,2.5,,
themilkmanual,504,88,2021-06-04T00:14:00.000Z,"whenever i mention “Triple Feeding”, or TF for short, people often DM me to ask what it is. so i made this post to summarize it! 

long story short, triple feeding can be exhausting and confusing and definitely should be a plan established with some guidance! if you feel like you need a TF plan or was given a TF plan with no further assistance, def reach out to an IBCLC for further assistance. 

have you ever had to triple feed? are you triple feeding now?! share your experience and any tips for other families doing the same 🙂 #triplefeeding #momshelpingmoms #houstonlactationconsultant",2,2,correct,2,,
babyfeeding.coach,499,139,2023-02-27T15:59:07.000Z,"Triple feeding...is...so...hard...

While some moms never have to worry about it, the recommendation to triple feed is very common, especially in the first few days of baby's life.

What does triple feeding do? It increases the amount demanded and triggers to your brain to start producing more milk.

If you continue to demand more and more, yet your body is not producing more and more after 5ish days, I want to know WHY.

IMO, all moms who are triple feeding should be under the care of a lactation professional + a pediatric provider. If supply does increase or milk ""comes in"", have a weaning plan in place. If milk supply doesn't increase to meet baby's demands, I want to know WHY.

The most important thing is that your baby is fed and gaining weight. The worst thing would be that baby keeps losing weight or is not getting enough calories to support important daily activities like eating and short wake windows.

I want your newborn to be a bit feisty - I always pause when a parent tells me their newborn is ""chill"".

Need help on your combo-feeding journey? The Simple Guide to Combination Feeding will be available NEXT WEEK to help guide you through combo-feeding for the first year.

Did you have to triple-feed? How long? What made it easier for you?

#newbornbaby #triplefeeding #combofeeding #newmamalife #lowmilksupply #lowsupply #newbornfeeding #babyfeeding",2,2,correct,2,,
pure_soul_holistics,498,4,2019-07-26T15:16:05.000Z,"Almost 10 months ago, I gave birth to my 4th baby and first preemie. 👶🏽♥️
•
I thought I was a ‘seasoned momma’ and knew all about the newborn stage. Uhhhhhh NO. I learned very quickly that having a preemie was a completely different experience and I needed to learn fast! •
I have been grateful to have been able to nurse my other 3 babies with little issues so the plan was the same for my little Daniel only I couldn’t nurse a premature baby that needed a feeding tube and cpap device. •
This is where I became a pumping mom. I had never pumped like this previously. I only pumped to stash some in the freezer for times away. Once Daniel was about a month old we started triple feedings. This was beyond exhausting. I would nurse him, give him a bottle and then pump. We limited the time he nursed so he wasn’t working to hard as we were still trying to have him gain weight but then top him off with a bottle and pump to keep my supply up. I have to say it again I was exhausted!! I would stand at the sink for over an hour washing pump parts and bottles. I would cry while standing there because I was exhausted but grateful I was able to make milk for my son. •
To all you pumping, NICU, preemie, triple feeding mommas, I see you and feel you. You are working so hard and doing your best! Don’t give up! Your hard work will be rewarded! ♥️♥️♥️
•
“I can do all things through Christ who gives me strength.” Philippians‬ ‭4:13‬
•
•
#postpartum #postpartumdoula #postpartumbody #love #hardwork #pain #tears #joy #gratitude #babies #nicu #preemie #triplefeeding #breastmilk #colostrum #motherhood #mom #pumping #pumpingmom #family #newborn #nevergiveup #icandoallthings #scripture #godislove #iamstrong #instagood",3,3,correct,3,,
thebalancedboob,481,22,2021-08-14T16:19:07.000Z,"Mic drop. #lowmilksupplyawarenessday #igtandlowmilksupplysupportgroup #igtandlowmilksupply #igt #lowmilksupply #lowsupply #normalizebf #normalizebreastfeeding #worldbreastfeedingweek #wbfw #atbreastsupplementation #insufficientglandulartissue #breastfeeding #bf #perceivedlowmilksupply #ibclc #pacedbottlefeeding #lactaid #bottle #triplefeeding #breastfeedingproblems #lowmilkmama #breastfeeding #supplementalnursingsystem #postpartum #milkbank #lactationcookie #lactation #galactagogues #doula ⁠
1m",2,2,correct,2,,
halieannfox,445,13,2021-04-29T11:30:10.000Z,"What I actually do majority of the time 😅🍼 Fed is best! Whether you are exclusively pumping and bottle feeding, formula bottle feeding, breast feeding, or a combination of two or three of those things... you are doing amazing Mommas!

I pump about 7x a day and nurse each baby 1-2x. 

Sometimes they want a little bit more from a bottle because brother woke up and interrupted their nursing. Sometimes they’re totally happy & satisfied after nursing.

They both get 4oz of 22cal Neosure formula a day to pack some extra cals in to help with their preemie start at life (pediatricians orders).

So we balance all 3 - living that triple feeding life. It ain’t easy but my boys are happy & growing.

Reminder not to put too much pressure on yourself about milk supply. Of course you want to be able to feed your baby fully with your milk. But for some mamas (like me) it doesn’t always work out. I pump about 33-34oz a day on average. It would be plenty for one babe, but I’ve gotta feed two! They take 3oz bottles right now so I’d need 36oz minimum to fully feed them BM. I’m just a few Oz short, but the formula fills the gap and THAT IS OKAY!!! 🍼🙂

#fedisbest #fedisbestwhetherbottleorbreast #bottlefeeding #breastfeeding #triplefeeding #formula #preemies #34weekers #twins #thefoxtwins #twinmom #babymama #kylefoxphotography",3,3,correct,3,,
roadtorainbow,408,53,2022-05-23T18:19:20.000Z,"I love breastfeeding.

I remember a friend of mine asking if it hurt with Finn. “Oh no not at all!” 

And then came Liva. Our journey wasn’t easy, we started off in the NICU and every time she tried she only got 2-3 ml. Until I started using a shield and she took off. 

But then we started to deal with supply issues as a baby on a shield is not latched on. No one told me I still should be pumping in addition to using the shield.

So we tried to ditch the shield. And then.. it HURT. Cracked and bleeding and scabbed nipples. We were often both in tears.

I breastfed Finn til 2.5 and it was easy and beautiful. I told Tim this time: now I know why moms decide not to try anymore. 

Still, I was determined. Maybe a bit too much even, I could have gone easier on myself. But knowing what was up ahead and how beautiful this journey can be, I wasn’t ready to let go. 

Thanks to Dr. Newman’s clinic in Toronto we found out she had a posterior tongue tie and a minor lip tie. 

They also gave me Domperidone to increase my flow and supply, I never had supply issues but if the flow isn’t fast enough for the baby, they can’t empty your breast and then you start dealing with supply issues. So we increased the flow, got her tongue and lip tie lasered and even though her latch is still painful at times, we have a totally different baby.

From not being able to be put down or being held by anyone other than me, to happily going to others or having some floor time by herself.

From hour feeds to 15 minutes, from up all night to sleeping 6-8 hour stretches. 

And so, I get to enjoy the beauty again, the 3-4 months of struggles are now replaced by breastfeeding bliss. 

Fed is best, always. And I understand now from my own experience how hard it is. The worries about your baby not growing, the fussiness, the pain. 

Triple feeding (breast, bottle, pump) every feed, on top of a baby that only wanted me, is probably the hardest thing I’ve ever done. 

So I am proud of me, I am proud of her. And I am proud we’ve almost made it 6 months. And hopefully we still have a long blissful journey ahead 💛

Comment below how you are feeding your baby, to normalize all the different ways 💛🌈",3,3,correct,3,,
mistykingma,372,20,2021-01-22T00:28:53.000Z,"What have I been up to for the past month? TRIPLE FEEDING. That, my friends, is when you breast feed, bottle feed and pump milk every time your baby needs to eat. 8x per day. 

Lennox’s tongue is lacking in coordination so we gotta make sure he gets enough milk by breast AND bottle feeding. On the positive, I get lots of cuddles. 🥰 On the negative, it’s a full time job. 

We wouldn’t be surviving without our lactation consultant Shari. 🙌 All insurance covers in-home consultant appointments. Don’t hesitate. 🍼 

PS: I haven’t had more than 3 consecutive hours of sleep in over 5 weeks. Be gentle. 

#breastfeeding #newmomlife #triplefeeding #breastfeedingmom",3,1,incorrect,2,,
breastfeedingdoctor.uk,365,28,2024-09-03T22:53:44.000Z,"This is so important! 
I see mums every single day who needed to give formula to their babies (or so they were told) without being told to start pumping. In some cases this may lead to engorged breasts, blocked ducts, mastitis and ultimately low supply when the body doesn’t receive the right signals to make enough milk. It can be very difficult to rectify a low supply if there was a delay in milk removal early on. This is why, when there is a need to supplement, it is crucial to start pumping in order to provide the breast with extra stimulation and efficient milk removal. 

#pumpingmom #triplefeeding #breastfeedingdoctoruk #drsilbersteinclinic #breastmilkstorage #oversupply #engorgement #mastitis #blockedduct #breastmilksupply #lowsupply #ibclc #lactationconsultant",3,3,correct,3,,
thelactationmentor,346,64,2024-03-15T15:32:17.000Z,"I SAID WHAT I SAID — let me explain! 🚨🚩🚩

Let’s dive deeper into the triple feeding hustle—a routine that many breastfeeding parents find themselves caught in, often out of desperation to increase milk supply (and often recommended by a well-intentioned provider) and/or ensure baby’s weight gain. 🔄🍼⁣

Here’s the scoop: Triple feeding—nursing, supplementing with pumped milk or formula, and then pumping—can feel like a relentless cycle, leaving you exhausted and drained both physically and emotionally. 😓⁣

Instead of spinning your wheels with triple feeding, let’s explore some alternative tactics that can help alleviate the burden and promote a more sustainable breastfeeding journey. ⁣

Consider using a manual pump instead of an electric pump to reduce the time spent pumping and to encourage more efficient, quick milk removal. Another thought is to try pumping 30-60 minutes after nursing a few times per day (instead of every single feed) to take advantage of your body’s natural milk production cycle. 🕒🤱⁣

If supplementing with bottles, enlist the help of your partner or a friend to handle feedings, allowing you to focus on rest and recovery. 💖⁣

But MOST IMPORTANTLY -  seek individualized support from a lactation professional! Sometimes well-intentioned providers suggest triple feeding without offering follow-up or alternative solutions, leaving parents feeling overwhelmed and discouraged. Working on individual solutions can help you identify underlying issues, fine-tune your breastfeeding technique, and develop a more SUSTAINABLE feeding plan. 🌟⁣

Remember, breastfeeding is meant to be a nurturing and bonding experience for both you and your baby, not a relentless cycle of feeding and pumping that leaves you drained and defeated. By exploring aternative tactics and seeking support, you can find a more balanced and fulfilling approach to nourishing your little one AND nourish yourself. 💪💖⁣

Have you been told to triple feed? TELL ME about it below and let’s problem solve! ⤵️⤵️",1,1,correct,1,,
cradlednz,330,25,2021-07-10T20:11:44.000Z,"[ad]  So it turns out that you can have a special interest in breastfeeding medicine, be training towards your IBCLC and have lots of extra knowledge and skills with breastfeeding management - and still have a baby who doesn’t know how to breastfeed, and a body whose anatomy and physiology are slow to get on board with milk production.  So.  Frustrating. 

We’re in the early days still, but have been battling with milk being slow to come in, a baby with jaundice and >10% weight loss who has been too sleepy to latch and feed well, and some breast refusal.

When in this situation, it seems really overwhelming but the management comes back to a few simple principles. 
1) Feed the baby.  Baby needs volume and calories to grow, as well as clear the jaundice and become less sleepy to optimise feeding.  We are using my own expressed milk as well as donor breastmilk from a friend, but formula definitely has a role here too if extra human milk is unavailable.  We are using a mixture of top ups at the breast using a supply line/ supplemental nursing system, as well as a bottle with over bottle feeds (I’ll cover both in more detail later). 

2) Protect the milk supply.  Milk being removed from the breasts stimulates more milk to be produced.  If baby isn’t feeding effectively, using hand expression or a breast pump to remove more milk after feeds is really important.  We were lucky to be gifted a BelleMa Effective Pro by the lovely @morethanmilknz which has been invaluable over this time!  I’m also taking domperidone to try to increase my prolactin levels. 

3) Enjoy the baby and look after the mum (or breastfeeding parent). The “triple feeding” regime of breastfeed-top up-pump is GRUELLING and should only ever be a short term thing - make an exit plan with your LC/ midwife/ doctor so you are not stuck.  It’s also really important to prioritise baby cuddles (especially skin to skin!), sleep, nutrition and hydration, as well as small things to help your own mental health like having a shower or getting out of the house for a walk.  Popping baby in a carrier can help free up your hands and let you move around which means you feel less trapped.  You’ve got this. 

🤱🏻",2,3,incorrect,2.5,,
nourishtonurturenutrition,328,78,2023-01-24T02:22:51.000Z,"Triple feeding is something I’ve been coming across with parents I’m working with more lately. Often it’s suggested as a method to help with poor weight gain or feeding issues without addressing the underlying cause. Parents are often told to do this but there is no discussion around the amount of physical support they will need, an end date or if it even feels possible to do. 

I wanted to put this post together to raise awareness of what triple feeding is, because unless you have done it, many people aren’t aware of it or the cost of doing it. But also, to make sure that if you have been told to do this-make sure you have really good support from an IBCLC with ongoing medical follow up too. 

Many parents I work with have previously triple fed due to slow weight gain because of allergies. When we speak about their experience the trauma is clear. There are often tears and big emotions because it was exhausting and they felt like they couldn’t stop because their baby depending on them for it. There is guilt, shame and exhaustion there. If this is you, I want you to know, you did an incredible job feeding your baby.x

References in comments.",1,1,correct,1,,
abbykraftmac,327,42,2022-01-12T17:00:24.000Z,"Friends!! I could cry! Okay, I did cry. Ginny had a rough go with her revision surgery yesterday. BUT we had a follow up with my favorite lactation consultant this morning and Gin nursed 3 oz!!!!! I honestly don’t think Hadley ever got that amount straight from me, and it’s not nearly as much as Ginny got before my supply dipped, but it’s a HUGE improvement. So much so that @dlslomba said I can cut pumps back to two per day (as opposed to ~8 😅)!!! 

We have been working SO hard for this little lady to hopefully be able to breastfeed for a long, long time, and today I finally saw the light at the end of the tunnel. Obviously she’s still recovering from surgery so it will be up and down and I’ll have to pump anytime she feeds poorly, but I finally have hope that she will have enough to eat straight from me. For now I’ll take great pride in my freezer stash and pour one out for dairy and coffee cause I miss them a lot. 🤣",3,2,incorrect,2.5,,
kathrynstaggibclc,324,8,2024-07-28T17:15:49.000Z,"The top-up trap.

A large proportion of the breastfeeding support I do is to help families get out of the Top Up Trap. 

The top up trap defined: Parents feel there is not enough milk (or someone suggests there isn't enough if there are weight issues), parents give formula, baby feels over full and sleeps more, baby comes to the breast less, breasts then make less milk because they are being stimulated less frequently, which means parents lose even more confidence in milk supply and the cycle continues and spirals.

Topping up is started for all sorts of reasons: blood sugar issues, weight loss issues, not enough weight gain issues, misunderstanding normal newborn behaviours like cluster feeding, society, scheduled feeds, routines, lack of confidence in breastfeeding and lack of support. 

Some of these babies genuinely need top ups, but so often, parents are not supported with what to do next, how to tell if the baby continues to need extra milk and how to stop! How milk production works is not explained, and pumping some of this wxtra milk to protect supply is often not discussed, so essential if the goal is to exclusively breastfeed.

Some babies do not even need top ups in the first place, and with good information and support, the parents would have understood how to tell that baby was, in fact, getting enough milk. 

So if you have found yourself in this position, topping up after all or most feeds and don't know how to stop, please seek some breastfeeding support to help you bring it back on course. IBCLCs and breastfeeding counsellors are very experienced at helping people in this scenario.",2,1,incorrect,1.5,,
lalactation,291,16,2022-11-30T16:22:26.000Z,"Breastfeeding is half science and half art. The principles of that science are the same for every person, but sometimes the experimental design looks a little different when put into practice. The art of breastfeeding is as varied as art itself. We have all been given different tools, materials, and education on how to use those tools and materials. Trying to exactly copy someone else’s work will be frustrating if you don’t have the same resources. But there can be joy in learning to use what you do have. In the end, our breastfeeding journey could look like a Renoir or a Picasso. Both are beautiful and powerful in their own, unique way. To compare them and see one as “better” than the other is to wrongfully discredit the artist. And to discredit the art is to fail to realize that the masterpiece you have created is your child. 

Your breastfeeding journey is supposed to look like YOUR breastfeeding journey. Don’t worry if it doesn’t look like some one else’s.  Whether breast milk is some, part, or all of your child’s nutrition, keep creating. Be proud of what you’re creating and don’t let anyone’s opinion about your art matter except yours. 

Breastfeeding is half science and half art. But not science like chemistry where measurements need to be precise and mistakes can be made. Science like architecture. Every child needs a nutritional foundation and beams to support their growth and development. You as a parent are that foundation regardless of how or what you chose to feed your child. Whether some, part, or all of your baby’s nutrition, breast milk is building a strong structure. What that structure looks like is dependent on genetics, personality, and parenting. 

#breastfeedingjourney #breastfeedingishard #breastfeedingislove #breastfeedingissues #exclusivelypumping #exclusivepumping #lactationhelp #triplefeeding #triplefeedingissoexhausting #bottlebaby #bottlebabies #treeoflifebreastfeeding",2,2,correct,2,,
beaugenmom,272,53,2021-07-21T22:43:07.000Z,"Any triple feeding mamas here? ⁠
⁠
Triple feeding consists of pumping, nursing and bottle feeding ❤️❤️❤️⁠
⁠
📹: @lowsupplymom",3,2,incorrect,2.5,,
latch.ie,271,42,2024-03-11T13:30:59.000Z,"I'm so excited to share that I have finally published a paper from my MSc. research in UCD on women's experiences of breastfeeding with primary low milk supply. It was important to me to have the research peer-reviewed and published in an academic journal, because that means that the findings can be used to inform policies, guidelines and practices around the provision of support for mothers breastfeeding with primary low milk supply. This was my goal when I decided 4 years ago that I wanted to undertake this research.

This paper concluded that

● breastfeeding mothers with primary low milk supply (PLMS) may experience a range of emotions such as guilt, anger, sadness, anxiety and disappointment 
● women with PLMS may experience acute anxiety - for some this anxiety was so great that they feared they would lose custody of their babies
● the combination of having PLMS and triple feeding can have a detrimental impact on a mother's mental health
● triple feeding can completely dominate a mother's life in the postpartum period and even get in the way of her being able to enjoy and bond with her baby
● mothers with PLMS struggled to find help and support and were frustrated by conflicting information from HCPs
● mothers with PLMS need clear, non-judgemental and evidence-based information from HCPs and IBCLCs on the use of infant formula 

HCPs and IBCLCs need to give greater consideration to a mother's emotional wellbeing and mental health when providing support for PLMS. They also need to acknowledge the embodied desire to breastfeed that some mother have. HCPs and IBCLCs should address the PLMS in antenatal breastfeeding classes, and they should receive training on PLMS and how to provide sensitive and individualised support. 

https://www.liebertpub.com/doi/10.1089/bfm.2023.0231?url_ver=Z39.88-2003&rfr_id=ori%3Arid%3Acrossref.org&rfr_dat=cr_pub++0pubmed

#breastfeeding #lactation #breastfeedingresearch #triplefeeding #lowmilksupply #insufficientglandulartissue #IBCLC",2,1,incorrect,1.5,,
davinandadley,267,7,2021-04-26T00:15:52.000Z,"“𝗡𝗼𝗿𝗺𝗮𝗹𝗶𝘇𝗲 𝗯𝗿𝗲𝗮𝘀𝘁𝗳𝗲𝗲𝗱𝗶𝗻𝗴. But not even just that, normalize how 𝗛𝗔𝗥𝗗 breastfeeding can be.⁣
⁣
I see photos like this of others and think “wow that looks so easy” but that’s not the case for a lot of us mamas, including me.⁣
⁣
In these photos, the boys didn’t have great latches. Everett was kinda chompy and Landon wasn’t deep enough + was hurting my nipple lol. But they were getting milk (I felt a let down).⁣
⁣
Truth is, I did it for the photos. I’ve nursed maybe 3-4 times like this, with little success. I like to nurse them solo so I have better control & can get a better latch.⁣
⁣
Sometimes we have a great session & they’re satisfied. ⁣
⁣
Sometimes they are so hangry that their arms are flailing and I can’t get them to latch well enough and we both get frustrated. ⁣
⁣
Sometimes it doesn’t feel right and I have to relatch ten times. ⁣
⁣
Sometimes they cry because the milk isn’t immediate like a bottle. ⁣
⁣
But I will never stop 𝘁𝗿𝘆𝗶𝗻𝗴, at least once a day, because the bond and the one on one time is too special. I love their warm little bodies against mine and their smiles when they start to fall asleep nursing. ⁣
⁣
𝘐 𝘸𝘢𝘯𝘵 𝘵𝘰 𝘳𝘦𝘮𝘦𝘮𝘦𝘣𝘳 𝘵𝘩𝘦𝘴𝘦 𝘮𝘰𝘮𝘦𝘯𝘵𝘴 𝘢𝘯𝘥 𝘥𝘢𝘺𝘴 𝘧𝘰𝘳𝘦𝘷𝘦𝘳.⁣
⁣
I asked Kyle to take these photos so I can look back at the beginning and remember how small they were and how tough things were, with the hope that tandem breastfeeding will eventually get easier for us. (It’s hard as it is nursing with large boobs, now add in trying to support + keep latched two newborns... it’s not easy.)⁣” @quadslikehalie 
⁣
#howdoyoubreastfeed 
#normalizebreastfeeding #tandemnursing #tandembreastfeeding #twins #thefoxtwins #twinzpillow #twinlife #twinmomma #pumpingmom #triplefeeding #newborns #kylefoxphotography",2,2,correct,2,,
samantha_nels0n,265,38,2021-01-11T22:09:23.000Z,"Today was by far the most challenging day.
I’m sleep deprived and mentally foggy.
We started the day off with zero sleep 🤪😴
Someone who was refusing to eat (not me💁🏽‍♀️)
I was peed on, pooped on & spilt 2 ounces of milk all over me, Noah & the nursing pillow. Not sure who ever came up with the phrase “Don’t cry over spilt milk” but they clearly weren’t a sleep deprived, struggling to BF mom who has been working hard for every drop of milk!🤨

Even in the midst of tears - from both of us. I stared at this little boy and felt love. Pure love.

Sometimes the days are hard but this phase will pass and tomorrow will be a better day! This little man runs the show and we are learning how to work together.

Ending the day with skin to skin to sync back up together.🤍

Mamas I see you. I feel you. I am you. We got this🙌🏽
#sharethehard",2,2,correct,2,,
lifewithmyrainbow,261,21,2022-12-12T18:03:23.000Z,"Breastfeeding/pumping journey update. Swipe to read it all.
.
.
.
.
.
.
.
#breastfeeding #breastfeedingmama #breastfeedingjourney #pumping #pumpingjourney #lowmilksupply #milksupply #breastmilk #breastmilksupply #increasemilksupply #babyfeeding #feedingbaby #triplefeeding",2,2,correct,2,,
olivia_lactation_consultant,247,73,2022-05-24T10:37:37.000Z,"Is determination key to successful breastfeeding?•

A brain fart of my thoughts, yes, no, maybe, ah not at all. There is no right or wrong and with all things feeding our children it's all about individual circumstances, beliefs, support systems

Sorry lost my thread a bit at the end, my koala returned 🥰

I'd love to hear your thoughts about it?

#lactationeducation #lowmilksupply #antenataleducation #determinationabdmakingmilk #breastfeeding #pumping #domperidone #triplefeeding #ibclc #lactationconsultant",2,2,correct,2,,
juneandlily,246,21,2022-12-12T18:02:33.000Z,"Have you ever heard of parallel pumping? Similar to triple feeding, but more efficient and sustainable. 

Swipe through to learn all about parallel pumping! 

Another reason I love parallel pumping is because you may often experience a stronger letdown reflex while nursing and pumping together rather than just pumping alone! This can be a huge help to your breast milk output. 

Will you give this a try? 
.
.
.
#parallelpumping #triplefeeding #triplefeed #breastfeeding #breastfeedingsupport #breastfeedingtips #breastfeedingeducation #breastfeedingmama #breastfeedingmom #breastmilk #increasemilksupply",1,3,incorrect,2,,
helengrace_x,234,29,2021-08-01T17:52:31.000Z,"❤️Happy 18 months of breastfeeding❤️! I feel nervous to say that and have always felt like I couldn’t talk about our breastfeeding milestones as (and some of you already know) Arthur was fed breast milk not from the breast, but from a bottle for the main part of his first 5 months due to our problems. But I’m going to claim it! My breast milk has been providing all the goodness for 18 months so I’m going to bloody count them all!!!! 

I don’t know what that counts as, as in when people say silver, golden boobs etc. And the reason I don’t know is that I always felt a bit excluded as if I couldn’t join in with those milestones because he wasn’t *at the breast* fed. But hell it was bloody hard work and I was trying my hardest those first 5 months, he still went on the breast, and when he had the bottle it was still my milk that I worked SO hard for. So I’m celebrating our 18 months!! 

So yes...I haven’t shared much about breastfeeding on my grid since he became exclusively breastfed at the breast...but yep we are still going and still loving every second of it ❤️❤️. 

I didn't actually realise it was National Breastfeeding Week until just now so this was good timing!!!

#worldbreastfeedingweek #mummybloggeruk #channelmumvillage #MumSpacers",2,2,correct,2,,
lll_vlaanderen,230,72,2023-12-13T19:12:58.000Z,"Triple feeding is niet evident. Het vraagt veel van ouders en wordt daarom best goed begeleid. Heb jij hier ervaring mee?

#borstvoedingsinfo #borstvoeding #afkolven #gekolfdemelk #melkproductie #babygroei #triplefeeding #bijvoeden #babyvoeding #melkvoeding #lllvlaanderen #lalecheleague",2,1,incorrect,1.5,,
lalactation,230,15,2023-07-15T19:45:05.000Z,"Triple feeding is a TEMPORARY plan many families use when lactation doesn’t go as expected in the early days and weeks postpartum. It may be used when there is low supply or baby is not latching well. It involves three parts to feeding:
1. Latching baby, often for a set amount of time
2. Feeding the baby with either pumped milk or formula
3. Pumping to increase or maintain supply

This plan is EXHAUSTING because congratulations you now have unexpected twins: you’re feeding the baby and your pump which doubles the amount of work you’re doing. This should really be done under the care of an IBCLC with an exit plan or directions for how to pivot. 

What you see pictured is one strategy to take the triple feed down to a double feeding. Instead of putting baby to breast and then bottle feeding after, a tube can be used at the breast (with or without a nipple shield) to feed baby the pumped milk or formula while they are latched. This is often called an SNS, or supplemental nursing system. Pumping is usually still recommended to facilitate milk supply, but baby has access to additional milk at the breast to help streamline feeding. 

If you’re on a triple feeding plan, why? Is it truly from the maternal side because of low supply? Find the root. Is it from a medication or thyroid issue or a blood loss from birth? Targeting those should see an increase in supply and a decrease in the need to pump and supplement. Is it from a poorly feeding baby? Have ties been assessed and addressed? Is baby a preemie but nearing full term? If a baby is not feeding well from the breast and there is plenty of milk, this is not a parent issue but a baby issue that needs appropriately managed. While using a tube at the breast to supplement can make triple feeding easier for some, finding the root and addressing it to wean from the triple feeding is crucial. 

#triplefeeding #triplefeed #pumpingisbreastfeeding #pumpingmom #tonguetiebabies #tonguetierelease #tonguetie",1,1,correct,1,,
ivfgotthis_baby,218,54,2020-02-01T14:07:36.000Z,"After baby’s birth I found out about “exclusive pumping” - it’s a thing and even has its own abbreviation & hashtag “EP” and #EPmom - so yes, there are three options to feed your baby, not just two: formula, nursing, and/or exclusive pumping.
•
After more than one month of #triplefeeding (nursing, bottle of breast milk, and then pumping) something had to give... each feeding session took about 1hr and 15min from start to finish. Two reasons for triple feeding: 1. her hospital weight was low and then 2. we saw a private LC a few days later and baby's nursing milk transfer was only 1.1oz when it should have been 2-3oz; we needed to get her fed & her weight up.
•
My experience - Breastfeeding: she would sometimes seem to nurse well while other times she would scream or fall asleep and the session seemed pointless. The bottle: happily downs it with her eyes open (for me, I feel more of a bond here). Pumping: keeping up milk supply & refrigerator + freezer stash. My experiences with each led my to my decision to Exclusively Pump. Yes I’ll still nurse her for a short time if she’s fussy (snack time?) but the rest of the time we do bottles of expressed milk.
•
I’m proud of my freezer stash, it represents hours of unconditional love, sacrifice and commitment. This 4 week stash represents more than 105 minutes per day hooked up to a pump and more than 49 hours in one month. This does not include the time to clean all the pieces after each use and sterilize 1x/day.
•
Was it an easy decision to let go of nursing? Absolutely not. For weeks I was a prisoner of my own expectations by setting them too high and feeling guilty for not really enjoying nursing and wanting to pump instead of BF. This goes to show, there is a lot of mom-guilt when it comes to feeding if you aren’t strictly nursing, the way society promotes feeding your baby *so* intensely. Motherhood is not defined by this one thing so be kind to yourself and feed baby whichever way works for you BOTH!! 🤱🍼💜
•
#ivfcommunity #ivfjourney #ivfsupport #ivfsuccess #ivfpregnancy #infertilityjourney #ivfbaby #postpartum #postpartumlife #postpartumsupport #liquidgold #fedisbest #breastfeeding #breastfeedingsupport",2,1,incorrect,1.5,,
milkybusinesslactation,217,110,2021-11-03T09:12:18.000Z,"Triple feeding: It’s a really common intervention put in place in the early days, so what do you need to know about it.

Did you end up on this path? If so we’re you we’ll supported? Did it work?",2,2,correct,2,,
honeyhoneylife,217,6,2019-08-02T21:09:52.000Z,"NEW BLOG POST (link in bio) 🦋. In honor of #worldbreastfeedingweek I am sharing my story. It is a story of struggle and triple feeding. A story of how I still feel sad when I see a mom breastfeed. A story of letting go. Feel free to read if you’d like. I wanted to share because breastfeeding is glorious but it can also be a trigger for PPD and PPA in some and a sense of shame if it doesn’t work out. I want to give a voice to those with #lowsupply or #igt and let everyone know we are all doing the best we can. And yes, I tried everything. Save the tired advice and just sit down and listen. This is a long time coming and I’m ready to spill the milk. 🤱🏻🍼 ________________________________________
#formulafeeding #breastfeeding #insufficientglandulartissue #breastisnormal #pumpingmom #triplefeeding #supplement #breastfeedingjourney #lowsupply #notafailure #ppd #ppa #truthbomb #noshame #nomomguilt #motherhoodrising #motherhoodunplugged #notalone #fedisbest #lovedisbest #momblog #preemie #formulasaveslives #breastfeedingproblems",2,2,correct,2,,
olivia_lactation_consultant,210,24,2022-01-09T08:49:35.000Z,"Make your maternity bra a pumping bra •

Love a hack 😊

#momhack #mumhack #pumpinghack #pumpingbrahack #triplefeeding #breastpump #breastmilk #bottlefeeding #breastfeeding #ibclc #lactationconsultant",2,2,correct,2,,
lowmilksupplyfoundation,207,25,2022-08-16T15:41:05.000Z,"It can be difficult to quickly explain the many physical and mental health impacts of chronic low milk supply (CLMS). This ""nutshell"" guide is designed as an introduction to CLMS for parents, healthcare providers, and anyone who wants to learn more about why CLMS matters. 

 #lowmilksupplyfoundation
#chroniclowmilksupply #igt #lowmilksupply #lowsupply #breastfeeding #bf #chestfeeding #ibclc #lactationsupport #bottlefeeding #donormilk #combofeeding #pacedbottlefeeding #sns #supplementalnursingsystem #atbreastsupplementation #lactaid #bottle #triplefeeding #breastfeedingproblems #breastfeedingsupport #PCOS #thyroid #health",2,2,correct,2,,
skilledlactationsolutions,205,22,2023-01-09T02:39:36.000Z,"There's nothing worse than being caught off guard.

Sometimes a recommendation gets thrown at you and you have no idea how to respond. You don't want to be a ""bad patient"", but you have questions! Or maybe you're concerned about being told to ""watch and wait"". Maybe it's just unsolicited advice that doesn't gel with your parenting style. 

It's OKAY to ask for more information. Don't assume the person sitting in front of you has kept up to date with all the latest lactation research. There is no obligation to do so - they have to choose to stay up to date. 

Hopefully these will give you a confidence boost next time you're given a recommendation that doesn't sit well with you. 

Have you dealt with a situation like this before? How did you handle it?

#IBCLC #pediatricOT #pediatricPT #pediatricSLP #babymilestones #pediatricchiropractor #startingsolids #sleeptraining #weaning #babyledweaning #2monthsold #4monthsold #6monthsold #12monthsold #toddlernursing #sleepingthroughthenight #sleepcoach #bedsharing #cosleeping #exclusivebreastfeeding #exclusivepumping #combofeeding #triplefeeding #grossmotordevelopment #plagiocephaly #torticollis #snoo #similac #enfamil",2,2,correct,2,,
drrezmer,199,34,2020-07-17T12:49:35.000Z,"Life is super non-glamorous over here since this is where I spend about 33% of my days in this chair either nursing or pumping. My “essentials” now include a water bottle, breast pads and nipple cream. 

Nobody prepares you for how hard breastfeeding is. You think you just get the baby anywhere near a boob and they’ll go to town? Not the case unfortunately. 

I’ve had so many of my patients express frustration with breastfeeding and I’ve always been quick to encourage and reassure them that their ability to produce milk from their breasts does not equal their self worth and that they are doing a great job for their baby.

But as is the case with so many things with new motherhood, it’s so much different when you’re in those shoes. It’s so much more of an emotional rollercoaster than I expected! I may be smiling in this picture but there have been equal number of moments of frustration or tears. 

Being a mama is this beautiful combination of bliss and self-doubt. It has been a challenging first week of learning but I know one things for sure. I wouldn’t give up these little moments with Elliott for anything💙
.
.
.

#normalizebreastfeeding #breastfeeding #triplefeeding #pumpingmom #breastfeedingjourney #breastfeedingishard #breastfeedingmom #fedisbest #breastisbest #firsttimemom #newmom #newmomlife #fourthtrimester #postpartum #postpartumjourney #postpartumsupport #ivfsuccess #ivfmama #rainbowbaby #pregnancyafterloss #elliottshane #roadtobabyrezmer",2,2,correct,2,,
crescentlactationcare,186,47,2021-01-23T13:52:13.000Z,"I am loving drinking coffee from my new mug. Thanks @themamaconnect !!
.
Someone who has been paying attention to my antics with my 4.5yr old, said:
“They forgot, Nurkies !” 
Yes, there are a million names our kids make up for the love for their source of nutrition and comfort. And there are so many ways to feed your baby and if you are giving your baby love through #formulafeeding I see you too!! And if you are doing a little bit of everything well, @kithkinphilly support group, we have started to lovingly say “hybrid model” because all ways that you are working to feed your baby or kid, are so valid.
 I know YOU are doing your damn hardest!!! Keep up the good work, it matters.
.
.
@highpointcafe is my source of coffee this morning .
.
#nursingondemand #combinationfeeding #naturaltermweaning #firstlatch #supportisbest #weareallinthistogether❤️ #lactating #cupfeeding #syringefeeding #triplefeeding #chestfeeding #handexpression #breastmassage #ibclc #breastfeedingsolutions #breastfeedingsupportgroup #pumpingisbreastfeeding #phillylactationconsultant #supplementalnursingsystem",3,2,incorrect,2.5,,
lowmilksupplyfoundation,185,20,2022-02-19T16:01:00.000Z,"Chronic low milk supply (CLMS) and erectile dysfunction (ED) are health conditions with a similar prevalence in people of similar ages. They also share an association with common health issues including metabolic syndrome, diabetes and high blood pressure. Both conditions can impact mental health. And if left unaddressed, both can be harbingers for poor long-term health outcomes.

Yet despite these similarities, CLMS and ED diverge dramatically when it comes to treatments, research and funding. Consider the following:

- ED has 4 FDA-approved medications to treat; CLMS has 0.

- There are 7x more publications in PubMed.gov related to ED than to low milk supply or lactation insufficiency.

- ED is a defined condition with clinical guidelines and best practices for diagnosis and treatment. CLMS has none of these things.

- In 2016 alone, Pfizer made $1.6 billion from Viagra sales (this doesn’t even include profits for the other ED drugs available). By contrast, in 2017, NIH funding for research into all topics related to Breastfeeding, Lactation and Breast Milk was just 5.75% of that.

We can do better. And women/people assigned female at birth who experience CLMS deserve better!

If we spent even a tenth of 1 year of profits for ED drugs on research into treatments for CLMS, this picture would be different.

It’s time to kill the myth that “some people just can’t” and start finding solutions. If we can do it for ED, we can do it for CLMS.

#lowmilksupplyfoundation
#chroniclowmilksupply #igt #lowmilksupply #lowsupply #breastfeeding #bf #chestfeeding #ibclc #lactationsupport #bottlefeeding #donormilk #combofeeding #pacedbottlefeeding #sns #supplementalnursingsystem #atbreastsupplementation #lactaid #bottle #triplefeeding #breastfeedingproblems #breastfeedingsupport #breastpump #pumping #exclusivelypumping #milkbank #health",2,2,correct,2,,
milk.masters,180,3,2021-04-18T16:43:41.000Z,"Yes, to a point we need to turn the suction up on our pumps to get milk out, but it should never hurt and all pumpers respond to the pump differently.  Here are some things to think about when it comes to pump suction:

💧If your suction is up so high that it is hurting, it will hurt your milk supply.  Pain blocks the hormone oxytocin which releases milk so if it hurts.  Therefore, if it hurts it's hurting milk removal (also if it's hurting, get a flange fitting consult!!)

💧Some pumpers respond better to lower suction and higher speed, some respond better to higher suction lower speed.  Everyone is different.

💧Many pumpers find that after a certain level of pump suction, they don't get more out if they crank it up higher.

💧Sometimes a higher suction means the milk will come quicker, but you will not actually get more milk.

💧Sometimes cranking the suction up to the highest level can cause damage to your nipples.  Be gentle to yourself!

💧If you feel like your pump is not removing milk as it should, instead of cranking it up, see an IBCLC. It could be the pump, it could be the flange, it could be a breast issue. 

#breastfeeding #supplementing #mixedfeeding #supplementingbreastmilk #supplementingformula #liquidgold #pumpsuction #lowsupply #breastfeedingstrike #breastmilk #normalizebreastfeeding #ibclc #lactationconsultant #pregnancy #pregnantmom #4thtrimester #3rdtrimester #breastfeedingprep #breastfeedingplan #breastfeedingproblems #breastfeedinghelp #pumping #pumpers #breastpumpsuction #breastpump #breastmilkpump #triplefeeding",2,2,correct,2,,
milk.masters,179,9,2020-09-04T13:55:28.000Z,"Hey Pumpers!! Want to save some time?  You don't have to warm up the bottle every time you give breastmilk!  It is just as good for them when it's cold. ⁠
⁠
If your baby is use to it being warmed up and rejects the cold, you may have to do a gradual change. ⁠
⁠
If the milk has been in the refrigerator for a few days, it may need to be heated just enough to mix in the fats.⁠
⁠
ADDED BONUS - If you are also feeding at the breast, having the bottle milk cold, makes the milk straight from the source that much more appealing, leading to less bottle preference. ⁠
⁠
If you are an exclusive pumper, I suggest getting them use to a range of temperatures, so when you need to (like when you are out and about) you can serve cold milk, but when your home and want more comfort out of the milk, you can serve it warm. ⁠
⁠
Times when it's a good idea to warm it up. ⁠
- Sleep time - they will go to sleep easier with warm milk⁠
- If they are sick - just like you, warm liquids when sick feel better.⁠
⁠
#breastmilk #breastfeeding #pumping #pumpingtip #pumpingmom #ibclc #breastfeedingtip #lactation #lactationconsultant #normalizebreastfeeding #bottles #bottlefeeding #warmmilk #postpartum #pregnancy #postpartumplan #triplefeeding #breastpump⁠",2,2,correct,2,,
juliedavispa,179,29,2020-05-22T02:27:00.000Z,"Daily dose of Ellie and Sophie 💞 the twin bond is already there. Watching them hold hands is probably one of my favorite moments so far! Today we had a weight check and the girls are trending back up towards their birth weight. At this point we are nursing, pumping, feeding pumped milk and a little bit of formula. My milk is coming in well! That was one of my biggest worries. I am trying to increase my supply so we can start a freezer stash and rely less on formula, but feeding twins requires flexibility. Fed is best!",3,3,correct,3,,
mbmilkdocs,163,5,2022-09-25T12:39:32.000Z,"Did your reality match your expectation? 

Having honest conversations with pregnant families is important. 

Although it can be overwhelming to think of all the possible things that can get in the way postpartum- 

Having a health team you trust and know, will show up for you to educate, advocate and guide you can make all the difference. 

Challenges are more common than families realize- 
We are seeing an increase in more complex pregnancies and deliveries which then translate to more complex and challenging feeding experiences. 

When your doctor says “see you in 2 weeks” then “see you in 6 weeks”, this is the bare minimum of follow ups if everything goes ok. If you have challenges you will need closer follow up. 

in pregnancy 

✅ Ask your doctor or midwife what things in your personal history can make your postpartum/ breastfeeding experience challenging.
✅ Educate yourself in pregnancy about breastfeeding and caring for a newborn. 
✅ Know where help is before you need it. 

#pregnancy #prepareforbaby #breastfeeding 
#gestationaldiabetes #preeclampsia #inductionoflabour #newbornweightloss #perinatalmentalhealth #pretermbaby #newborn #mom #dad #parent #triplefeeding #supportedisvital #normalizeaskingforhelp #askforhelp #ibclc #breastfeedingmedicine #familymedicine #obgyn #pediatrics",2,2,correct,2,,
ruminanaturals,161,8,2022-11-12T07:05:25.000Z,"Thank you @welcomebabies_lactation for bringing more attention to this valuable tool!!
.
“MAMAS // Have you heard of or used a 𝙎𝙪𝙥𝙥𝙡𝙚𝙢𝙚𝙣𝙩𝙖𝙡 𝙉𝙪𝙧𝙨𝙞𝙣𝙜 𝙎𝙮𝙨𝙩𝙚𝙢 (𝙎𝙉𝙎) or Lactation Aid? What was your experience with it?⠀
⠀⠀⠀
SNS uses a thin feeding tube, with one end attached to a syringe or dipped into a bottle of expressed breadt milk or formula and the other end is placed into baby’s mouth while they are nursing.⠀
⠀⠀
It allows baby to be supplemented with extra milk without having to use a bottle and can be very helpful in cases of low milk supply, breast refusal and also a great option for adoptive parents. ⠀
⠀
𝗕𝗲𝗻𝗲𝗳𝗶𝘁𝘀: ⠀
⠀
🤱🏼Baby receives ALL their milk at the breast. No need to top up after breastfeeding with a bottle or other device. This also helps maintain that positive connection with baby and the breast.⠀
⠀⠀
🤱🏽Baby will learn to nurse by nursing. The help of the flow of milk with the SNS encourages baby to suck more actively and stay more interested at the breast.⠀
⠀⠀
🤱🏻It can help increase your milk supply through direct sucking at the breast.⠀
⠀⠀
🤱🏾May help decrease baby fussiness at the breast.⠀
⠀ ⠀
If you are struggling with breast/chest feeding and are curious to see if using an SNS would be right for you, please reach out. ⠀
⠀
⠀
⬇️Tag any new or expecting parents to follow along and learn lots of great tips and info on newborn feeding🤱🏽”

#lactationaid #supplementalnursingsystem #triplefeeding #breastfeedingsupport #lactationconsultant #lactationsupport #lowmilksupply #lowsupply #supplyanddemand #breastrefusal #pumpingmom #newbornfeeding #adoptiveparents #adoptivemom #breastfeedingpositions #breastfeedingproblems #newmomlife #breastfeedingmama #breastfeedingmoms #breastfeedingtips #chestfeeding #mamaandbaby #nursingmama #fourthtrimester #uniteinmotherhood⠀
#postpartumsupport #doulalife #honestmotherhood #momstruggles⠀",2,2,correct,2,,
lowmilksupplyfoundation,159,8,2022-08-13T14:17:03.000Z,"There's no ""right"" (or wrong) way to navigate chronic low milk supply. As long as baby is getting enough food to thrive, the most important consideration should be what feels right and helps you meet your personal goals. This can look different for each person, and even for the same person from one CLMS journey to another! One thing we have heard again and again — and experienced ourselves as parents with CLMS — is that being able to redefine what success looks like is an important part of finding empowerment and acceptance on a CLMS journey. 

No one chooses to have chronic low milk supply. But regardless of what choices you make to manage CLMS, you deserve support, affirmation and encouragement. 

Let us know — what choices helped you the most through your CLMS experience?

#lowmilksupplyfoundation
#chroniclowmilksupply #igt #lowmilksupply #lowsupply #breastfeeding #bf #chestfeeding #ibclc #lactationsupport #bottlefeeding #donormilk #combofeeding #pacedbottlefeeding #sns #supplementalnursingsystem #atbreastsupplementation #lactaid #bottle #triplefeeding #breastfeedingproblems #breastfeedingsupport #breastpump #pumping #exclusivelypumping #milkbank #health",2,2,correct,2,,
lucyruddleibclc,159,5,2022-03-04T11:01:14.000Z,"Sometimes parents worry that an air gap will lead to baby having wind, but we now believe that the fast feeding associated with the teat being full is more likely to lead to gassiness.",2,2,correct,2,,
rachelmoblon,159,4,2018-06-06T21:47:43.000Z,"Happy due date precious boys. 
Thanks for coming early. You’ve made these last 21 days some of the most fulfilling and exhausting of my life. I love being your mom.",2,2,correct,2,,
holisticallykelly,157,38,2021-08-06T23:23:54.000Z,"It’s World Breastfeeding Week and in the spirit of keeping it real, I wanted to share what it’s been like for us so far. We’re six weeks into our breastfeeding journey now and MAN has it been a mindf**k. When I was pregnant, I never romanticized BFing - how it would bond me & the baby, how connected I would feel to him in those moments. I didn’t really care about any of that; I just knew that I wanted to feed him my milk, whether that resulted from BFing or pumping. I was prepared for it to be difficult - all my friends & research had warned me of that. I was prepared to struggle through the mechanics of BFing, for it to be painful, for it not to come effortlessly. But what I wasn’t prepared for, was that I simply wouldn’t produce enough milk to feed my baby. I’ve struggled with a low milk supply right out of the gate. Was it from the stress of the pregnancy rash and nearly two months of broken sleep leading up to the birth? Was it because of my long and somewhat traumatizing labor? Was it because me & Lux were separated right after he was born? Was my hypothyroidism playing a role? Was it because the baby wasn’t latching well & signaling my body to produce more? Was it a combination of everything? We’ll never know exactly why, or what caused it. I did all the right things to fix it though: worked with a lactation consultant, did triple feedings to stimulate production, power pumping, ate enough, drank enough water, supplemented with electrolyte powders, lactation herbs, teas, and cookies, even went to the extreme of having a lip and tongue tie revision done on Lux to help him latch better and pull more milk. Some days I produce a little more milk and think we may be starting to turn the corner but it’s still only about a third of what he needs. When Lux was just a few days old, I could tell he was getting dehydrated from the lack of wet diapers and I asked our pediatrician about supplementing with formula and she made a suggestion to try using donor milk instead. Donor milk?? You mean feed my baby with another woman’s breastmilk? (continued in comments)",2,1,incorrect,1.5,,
lalactation,156,20,2023-08-09T20:35:01.000Z,"Whether it’s 3, 5, or 10% of the population, there are people that struggle to or never make a full breast milk supply. From 1 month to 1 year, exclusively breastfed babies average 25oz of breast milk per day. True low milk supply means making less than this when the breasts are stimulated every 1-3 hours day and night. Chronic low milk supply is linked to either a greater health concern or something out of your control which you cannot change or fix with cookies, teas or even sometimes medications and pumping.

🗝Low milk supply that can be increased with time and support:
💡Baby not feeding efficiently from lack of oral motor skill or tongue tie
💡Taking certain prescription medications with a side effect of dropping milk (Sudafed, Benadryl, antibiotics)
💡Not feeding or pumping enough, especially over night
💡Scheduled feedings or over use of a pacifier
💡Birth. Many medications designed to help you labor and deliver actually inhibit baby from latching and feeding effectively for hours to days after birth. Hemorrhage or birth trauma can also cause low supply in the beginning
💡Supplementing, especially in the two weeks after birth

🗝Reasons for chronic low milk supply that may increase even with maximal support:
💡Insufficient glandular tissue (IGT) Breasts never developed during puberty and look tubular or widely spaced. Signs of IGT include breasts did not grow in puberty, or increase in size during pregnancy. No engorgement in the week after birth
💡Uncontrolled or undiagnosed thyroid disorder
💡Uncontrolled diabetes
💡Hormone or endocrine disorders, including severe PCOS
💡Hormonal birth control placed/used too soon after delivery
💡Breast or nipple surgery, augmentation, reduction, trauma
💡Nipple piercing that scars shut instead of staying open
There is a mistaken belief that prescription galactagogues, teas, or herbs can cure ANY chronic low milk supply. Before self-prescribing or taking Domperidone, Reglan, fenugreek, or any other lactation supplement, consider having your serum prolactin levels tested and a full evaluation by a skilled lactation consultant",2,2,correct,2,,
milk.masters,154,42,2020-07-24T13:39:47.000Z,"Can we please add this to the DSM.  It's definitely a real thing. ⁠
⁠
So many mamas start out breastfeeding, but end up pumping.  Some pump from the start by choice and that's great, but when it's not a choice, it becomes a chore and overtime some people dread every pumping session.  Then it eventually ends with baby number 1 and all is well.  Then when baby number 2 is about to arrive, that's when I see the PTPD pop up.  Sometimes, these mamas didn't even know they had such a negative reaction to the pump until they thought about possibly having to do it again!⁠
⁠
Anyone out there have PTPD?⁠
⁠
#pumping #pumpingmom #pumpingmilk #pumpingtip #PTPD #DSM #lactation #breastfeeding #triplefeeding #pumpingatwork #breastfeedingmom #normalizebreastfeeding #lactationconsultant #ibclc #bouldervalleylactation #breastfeedingtip #newmom #secondbaby #bottlefeeding #postpartum #baby #infant #babytips⁠
⁠
⁠",2,2,correct,2,,
theunboundnetwork,152,29,2021-05-22T11:23:06.000Z,"There are so many emotions parents go through relating to ties. 
YOUR 👏🏽 EMOTIONS👏🏽MATTER👏🏽 TOO👏🏽
Whether you have been through an #oraltiejourney, are currently going through one, are about to go on one, or were journey adjacent, it takes a real toll!

Before we understood what was going on and why, I struggled with:

- Fear that my baby would suffer her whole life
- Exhaustion from #triplefeeding
- Feeling #touchedout from nursing all the time
- Frustration that medical and health professionals weren’t taking my concerns seriously or helping in any real way
- Rejection (why am I/why is my body not good enough for my baby?)
- Medical gaslighting (“no need to worry about that - she’s gaining weight! You’re just a nervous #ftm”)
- Guilt (sooo much guilt)
- Selfishness for prioritizing pumping because the pain was too much to handle
- Dread (is this how our first year will be? Will we both just cry all the time?)

Once we understood what was happening and why, I experienced:

- Relief (something IS going on, this is not normal, it can be helped and I’m not crazy!)
- Disappointment (that I didn’t know about them before and that no one caught Mari’s ties)
- Confusion (who do I go to and what do I do? And why didn’t anyone mention this before?)
- Concern (about everything but specifically finances)
- Anger at all the medical and health professionals who dismissed and downplayed her issues and my concerns 
- Rage towards the drs who shared false information and were adamant that ties don’t cause the issues we were seeing/having
- Hope that maybe Mari would be ok one day
- Excitement at the thought of being able to box my pump up and continue our nursing journey 
- Fear at the thought of not only potentially putting her through a procedure but that it wouldn’t help

Whether it’s #medicalgaslighting, concerned or even skeptical partners, misinformation, or conflicting information, this process is TOUGH and can be such a heavy burden to bear.
What did YOU experience?
What are you experiencing?

#tonguetie #tonguetiebabies #tonguetied #tonguetiedbaby #liptie #liptiebaby #posteriortonguetie #colicbaby #colic #colickybaby #crankybaby #unboundnation #mominstincts",2,1,incorrect,1.5,,
milkybusinesslactation,150,35,2023-10-06T09:16:06.000Z,"Motilium/domperidone can be enormously helpful for a percentage of women with a low milk supply, however it’s used like a Band-Aid in maternity care. 

Your provider should be fully assessing you, your baby, your birth, medical history breastfeeding experience and current events. Throwing a medication at you is inadequate care. 

At a minimum, your care provider should at least check your own prolactin levels before prescribing. This is the bare minimum. 

🧡

#lowmilksupply #pcos #hormonalimbalance #prolactin #breastfeedingmum #triplefeeding #postpartum #breastfeedingchallenges",2,2,correct,2,,
lowmilksupplyfoundation,150,3,2021-09-19T16:49:28.000Z,"If we’ve heard it once, we’ve heard it a thousand times: “When I asked my doctor to help me understand why I have low supply, they told me that ‘some women just don’t make enough.’”

THIS IS NOT ACCEPTABLE. For what other medical condition is “we don’t know and we won’t even look” an adequate answer? 

Some men can’t get an erection...but that triggers a complete work up to examine possible metabolic and cardiovascular issues.

Some people can’t make enough insulin to control their blood sugar...but that triggers an investigation of possible diabetes.

Some people can’t see very well...but that triggers a comprehensive eye and/or neurological examination.

It is true that some of the underlying causes of low milk supply cannot be corrected quickly, if at all. But that DOES NOT mean that those parents don’t deserve the time and support from their medical providers to understand what is going on in their bodies.

If you are a provider and would like to learn more about what you can do to support parents with chronic low milk supply, check out our website (link in bio).

#lowmilksupplyfoundation
#chroniclowmilksupply #igt #lowmilksupply #lowsupply #breastfeeding #bf #chestfeeding #ibclc #lactationsupport #bottlefeeding #donormilk #combofeeding #pacedbottlefeeding #sns #supplementalnursingsystem #atbreastsupplementation #lactaid #bottle #triplefeeding #breastfeedingproblems #breastfeedingsupport #breastpump #pumping #exclusivelypumping #milkbank #health",2,2,correct,2,,
lalactation,148,3,2022-02-12T16:31:32.000Z,"Breastfeeding is half science and half art. The principles of that science are the same for every person, but sometimes the experimental design looks a little different when put into practice. The art of breastfeeding is as varied as art itself. We have all been given different tools, materials, and education on how to use those tools and materials. Trying to exactly copy someone else’s work will be frustrating if you don’t have the same resources. But there can be joy in learning to use what you do have. In the end, our breastfeeding journey could look like a Renoir or a Picasso. Both are beautiful and powerful in their own, unique way. To compare them and see one as “better” than the other is to wrongfully discredit the artist. And to discredit the art is to fail to realize that the masterpiece you have created is your child. 

Your breastfeeding journey is supposed to look like YOUR breastfeeding journey. Don’t worry if it doesn’t look like some one else’s.  Whether breast milk is some, part, or all of your child’s nutrition, keep creating. Be proud of what you’re creating and don’t let anyone’s opinion about your art matter except yours. 

Breastfeeding is half science and half art. But not science like chemistry where measurements need to be precise and mistakes can be made. Science like architecture. Every child needs a nutritional foundation and beams to support their growth and development. You as a parent are that foundation regardless of how or what you chose to feed your child. Whether some, part, or all of your baby’s nutrition, breast milk is building a strong structure. What that structure looks like is dependent on genetics, personality, and parenting. 

#breastfeedingjourney #breastfeedingishard #breastfeedingislove #breastfeedingissues #exclusivelypumping #exclusivepumping #lactationhelp #triplefeeding #triplefeedingissoexhausting #bottlebaby #bottlebabies #treeoflifebreastfeeding",2,2,correct,2,,
haakaausa,148,7,2022-08-21T21:24:41.000Z,"“First use of the Haakaa - success! 

At this point #postpartum with my first, I was #triplefeeding and just trying to build my milk supply. I was spending way too much of the day hooked to a traditional #breastpump, and every drop that was pumped was used essentially right away. To collect a couple ounces at the same time that I'm feeding my daughter, be able to save it in the freezer, not have to fuss with a big pump, and not have a bunch of parts to clean afterwards is just mind-blowing to me. “

#repost @unexpected_apsg 💕
.
.",2,2,correct,2,,
sionann_shreds,145,47,2018-08-02T04:05:33.000Z,"• Breastfeeding hasn’t been easy though I’ve continued to love it. Unfortunately I’ve never had a full supply (despite tireless effort on my part and Goldie enduring multiple tie revisions and a high palate.)
• At the beginning it came so naturally. I had very little discomfort so I assumed everything was going great. Then my baby kept losing weight, I couldn’t understand how I was failing. I mourned not being able to EBF, felt like I needed to throw myself into the task of making more milk at whatever cost. I supplemented with formula and donor milk, often driving across town to pick up donations. I pumped around the clock for *months* in addition to regular feeds. It was hard to be nice to myself while I was coming to terms with how our breastfeeding relationship was different than I’d hoped.
• I can’t exclusively breastfeed my baby, but I’m grateful to have been breastfeeding her for almost 6 months. So here’s to all the moms doing their best and to the breastfeeding moms, exclusive pumping moms, chestfeeding parents, breastmilk donors and to breastfeeding allies who know all about this hard, hard work. •
• I hope this week helps to normalize breastfeeding— particularly stigma around public breastfeeding—as well as boost education, visibility, and awareness.

#worldbreastfeedingweek #normalizebreastfeeding #breastfeeding #chestfeeding #sns #triplefeeding #postpartum #respectallbreastfeedingjourneys #breastfeedingvisibility",2,2,correct,2,,
nourishtonurturenutrition,142,22,2024-03-01T00:00:44.000Z,"Iron deficiency is something I have seen a lot of lately! Especially for my allergy and food intolerance bubs and toddlers that have a history of loose, frequent and mucousy stool. 

There can be lots of causes for iron deficiency! It is so important we work out the causes and don’t just supplement (otherwise it’s like filling up a leaky bucket… we will end up with low levels again!)

Did you know it’s also pretty much impossible to correct a deficiency with food alone? This is why we correct with supplements then work on maintaining with diet.

If you’re worried that your little one might be deficient reach out for a 1:1 consult. We have a post coming next week on signs of deficiency too!

#foodallergy #allergybaby #allergymom #allergymum #allergyawareness #TED #foodelimination #breastfeeding #weaning #pumpingmum #pumpingmom #triplefeeding #dairyfree #cmpa #reflux #refluxbaby #startingsolids #solidstart #gentleparenting #babysleep #babydietitian #babynutrition #toddlertantrum. #babiesofinstagram #toddlersofinstagram #plantbasedkids #dietitian #fingerfoods #irondeficiencyanemia",2,2,correct,2,,
lowmilksupplyfoundation,142,24,2021-09-10T20:25:07.000Z,"Low milk supply is about more than just how much milk a person makes. Studies show that parents who encounter breast/chestfeeding difficulties are more likely to struggle with postpartum depression and anxiety as well. In a world where the benefits of human milk are emphasized over and over, the pain of not making enough to feed your baby (even when triple feeding and taking every galactagogue under the sun!) should not be underestimated. 

Parents who struggle with milk supply deserve support, compassion and understanding. And above all, we deserve to be believed! Every time the experience of someone with chronic low milk supply is minimized or doubted, the pain that parent is already experiencing grows.

We want to know: Did your experience with breast/chestfeeding impact your postpartum mental health? What changes do you want to see in the future to better address this issue?

#lowmilksupplyfoundation
#chroniclowmilksupply #igt #lowmilksupply #lowsupply #breastfeeding #bf #chestfeeding #ibclc #lactationsupport #bottlefeeding #donormilk #combofeeding #pacedbottlefeeding #sns #supplementalnursingsystem #atbreastsupplementation #lactaid #bottle #triplefeeding #breastfeedingproblems #breastfeedingsupport #breastpump #pumping #exclusivelypumping #milkbank #health",2,2,correct,2,,
lowmilksupplyfoundation,140,8,2022-04-05T13:47:36.000Z,"It can be hard to know what to say when someone shares that they have chronic low milk supply, especially since this condition is not prominent or well understood. In our experience, the urge that people have to help is often expressed through questions and suggestions. While these may come from a place of care, they can feel very invalidating to a parent with CLMS. It is extremely frustrating having to explain that you have already tried these suggestions (and usually more!) to no avail. 

So what's the best way to respond? By providing support, affirmation of their experience and acceptance of their choices about their body and how they feed their baby. If you're in a position to do so, it's also great to help them advocate for their health, since often doctors are not any better informed about the causes of and tests associated with CLMS. Your support can make a huge difference in helping that parent overcome the difficult and emotionally devastating experience of CLMS.

#lowmilksupplyfoundation
#chroniclowmilksupply #igt #lowmilksupply #lowsupply #breastfeeding #bf #chestfeeding #ibclc #lactationsupport #bottlefeeding #donormilk #combofeeding #pacedbottlefeeding #sns #supplementalnursingsystem #atbreastsupplementation #lactaid #bottle #triplefeeding #breastfeedingproblems #breastfeedingsupport #breastpump #pumping #exclusivelypumping #milkbank #health",2,2,correct,2,,
breastfeedingdoctor.uk,139,15,2024-07-02T20:51:20.000Z,"It’s NEVER just the tongue tie! I firmly believe in a holistic approach to tongue tie as part of the infant feeding journey 

#tonguetie #tonguetiedbaby #holisticcare #breastfeedingjourney #bottlefeeding #infantfeedingsupport #lactationconsultant #breastfeedingmedicine #lowmilksupply #oversupply #pumpingmilk #slowweightgain #triplefeeding #supplementingformula #supplementingatthebreast #breastfeedingdoctoruk #drsilbersteinclinic #lactationconsultant #ibclc #breastfeedingmedicine #hampsteadgardensuburb #londonmum",2,2,correct,2,,
kissinthekitchn,139,18,2021-03-30T22:13:00.000Z,"I swear I JUST did this.
*
Tag a pumping Mama because she’s a rockstar!❤️
*
*
*
*
#KISSintheKitchen #pumpingmom #postpartum #fourthtrimester #triplefeeding #exclusivelypumping #momsaresuperheroes #pumpingmama #sanantoniomoms #KISSblog",2,2,correct,2,,
daciacarroll,133,6,2022-08-01T17:13:07.000Z,"Happy #worldbreastfeedingweek 🤱 Before I had a baby I would have never posted a photo like this. I knew I wanted to breastfeed but it wasn’t that big of a deal and I didn’t know for how long. But through my complicated breastfeeding journey I am extremely proud with how far we’ve come. From mainly formula feeding the first 4 weeks to triple feeding for 8 weeks to eventually exclusively breastfeeding. It’s been the biggest learning experience for both @sousboisbae and I. And I wish I was more aware of why breastfeeding needs to normalized. Here we are at nearly 10 months going strong with BF. 

I’ll be posting on my stories and saving it this week on my #lowmilksupply issues and how I was able to bring my supply up to demand by #triplefeeding .",3,2,incorrect,2.5,,
latchedlouisville,133,6,2020-11-25T20:39:41.000Z,"Check out my sweet friend/client cup feeding her son with a @haakaausa. When I first met with her, baby had been nursing with a nipple shield and was triple fed (nurse then pump then bottle feed). He was basically licking her nipple as a snack and then waiting for his big meal in the bottle afterwards. I worked with mama, helping her to plan how to supplement baby with SNS tubing or cup feeding until he was efficient at the breast. She tried cup feeding with a few different cups but landed on the Haakaa as this felt the most comfortable for them. It was very difficult work, but after a few weeks of “no bottle boot camp”, he fully transitioned to the breast and required no supplement. 🍼
•
You GUYS- babies learn to breastfeed by breastfeeding!! If you’re struggling to achieve a good latch with your baby then push PAUSE on artificial nipples until breastfeeding is going well. #SNS and cup feeding are the best ways to supplement a baby who needs extra milk! 🥛

Reposting this gem because it deserves to be seen again 🤩

•
.
.
.
.
.
.
.
#triplefeeding #pumpingmama #toughasamother #infantcupfeeding #breastfeedingmama #netflixandbreastfeed #ibclc #gobabygo",1,2,incorrect,1.5,,
laurenbrit,131,35,2020-07-13T17:41:10.000Z,"“Working” my butt off 3 hours at a time...
•
Just over 4 weeks in and finally enjoying BF 🤱🏻 with this little lady. This time around has been SOOOOO much easier than with Brax! 3 weeks in with Brax I was in tears, frustrated and dealing with an indescribable amount of pain trying to BF him and ready to give up.
•
With Brax I ended up getting a lactation consultant to help and the only thing to work was using a nipple shield. It was super annoying, but it saved us. I was able to continue BFing for 8 months!
•
I was thinking it would be the same with her but it’s been quite a different experience. Thankfully @uchealth offers FREE lactation consulting so I’ve been taking full advantage! Going in once a week to make sure she’s getting enough and that we are in the right track.
•
It’s not all unicorns 🦄 and rainbows quite yet. I’m still fully on the 3 step plan 👉🏼 BF (both sides), supplementing with breast milk and sometimes formula with a bottle and then pumping. So yes literally living my life in 3 hour cycles 🤪. It’s amazing how quickly the days go by, how hungry you are and how exhausting it can be!
•
But I’m not complaining. I’m fully embracing this season because this is my current “job”. This is my task at hand and for those of you that know me when I’m determined I’m in it to win it 🙌🏽
•
The goal is to get to a point (by 5 weeks) where my milk supply has fully come in and I don’t have to pump. Until then I’ll be posted up on the couch, staying on this schedule and enjoying the extra bonding time with my little babe.
•
To all the mommas out there in this season. It’s tough, it’s a sacrifice and it’s not the most glamorous part of motherhood. Just remember it’s temporary ☺️",3,3,correct,3,,
skilledlactationsolutions,130,6,2023-10-26T12:48:05.000Z,"Save this for when you need it! It’s so hard to remember at 3am when you wonder if a little bit of formula will help your baby sleep longer, or go from the 5th to the 10th percentile.

What most parents and doctors don’t know is that just one bottle starts a cycle that is really hard to pull out of without help. Even when supplements are medically needed, it’s important to work with an IBCLC to protect your supply and wean from them if your goal is to exclusively breast or chest feed. Need help with this? Click on the link in our bio to get started and don’t forget to follow us to see what else we share about supplementing and milk supply #lowmilksupply #milksupply #lactationcookies #lactationtreats #powerpumping #elviepump #sleeptraining #infantsleep #newbornsleep #postpartum #infantfeeding #breastfedbaby #chestfedbaby #supplementalnursingsystem #triplefeeding #nippleshield #bottlefeeding",2,2,correct,2,,
to.the.pump.and.back,130,100,2021-12-20T22:18:44.000Z,"🥂 HERE’S TO THE MIXED FEEDING HEROINES 🥂

🌕 The further I progress in my pumping journey the more I am in awe of exclusive pumpers who mix feed. 

⚡️By this I mean people who pump milk for their baby and also give formula due to a variety of factors.

🌖 This group of mamas are often overlooked or don’t feel like they fall into any category. I see you. I’m here to give you just a fraction of the recognition you deserve!

🌗 These mamas are going through all the trials and tribulations of pumping that we know and love (or love to hate) aaaaaand all the sterilising, boiling, mixing, portioning, expense and secondary bottle prep that comes with baby formula too! This is some serious dedication and badassery! 

🦸‍♀️ To all you mixed feeding heroines, I salute you! I could not do what you do!

🌘 We exclusive pumpers already feel isolated enough let alone you mums adding so much more potential for confusion, lessened support and judgment to your plate (how many have endured the comment, ‘why don’t you just pick one thing?’). 

🌑 I’m not saying stop. I’m saying I’m so impressed. Your persistence and resilience astounds me daily with your perseverance to give bub breastmilk despite all the hurdles you are facing. You are doing so amazingly. 

✨Ensure you’re doing what’s sustainable and best for you mentally as well - but same goes for all of us feeding babies in any form!

🌟As we often say, any amount of breastmilk is still giving bub 100% of the benefits breastmilk provides 👏 

You mixed feeding mamas amaze me ⭐️
You’re true heroines 🦸‍♀️
Big love ❤️‍🔥
Cheers to you 🥂

🌙 Drop a ❤️ if you’re mixed feeding / comment your story! I’d love to hear it!
🌙 Not mixed feeding? Show your love and support by dropping a 🥂!
.
.
.

#breastpump #breastmilk #pumpingmilk #breastfeeding #exclusiveexpressers #exclusiveexpressersaustralia #pumpingmama #normalisepumping #normalizepumping #normalizebreastfeeding #pumpingmom #epmum #epmom #breastpumping #pumpmommapump #exclusivelypumping #exclusivepumpers #breastpumpingsupport #exclusivelypumpingmama #exclusivepumpersaustralia #pumpingisbreastfeedingtoo #babyformula #mixedfeedingmums #mixedfeeding #triplefeeding",2,3,incorrect,2.5,,
themilkrebel,128,14,2022-08-04T09:15:46.000Z,"Breastfeeding looks different for everyone, and may look different for you with your different children. A lot of what I experienced with Leo has been repeated with Nova, but this time I had support in place right at the start of my pregnancy. I was able to alleviate a lot of my fears and anxiety before we even started feeding, and as soon as any issues arose we were able to resolve them a lot quicker than I had with Leo.

Shout outs to people who helped us along the way:

@shel_banks my friend, mentor, and my primary lactation supporter this time round who is featured here holding Nova. She also brought lego for my eldest and has kept me sane whilst I worried and worked through everything.

@lmj.infantfeedingsupport 
@hannahjcresswell
@jenthelc
@katybeck78
@wcbffs
@the_earth_doula_
@bazzdinnadge 

What does #breastfeeding look like for you?

Follow me for more breastfeeding tips and information. 

#wbw2022 #breastfeeding #infantfeeding #themilkrebel #novarebel #babies #baby #newborn #parenting #milkfeeding #humanmilk #cupfeeding #sns #supplementalnursingsystem #atbreastsupplementer #expressing #pumping #triplefeeding #topup #toppingup #ebm #expressedbreastmilk #breastpump #ibclc",2,2,correct,2,,
ruminanaturals,128,14,2021-06-10T19:59:29.000Z,"Thank you @welcomebabies_lactation for bringing more attention to this valuable tool!!
.
“MAMAS // Have you heard of or used a 𝙎𝙪𝙥𝙥𝙡𝙚𝙢𝙚𝙣𝙩𝙖𝙡 𝙉𝙪𝙧𝙨𝙞𝙣𝙜 𝙎𝙮𝙨𝙩𝙚𝙢 (𝙎𝙉𝙎) or Lactation Aid? What was your experience with it?⠀
⠀⠀⠀
SNS uses a thin feeding tube, with one end attached to a syringe or dipped into a bottle of expressed breadt milk or formula and the other end is placed into baby’s mouth while they are nursing.⠀
⠀⠀
It allows baby to be supplemented with extra milk without having to use a bottle and can be very helpful in cases of low milk supply, breast refusal and also a great option for adoptive parents. ⠀
⠀
𝗕𝗲𝗻𝗲𝗳𝗶𝘁𝘀: ⠀
⠀
🤱🏼Baby receives ALL their milk at the breast. No need to top up after breastfeeding with a bottle or other device. This also helps maintain that positive connection with baby and the breast.⠀
⠀⠀
🤱🏽Baby will learn to nurse by nursing. The help of the flow of milk with the SNS encourages baby to suck more actively and stay more interested at the breast.⠀
⠀⠀
🤱🏻It can help increase your milk supply through direct sucking at the breast.⠀
⠀⠀
🤱🏾May help decrease baby fussiness at the breast.⠀
⠀ ⠀
If you are struggling with breast/chest feeding and are curious to see if using an SNS would be right for you, please reach out. ⠀
⠀
⠀
⬇️Tag any new or expecting parents to follow along and learn lots of great tips and info on newborn feeding🤱🏽”

#lactationaid #supplementalnursingsystem #triplefeeding #breastfeedingsupport #lactationconsultant #lactationsupport #lowmilksupply #lowsupply #supplyanddemand #breastrefusal #pumpingmom #newbornfeeding #adoptiveparents #adoptivemom #breastfeedingpositions #breastfeedingproblems #newmomlife #breastfeedingmama #breastfeedingmoms #breastfeedingtips #chestfeeding #mamaandbaby #nursingmama #fourthtrimester #uniteinmotherhood⠀
#postpartumsupport #doulalife #honestmotherhood #momstruggles⠀",2,2,correct,2,,
lowmilksupplyfoundation,127,4,2022-03-03T15:20:36.000Z,"One of the most difficult parts of dealing with chronic low milk supply are the emotions that come with it. Parents describe feeling shocked that this could happen to them; angry that no one warned them low supply was possible; inadequate because they must supplement to feed their babies; devastated that they have tried everything possible to increase supply without success. Experiencing these emotions at a time when hormones are already running high (and sleep is at an all-time low!) can be especially overwhelming. 

But chronic low milk supply isn’t something that you have to face alone. Find resources and support at www.lowmilksupplyfoundation.org/parents.

Above all, remember that CLMS is not your fault, and it does not impact your ability to be a wonderful parent to your baby. The tears may come quickly now, but there is so much more good to come in the days ahead. 💕

#lowmilksupplyfoundation
#chroniclowmilksupply #igt #lowmilksupply #lowsupply #breastfeeding #bf #chestfeeding #ibclc #lactationsupport #bottlefeeding #donormilk #combofeeding #pacedbottlefeeding #sns #supplementalnursingsystem #atbreastsupplementation #lactaid #bottle #triplefeeding #breastfeedingproblems #breastfeedingsupport #breastpump #pumping #exclusivelypumping #milkbank #health",2,2,correct,2,,
milkandhoneybreastmilkjewelry,127,1,2020-01-30T18:52:03.000Z,"New breastfeeding story is up in the blog! (Link in profile or below)
.
Sarah began her breastfeeding journey after a traumatic birth and a long NICU stay. .
Go read her Triple Feeding Journey on our blog and show Sarah some love!!!
.
https://www.milkandhoney.jewelry/blog/2020/1/24/sarahs-triple-feeding-journey",2,2,correct,2,,
kassandra.mcmillan,125,77,2024-04-27T13:02:17.000Z,"I thought this time was going to be different. 
I thought this time the milk would come in more abundance than last time. 
I thought this time my body wouldn’t fail me. 
I thought this time feeding my baby would be easy. 

3 weeks I can say it hasn’t been much different, I have hardly any supply, I feel as though my body has failed me and my baby, triple feeding has been hard. 

I have tried all the supplements (that’ll be another post), having her on the boob all the time, pumping but it hasn’t worked the way I thought and hoped it would. 

I sit here after another tough night of nursing, bottle feeding, followed by a lot of spit up feeling defeated and exhausted. 

There are so many reasons why I wish I could exclusively breastfeed and once again it’s not going to happen. So if you’ve been in this situation I see you. It’s frustrating. 

(Please don’t tell me fed is best, obviously I know that, I’m grieving what I thought feeding my baby would be and that comment does not help) 

#feeding #nursing #supplementing #triplefeeding #formula",2,1,incorrect,1.5,,
lowmilksupplyfoundation,124,9,2021-10-19T20:50:43.000Z,"“I was completely side-swiped by the emotional fallout of having low supply and I wholeheartedly believe it caused my descent into postpartum anxiety and depression. I didn't even know low supply even existed – I thought it was just a matter of willpower and trying hard enough. I judged other mothers who pulled formula out of their diaper bags and said something to the effect of ‘my baby is hungry and I can't keep up with him!’”

Like many parents with chronic low supply, Annette had planned and expected to breastfeed. When her low supply forced her plans to change, she struggled the most with unanswered questions about why she couldn’t produce enough and what that meant for her health. This struggle had a profound impact on her mental health. “I look back on my early days and the crying spells where I had to explain to my seven-year-old stepson in children's terms why I felt so bad for myself because I wasn't making enough milk. It was awful,” she remembers.

However, Annette persevered, both in her breastfeeding journey and in her quest to understand the physiological reasons for her low supply, and was still breastfeeding at 9 months. “I’m proud of my resourcefulness, perseverance and the camaraderie I've developed with other low supply lactating people. I've become a self-taught expert in breastfeeding and pumping and feel extremely knowledgeable, and I try to share my knowledge.”",2,2,correct,2,,
milk.masters,124,17,2020-08-23T18:24:26.000Z,"Breastfeeding Bandaids can be needed, but should always be a short term solution while the root cause of the issue is figured out.⁠ Bandaids can help symptoms but not solve problems. 
⁠
🔶NIPPLE SHIELDS:⁠
Nipple shields are often used when a baby can't latch or when there is pain with latching.  Neither situation is normal and the cause should be figured out in order to make a plan to get off the nipple shield.⁠
⁠
🔶PUMPING AFTER BREASTFEEDS⁠
Sometimes parents pump after feeds at the breast in order to increase supply so the baby has more easy milk.  Again, this can be effective short term, but the baby should be able to maintain milk supply on his own and often there are simple solutions to help baby do this and decrease that workload for mama.⁠
⁠
🔶TRIPLE FEEDING⁠
Triple feeding is when you feed at the breast, pump and then feed that milk back either via bottle, finger feeding, cup feeding etc.  Triple feeding, like other bandaids, can be needed short term.  However, it is too much work to be a long term solution. ⁠
⁠
🔶REFLUX MEDS⁠
True acid reflux in babies is rare and usually only seen in preterm babies.  More commonly I see reflux due to swallowing air either because of a bad latch or because of an uncoordinated swallow OR reflux due to a food sensitivity.  Either way reflux meds are a bandaid to cover up why it is happening and this bandaid is not benign.  These meds were never studied on babies for safety, but retrospective research has shown that when given as a baby, they increase the baby's chances of broken bones as a child.⁠
⁠
🔶NIPPLE CREAM⁠
There are some great and not so great nipple creams out there for damaged nipples, but either way, they shouldn't be relied upon long term to keep pain or damage at bay. 
⁠
If you are using a bandaid and want to stop, find someone that is willing to dig in the weeds with you and figure out the root cause and also a way to fix that root cause!⁠
⁠
#breastfeedingtips #breastfeeding #babyreflux #pumping #triplefeeding #lowsupply #ibclc #lactation #breastmilk #lactationconsultant #postpartum #nippleshield #liquidgold #pregnancy #birth #normalizebreastfeeding",2,2,correct,2,,
happileeivf_rainbow,123,30,2021-10-23T18:21:51.000Z,"Our Saturday morning started at 1am and every 2-3 hours after that. Baby Isabel does usually well through the night, from time to time she will need the extra comfort and need to be held when she’s a bit more fussy.

This was around 10am and she needed to held between 2 feedings and I am okay with that as tired as I am. My dog Pua wakes every feeding too, with both husband and I.

I don’t know how all you newborn moms look so fresh with makeup and brushed hair. I for one do not have the time! Kudos to you.

I am also triple feeding. If you don’t know what that is, it sounds like it is. I am breastfeeding, pumping, and bottle feeding. I know, a lot to do 8x a day. Thankfully my husband & Mom are a huge help.

Because of my hemorrhage (anemia),
PCOS, and other stressors my milk  is slow. We had to start supplementing with formula because I couldn’t give her what she needed. I had a hard time with that and felt that again I couldn’t provide for her. Thankfully ALL the lactation nurses and OB/doctors have been great with mental health. They constantly remind me that I AM doing a good job and she loves me for everything I can provide for her.

Physical recovery with the CS pain was easier after my TAC surgery. The anemia/hemorrhage and high BP was worrisome but it is getting better and we are controlling it with meds.

On top of all the postpartum emotions and added mental releases that IVF and loss have created the last couple of decades. Keeping a close eye on my mental postpartum. These postpartum emotions are strong.

Again thankful for a medical team that puts your mental health first.

I’m thankful & grateful to have all these opportunities with my little one. I know many have joked and said things like, “are you sure you want a baby?” …. You can have mine…etc…

Yes, I do. I’ve wanted this for a long time. It’s hard & tiring but I’ll take this chance because not it’s not easy for all of us to just choose this life.

💗
#1in10 #1in8 #1in4 #haneytac #transabdominalcerclage #ivfsuccess #ivfsupport #pregnancyafterloss #postpartum #pcos #pcospregnancy #haneytacbaby #cerclage #ivfwarrior #mentalhealth #triplefeeding",2,2,correct,2,,
mydoublerainbows,119,24,2021-07-27T12:12:18.000Z,"The days are long but time is slipping by. Living life in a series of three hour increments starts to really take a toll after awhile. I can’t believe the summer is almost over and we are 6 weeks in with our little loves. 

Lately I’ve been working really hard at getting these boys on the breast every feed (except at night). It’s a lot of work, but I’m seeing slight improvements and it’s enough to keep me going, at least for now. The benefit of all this is lots of skin to skin and snuggles. The challenge is it’s hard to fit much else into the day. 

I’m hoping once they are better nursers we can find a balance of bottles and breast so I can eliminate a few pumping sessions and gain some flexibility in our schedule. 

BUT this mumma is TIRED. And I don’t know how much more of this triple feeding (nurse, pump, bottle feed) I can do before I burn out. 

One day at a time. 

Twin mummas, are you team bottle or breast or both? Is finding a balance achievable? Tell me about your feeding journey below! 

#fedisbest #twinfeeding #breastfeeding #pumpingmom #triplefeeding #feedingmultiples #parentsofmultiples #momofmultiples #postpartum #identicaltwins #miraclebabies #doublerainbowbabies #monoditwins #twinpregnancy #twinsofinstagram #newmom #momoftwins #twinsandmultiples
 #twinboys #boymom #twinning #rainbowbabies #newbornlife",2,1,incorrect,1.5,,
aloha.nutrition,119,10,2019-12-18T13:49:17.000Z,"To save yourself some time from having to nurse AND pump...try Parallel Pumping where you pump WHILE you nurse. This is great especially if your baby only takes one breast.
.
Also check out this pumping bra hack I learned from @mama.thrived - Transform your nursing bra into a pumping bra
.
.
#parallelpumping #pumpingandbreastfeeding #triplefeeding #momhack #breastfeedinghack #thatmomlife #ibclc #breastfeedingtrick #pumpingmom #buildingastash #milksharingchallenge",2,3,incorrect,2.5,,
mbmilkdocs,117,12,2022-11-24T13:15:57.000Z,"2 things that are associated but are not the same thing. 

From 16+ weeks ➡️ day 3ish after birth your body makes colostrum. It’s a sticky yellow thick milk that is hyper-concentrated with immune cells and good bacteria. It needs to be a small volume to coat the baby’s GI tract + seed the microbiome + protect baby from infections. 

By day 3 your body has understood that the baby is born (your progesterone plummets)- resulting in cellular changes that increase volume of milk. This is called secretory activation. You may or may not notice a fuller breast and swallowing sounds are louder!

Sometimes, the milk transition is delayed. I used the mute button here- because the signal for volume is off. This delay is predictable based on your pregnancy and birth story. Unfortunately, many families are not being informed that this does NOT mean low milk production! However, when supplements and pumping start, now milk removal is dependent on a pump not the baby’s needs and there will be a production mis-match. It’s hard to pump AND care for a baby so parents will struggle and feel guilty about their inability to pump so frequently and produce the volume their baby drinks. 
Parents also do not get discharged with appropriate lactation follow up to stop pumping! And they burn out and many stop breastfeeding within the first month. 

Low production happens when there is less milk removed from the breast- ex: the baby can’t latch well / pump isn’t removing milk well / mom can’t pump frequently enough or doesn’t have the medical care to stop pumping. 

Other reasons can be anatomical, like less glandular (milk making) tissue from development or surgery or hormonal reasons- I used the volume symbol here! 

Secretory Activation and low production are related yes, but not the same. 

We can identify these women at risk of delay of secretory activation and prevent them from burning out with a pump and prevent the low production with evidence based lactation management. 

Did you have delay of Milk transition? Did you think this was low production? Who helped you get back to direct feeding if you had begun supplementing and pumping? What was that experience like?",2,2,correct,2,,
tandemactofkindness,117,22,2020-02-28T17:27:20.000Z,"The twins are N I N E whole months old - I am S T I L L #tandembreastfeeding - and we are not giving up! This is my view from above. I have found it to be incredibly fulfilling - although it has not always been easy. Here are some of the challenges we have overcome:
.
➖ #triplefeeding
➖ needing #donormilk
➖ #cloggedducts
➖ getting a cold
➖ food poisoning (twice)
➖ traveling internationally
.
Here is how we did it:
.
✅ I found a community of knowledgeable support: I feel fortunate to have had #IBCLC support from day one, encouraging me to nurse and pump and troubleshooting in the weeks thereafter while we got the hang of it all. I attended #breastfeedingsupport groups and joined support groups online. I also follow many IBCLC's online for ongoing support.
.
✅ I found the right nursing pillow: I use the twin #mybrestfriend. I would recommend that more IBCLC's have one for twin mamas to practice #tandembreastfeeding in the hospital or to use during appointments. This pillow has been critical to the success of my #breastfeedingjourney. At the beginning, I needed help getting the babies onto the pillow and latched. Now, the challenge is keeping them on the pillow and preventing them from catapulting themselves off the couch #notjoking
.
✅ I found out how to remove clogged milk ducts: I have had the most success with using lots of massage while pumping to prevent clogs from forming in the first place, especially in the area where I tend to get a recurring clog. Also, hot showers, a #hakaa filled with warm water and epsom salt, and a tincture by @wishgardenherbs called ""Happy Ducts""
.
✅ I drink more water than I thought was possible: I make it a habit to have a full water bottle or a mug of herbal tea with me every time I leave the house to run an errand, go for a walk, etc. I make sure to finish it before I get back home!
.
✅ I learned to take what my pediatrician says about breastfeeding with a grain of salt: I trust my body and our babies, first and foremost. Before I started, I had no idea of the amount of misinformation and discouragement from the medical community, who lacks education about lactation. See an IBCLC (.)(.)
.
📸: @kunkuwana",2,3,incorrect,2.5,,
postpartum.care.co,115,34,2022-04-26T10:57:59.000Z,"Triple Feeding, it sounds like an Olympic event! 

It’s used to boost supply or your baby’s weight. 

I see plenty of mums who have been sent home from hospital triple feeding, with no plan of follow-up. 

It is unsustainable in the long term. It’s hard work! You’ll needs close follow up and support. 

Swipe to find out more. 

Tell me about your experience with triple feeding. 

#Breastfeeding #breastfedbaby #triplefeeding #breastpumping #breastpump",2,1,incorrect,1.5,,
thats.so.caro,113,10,2024-08-02T18:19:09.000Z,"During my most recent therapy session, I was reflecting on my two breastfeeding experiences…

With both babies we’ve been through tongue ties, mouth exercises, & body work. We’ve triple-fed, formula-fed, EP, and successfully nursed. 

Jax and I struggled with latching, and I ended up exclusively pumping. Slide 8 is when I shared I was going to stop EP and formula-feed instead. I was drowning in mom guilt and grieved our breastfeeding journey for a while. In reality, it made no difference to Jax (see slide 10 🥹). & looking back, I’m incredibly proud of myself for EP as long as I did. 

Madi and I have worked hard to get to where we are now with nursing. It’s much harder than I anticipated though, and does NOT usually look like slide 1 😂. Cracked n*pples, painful latches, being a human pacifier, bottle rejections. I don’t know how long we will BF, but this time around I’ll be more gentle with myself when it comes to an end. 

All this to say… fed is best. 🫶🏼 You’re the best mom for your baby, & they love you unconditionally. 

#worldbreastfeedingweek #tonguetie #triplefeeding #exclusivelypumping #breastfeedingmom",2,2,correct,2,,
the.expat.chronicle,112,6,2022-08-25T18:04:32.000Z,"When talking about pumping I had to recreate the picture from Baby Mama, I had to 🙃

I started pumping the day Philip was born to encourage my milk to come in, and since then I've pumped a lot 

A lot of milk
A lot of hours
A lot of places 

Philip has been exclusively nursing for a while now so I've been working to regulate my supply with the goal to stop pumping and produce just the right amount for him and nothing extra. 

It's been a slow process but I'm getting there. I've gone from triple feeds and pumping as much as 56 ounces in a day down to pumping once a day in the middle of the night. 

My pump and I are so close to parting ways and I'm really looking forward to when that time comes. I'm grateful for my pump, grateful for the technology, and grateful for my supply, and grateful Philip and I were able to figure out nursing and overcome those challenges. 

#pumpingmoms #pumpingmama #pumpingmom #pumpingmilk #pumpingjourney #milksupply #triplefeed #triplefeeding #nursingmama #nursingmom #babyfeeding #preemiemom #preemielife #momblog #mommyblogger #momsofinsta #momsofinstagram #firsttimemom #firsttimemommy #firsttimemum",2,2,correct,2,,
postpartum.care.co,111,9,2022-04-29T10:26:10.000Z,"Is your baby requiring a top up? How much is your baby needing? 

Over the last few weeks I have had mums who have been discharged from hospital breastfeeding and also topping up their babies with enormous amount of formula and breast milk. 
This volume wasn’t really a top up, it was nearly a full feed. 
Being discharged from hospital with a 60 ml top up and no follow-up support or plan in place is not ideal for an  optimal breastfeeding journey. 

Top ups may be needed for a variety of reasons. 
If your baby needs a top up, it’s so important that you get great support and follow up.
Professional support should include 
- Assessment of feed and ensuring correct latch. 
- Baby’s weight closely monitored 
- Detailed plan that will suit mums goals both short and long term and  also meet baby’s requirements.
- Appropriate volume and frequency of top ups 
-Close follow up 
- If expressing, ways to make it easier and optimise volume expressed. 
-Discussion on ways to top up your baby.

Edit- 60ml is not a top up, it’s a feed for most babies. 

Avoid the TOP UP TRAP… I’ll post about that tomorrow. 

If you’re needing a plan or support, book a FREE 15 min chat to see how I can help. 
In home and virtual support available. 

#topuptrap #triplefeeding #powerpump #breastfeeding #BreastfeedingChallenges #Newborn #TripleFeedingPlan #TopUps #BreastfeedingSupport #BreastfeedingMama #BreastfeedingEducation #BreastfeedingProblems #PostpartumSupportSydney #PostnatalCare #PostnatalCareSydney #BreastfeedingSupportSydney",2,1,incorrect,1.5,,
thebirthhour,107,1,2024-03-14T19:45:09.000Z,"New birth story episode! Postpartum story releases 3/16! ✨

First time mom Jenni had an unmedicated hospital birth in Austin, TX in June of 2021 that was 13 hours from start to finish. She had an easy pregnancy, magical hospital birth, and what she describes as a shocking and difficult postpartum. Jenni and her son had latch issues, followed by triple feeding, followed by exclusive pumping for 14 months. Jenni was diagnosed with postpartum depression and anxiety around 6 months postpartum. Around 20 months postpartum, other health issues emerged & she was also diagnosed with a prolactinoma (pituitary tumor); treatment is ongoing. Jenni credits the KYO Childbirth Course & The Birth Hour with giving her the courage to switch providers at 28 weeks pregnant!

Listen to the full story in any podcast app (episodes 876 and 877) 🎧

#birthstory #birthstories #birthstorypodcast #postpartum #pregnancy #pregnancypodcast #thebirthhour #ppd #postpartumdepression #triplefeeding",2,1,incorrect,1.5,,
latchedlouisville,106,12,2020-06-30T01:40:50.000Z,"Check out my sweet friend/client cup feeding her son with a @haakaausa. When I first met with her, baby had been nursing with a nipple shield and was triple fed (nurse then pump then bottle feed). He was basically licking her nipple as a snack and then waiting for his big meal in the bottle afterwards. I worked with mama, helping her to plan how to supplement baby with SNS tubing or cup feeding until he was efficient at the breast. She tried cup feeding with a few different cups but landed on the Haakaa as this felt the most comfortable for them. It was very difficult work, but after a few weeks of “no bottle boot camp”, he fully transitioned to the breast and required no supplement. 🍼
•
You GUYS- babies learn to breastfeed by breastfeeding!! If you’re struggling to achieve a good latch with your baby then push PAUSE on artificial nipples until breastfeeding is going well. #SNS and cup feeding are the best ways to supplement a baby who needs extra milk! 🥛
•
.
.
.
.
.
.
.
#triplefeeding #pumpingmama #toughasamother #infantcupfeeding #breastfeedingmama #netflixandbreastfeed #ibclc #gobabygo",2,1,incorrect,1.5,,
larissathemamacoach,105,17,2024-08-07T19:32:01.000Z,"Triple feeding is not a sustainable (or sane) long-term feeding plan!

Triple feeding is (1) breastfeeding the baby, (2) pumping, and (3) feeding the baby either pumped milk or formula supplement within the same feeding session. It’s physically and mentally EXHAUSTING. By the time you finish feeding, pumping, and cleaning, it’s time to feed all over again. It can also lead to oversupply in some people.

This is a short-term strategy to increase supply — it should ALWAYS include a plan with an off ramp. 

If a pediatrician or lactation professional instructed you to triple feed without providing you with a follow-up plan to move away from it — that ain’t right! 

Here’s how to triple feed in a healthy way:

- Trial triple feeding for one week before re-evaluating
- Make SURE you have support at home. It’s not possible to do this and also care for a baby by yourself 
- Don’t feel like you need to triple feed for every single feeding, aim for at least 4-6 per day, or consider power pumping at the end of the day to replace some pumping sessions. Make sure to remove milk overnight as well, but consider pumping while your partner feeds so you can get back to sleep more quickly
- Looking to move away from triple feeding and not sure how? Contact a reputable/trusted lactation professional and ask them for a specific plan (best if this can be based on a consultation with a weighted breastfeed in conjunction with serial baby weight checks)

Are you local to Westchester, NY? Reach out to me for in-home support! 

Did you ever triple feed? For how long?

.
.
.
.
.
#ibclc #lactationconsultant #triplefeeding #milksupply #pumping #breastfeedingsupport",2,1,incorrect,1.5,,
tampabreastfeedingcenter,105,7,2020-12-21T11:47:30.000Z,"Posted @withregram • @kellyibclc This position for paced bottle feeding is great for babies under 3 months old.  Paced bottle feeding is important for those going back and forth between breast and bottle.  However, I find that sitting them upright doesn't work well for all babies, especially tinies because they don't have enough support for their bodies.  I find that sometimes when parents or caregivers are trying to sit up newborns to pace bottle feed, the newborn collapses in and then isn't in a good position to feed.  This solves that problem. 

Reasons to Pace Bottle Feed:
💧You can keep a baby from eating too quickly and overfeeding
💧Baby is able to regulate their suck, swallow, breath pattern without milk dripping in their mouth
💧Baby can regulate their own feed
💧You can pace the feed similar to the pace at the breast
💧Baby will not prefer bottle flow to the breast flow - especially when milk supply isn't huge.  Humans will always choose the path of least resistance and if it's way easier to drink from a bottle, they will choose it even if, in the end, easier does not mean better for them.

Other things to think about when pacing the feed.
🍼Hold the bottle horizontal
🍼Make sure their chin is not tucked down toward their chest
🍼If they are going back and forth between breast and bottle, don't give them milk right away.  Make them work for it.  Tip the bottle down a bit, so there is no milk in the nipple. They should suck suck suck for at least 10 seconds before they are rewarded with milk.  When at the breast, it typically takes at least that long to elicit a let down.  This makes it so they do not expect milk right away at breast and keeps frustrations at bay. 
🍼Take breaks throughout the feed by tipping the bottle slightly down.

#pacedfeeding #pacedbottlefeeding #bottlefeeding #breastfeeding #pumping #pumpingmama #pumpinglife #pumpingmom #breastfeedinglife #breastfeedingtips #pumpingtips #triplefeeds #triplefeeding #ibclc #lactationconsultant #lactation #liquidgold",2,2,correct,2,,
sionann_shreds,105,17,2020-08-05T19:06:23.000Z,"This is probably the last time I’ll nurse Layla. My supply has dwindled lately, especially after moving her into her nursery. I’ll miss the closeness that came with snuggling her against my heart. For 6 months feeds came at all hours as she’d inch closer and relax into me. We reassured each other in those moments—everything was working, give and take. 

But it wasn’t working any better this time than it had with Goldie. I had to supplement and fight for the milk I could produce. 

I’m grateful for the months we had and for the excuse to cuddle closer. I’m also grateful for the insight that trying to maintain a breastfeeding relationship is bad for my mental health. The days are long but the years are short 😢✨",2,2,correct,2,,
love.latch,99,17,2021-01-19T06:28:24.000Z,"𝙎𝙪𝙥𝙥𝙡𝙚𝙢𝙚𝙣𝙩𝙖𝙡 𝙉𝙪𝙧𝙨𝙞𝙣𝙜 𝙎𝙮𝙨𝙩𝙚𝙢 (𝙎𝙉𝙎):
⠀
Also called Lactation Aid.
⠀
This system uses a thin feeding tube, with one end attached to a syringe or dipped into a bottle of supplement, and the other end is threaded into baby’s mouth while they’re nursing.
⠀
✨This method basically allows baby to be supplemented with expressed breastmilk or formula without using a bottle or other alternative devices.
✨In my opinion, it’s most helpful in cases of low milk supply and breast refusal, and when adoptive parents are hoping to breast/chest feed.
✨I always warn my clients, you either love it or you hate it!
✨There’s a bit of a learning curve, so an extra set of hands may be necessary in the beginning.
⠀
 𝗕𝗲𝗻𝗲𝗳𝗶𝘁𝘀:
🤱🏻Baby receives ALL their milk at the breast. This maintains the positive connection Baby has with the breast, prevents bottle preference, and prolongs the nursing relationship.
⠀
🤱🏻Babies learn to breastfeed by breastfeeding. This is because the flow of milk encourages Baby to suck more actively at the breast.
⠀
🤱🏻Can increase the parent’s supply, because Baby is sucking more actively, leading to more complete drainage of the breast.
⠀
🤱🏻When this method is successful, the parent will have a more positive view towards breastfeeding, as Baby is less likely to be fussy at the breast.
⠀
In this picture, I’m using a 5Fr (size) feeding tube, attached to a syringe of formula. Baby’s father is having to gently push the syringe to encourage baby to suck, as this baby doesn’t have an efficient suck just yet to do the job on her own.
⠀
Have you ever used an SNS? Tell me your experience 👇🏼
And meet me in my stories tomorrow morning while I talk more about it (alternative feeding highlight)",2,2,correct,2,,
hilary.wyse,98,15,2020-07-17T23:35:22.000Z,"Raise your hand if you’re growing!🙋🏼‍♀️
-
Em, you are officially chunking up! Six weeks has FLOWN by! You love car rides and walks with your big brother Gus. 🐶 You’re starting to coo and smile, which is absolutely the sweetest thing I’ve ever seen! It makes all the blowouts worth it. 😆 Love you to the moon and back sweet girl! 💫",2,2,correct,2,,
expat_fitlife,97,7,2022-05-03T14:39:09.000Z,"Pumping, nursing, sunning, and watching the big kids run amuck on the farm. #momlife 🥰
•
Did I share his name, by the way? (Third kid, what can I say 😆)

This is Benjamin Hannes! 

Tomorrow would be Benny’s due date but instead we are 5 days old / 5 days postpartum and loving these extra days we’ve been given together 💙
•
B had his 4-day control yesterday and it is with a great relief that I say, he is my first baby who avoided jaundice, and we’ve managed it by exclusively breastfeeding no less! And not only that, he’s my first baby to have actually gained weight back by day 4 instead of continuing to plummet. I nearly cried when I saw all his stats 😭🥹🙌🏻

I’ve only had to dip into my freezer stash a tiny bit as I waited for my milk to come in. Mostly I’ve just been nursing, and then expressing or pumping in between feeds to build up a little bit of top-off stash that I dream-feed him in syringes after he’s fallen asleep at the breast, if I feel like he didn’t get enough in that feed.
•
It’s day 5 though and just as with my other kids, my milk is only JUST coming in today. Despite all the pumping and nursing round the clock. Hoping by tomorrow it’s fully in, but we’ll just have to wait and see. He’s having plenty of diaper output so I know i have enough for him now, but I get nervous as each day his stomach grows in size 😅
•
•
•
___________________________________________
#newbornlife #EBF #thirdbaby #ebf #breastfeeding #breadtfeedingmom #momstruggles #breastfeedinglife #spectras1 #triplefeeding #5daysold #expatmom #postpartum #postpartumlife #postpartumupdate #duemay2022 #bfmaj2022",2,2,correct,2,,
lowmilksupplyfoundation,97,8,2021-08-20T14:00:45.000Z,"""It is estimated that 5–15% of breastfeeding parents experience chronic lactation insufficiency. Given the ∼3.6 million live births in the United States in 2020, we can extrapolate that this issue affected anywhere from 180,000 to >500,000 breastfeeding dyads in the past year alone. These parents are not able to feed their children the biologically optimal source of nutrition for infants, nor are they able to follow breastfeeding recommendations from major health organizations such as the World Health Organization, Centers for Disease Control and Prevention, and the American Academy of Pediatrics. The children of parents affected by chronic lactation insufficiency are also possibly missing the immune system benefits afforded by breastfeeding—a lack acutely felt during the COVID-19 pandemic. Finally, parents who plan to breastfeed and find themselves unable to do so often feel betrayed by their bodies. They may feel judged by family, peers, and health care providers, and hopeless about their lack of choice in how they feed their infants. This mélange of emotions may increase the risk for postpartum mood disorders, another growing public health concern.""

Check out our article in Breastfeeding Medicine! Link in bio.

#lowmilksupplyfoundation
#chroniclowmilksupply #igt #lowmilksupply #lowsupply #breastfeeding #bf #chestfeeding #ibclc #lactationsupport #bottlefeeding #donormilk #combofeeding #pacedbottlefeeding #sns #supplementalnursingsystem #atbreastsupplementation #lactaid #bottle #triplefeeding #breastfeedingproblems #breastfeedingsupport #breastpump #pumping #exclusivelypumping #milkbank #health",2,2,correct,2,,
thehealthyhabitsmom,96,13,2018-10-30T16:00:15.000Z,"We made it to our first outing ON TIME, SOLO! 😱 So proud of us! We had an amazing meeting with the new Lactation Consultant at Sutter Davis, and she was fab! I learned so much about breastfeeding, myself (having a few/quite a few cards stacked against me), and Luke. Did you know only about 10% of women can breastfeed effectively off the bat? Did you know it takes a baby 49 steps to breastfeed? No wonder it’s so hard! Quadruple Feeding and Triple Feeding has been the hardest thing I’ve ever done in my life, and these last three weeks have been filled with many tears (hello Baby Blues!), but also a ton of love. I feel grateful we’ve made it this far in our feeding journey. Very proud of both Luke and I, and no matter the end outcome for us, I know fed is best. ❤️
.
.
.
.
#fedisbest #breastfeeding #breastfeedingsupport #lactationconsultant #sutterdavis #triplefeeding #newbornlove #boymom #momguiltfree #tonguetied #preemie #pcos #babyblues #lukejosephbartlett",2,3,incorrect,2.5,,
igtandlowmilksupply,95,25,2019-08-05T20:25:16.000Z,"Triple feeding is an exhausting routine and a family should never be left with this recommendation without a follow up or realistic longterm plan. Many parents are triple feeding for weeks and months, some head into a depression and don’t enjoy their entry into parenthood. ⁠

We deserve better lactation support. Join us for more resources and parent-to-parent support via our Screening Group (see bio link) 
#lowmilksupplyawarenessday #igtandlowmilksupplysupportgroup #igtandlowmilksupply #igt #lowmilksupply #lowsupply #normalizebf #normalizebreastfeeding #worldbreastfeedingweek #wbfw #atbreastsupplementation  #breastfeeding #bf #perceivedlowmilksupply #ibclc  #bottlefeeding #donormilk #mixedfed #pacedbottlefeeding #lactaid #bottle #triplefeeding #breastfeedingproblems #breastfeeding #supplementalnursingsystem #postpartum  #lactationcookie #lactation #galactagogues",2,1,incorrect,1.5,,
aurorabaron,94,10,2020-08-07T00:47:52.000Z,"It's world breastfeeding week and national breastfeeding month! Breastfeeding is a lot of things. It's magical, but it also sucks and it's not easy, especially for something that is supposed to be so natural! 

Juniper and I are 21 days into our breastfeeding journey. I've cried tears of pain because my left nipple was so raw from Junie not latching correctly. And I've cried tears of joy when my milk finally came in. 

I was warned. You may not be able to breastfeed or you might try it and decide that it's not for you and that's okay. Well, it's true...it's hard and I've thought about just switching to formula to spare my boobs and get hours back off my day which have been devoted to triple feeding - Breastfeeding, pumping, and feeding every three hours around the clock. Thank goodness for lactation consultants and nipple shields - there's hope for my shallow nipples! I'm still ramping up my milk supply so Junie and I work at it around the clock. And when I can't produce enough and she's still hungry I give her formula instead of stressing out, because stressing out actually affects milk production.

I love breastfeeding Junie (but not at 3am…she gets a bottle then because I need sleep). Breastfeeding is a special time, our time, when everything slows down - She's taught me to slow down and enjoy the moment. She grabs on to my boob or hand with her little hand and we make eye contact. I get to brush her little hair back, study her movements, breathing and every little inch of her as she grows right before my eyes.

So to all the moms out there who have breastfed a child or children, hats off to you! To those who decided not to breastfeed, those whose who couldn't and those who decided it wasn't for them, hats off to you! To those who are on their breastfeeding journey, keep at it - You got this! Motherhood is tiring but it's mostly beautiful, especially when you have a circle of moms sharing wisdom and cheering each other on. So thank you ladies! 

#tldr #worldbreastfeedingweek #nationalbreastfeedingmonth #triplefeeding #postpartum #fourthtrimester #motherhoodintheraw #breastfeedingmama #normalizebreastfeeding #themostinterestinggirlintheworld",2,3,incorrect,2.5,,
lowmilksupplyfoundation,93,1,2022-02-13T23:33:57.000Z,"Let’s talk about the “C” in Chronic Low Milk Supply (CLMS) and why the terminology we use matters. 

If you’re a parent with low milk supply and you’ve discussed your supply issues with anyone, you’ve probably been advised to try common interventions like increased pumping/nursing, more skin-to-skin, different size flanges, herbal galactagogues, prescription medication and more. 

While this advice is well-meaning, it’s important to realize that for 10-15% of lactating parents, these interventions will not lead to a full supply because the cause(s) of their low supply are more complex.

It’s also important to note that often, these parents have already tried all of these suggestions (and more!).

By using the terminology “chronic low milk supply,” the LMSF seeks to clearly delineate CLMS as a type of low milk supply that does not respond to common interventions; is likely related to an underlying health condition and/or lack of glandular tissue; and that requires a deep and nuanced understanding of the causes of low supply in order to be properly addressed. 

We also want to empower parents with CLMS to quickly signal to medical providers, lactation professionals and others that their low supply is a medical concern, not a management issue.

For more information about how to approach CLMS, visit our website (link in bio)!

#lowmilksupplyfoundation
#chroniclowmilksupply #igt #lowmilksupply #lowsupply #breastfeeding #bf #chestfeeding #ibclc #lactationsupport #bottlefeeding #donormilk #combofeeding #pacedbottlefeeding #sns #supplementalnursingsystem #atbreastsupplementation #lactaid #bottle #triplefeeding #breastfeedingproblems #breastfeedingsupport #breastpump #pumping #exclusivelypumping #milkbank #health",2,2,correct,2,,
nourishtonurturenutrition,91,23,2024-01-15T21:33:55.000Z,"Thankfully awareness of non-IgE allergies is becoming more common-which means more parents are getting the support they need to manage them. This type of allergy can be hard to diagnose and manage especially in little bubs.

Unfortunately, we do have the highest rates of food allergy in Australia with 1 in 10 infants having a food allergy. 

The really tricky thing is that a lot of the symptoms we see in non-IgE allergy are also similar to “normal newborn fusiness” and the spectrum of what is “normal” for baby poo can also make it confusing for parents. 

I have lost count of the number of parents I have seen that were told that their baby was just “purple crying” and that it was usual behaviour to be crying all day and night. That as long as they are gaining weight gain “it’s okay”…..Yes- some babies are more unsettled as they find their way in the world (it is a lot to get use to!) but if you also see this alongside other symptoms we have flagged I would really suggest you look into support to explore food allergy or intolerance. 

Lastly- even if it isn’t an underlying medical condition causing your little one to be more unhappy this doesn’t mean you don’t need or deserve support. Babies need us deeply and some babies need a lot more support than others. This in turn means we need to be supporting these parents more. So no matter the “why” behind “why” you’re having a hard time- ask for help and support. Find a GP that listens and gets to know your family. See your Maternal Child Health Nurse and ask what supports are available. Talk to a lactation consultant if breastfeeding isn’t feeling right. Chat to a dietitian if you think food is an issue before you start cutting anything out. 

*not all symptoms here will be present or in the same degree. This is not an exclusive list. 

#allergy #allergymom #allergymum #allergybaby #cmpa #cmpi #dairyfree #soyfree #eggfree #foodintolerance #colic #colicbaby #purplecrying #sleepcycle #gentleparenting #sleeptraining #startingsolids #blw #babyledweaning #breastfeed #breastfeedingmama #pumpingmom #triplefeeding #lactation #foodintolerance #dietitian #babydietitian #babynutrition #babiesofinstagram",2,2,correct,2,,
erimarrey,91,15,2020-12-04T03:47:30.000Z,"This is the face of satisfaction knowing my baby is fed. I used to believe “breast is best” until trying to achieve it left me so depleted in my already fragile postpartum condition. I did all the things, drank all the drinks but it didn’t work and I felt broken both inside and out. Deciding to transition fully to formula was a heavy decision. The Erika from last year would have been disappointed at my body for not doing what it was “supposed to do” but I have a #csection scar that proves my body is worthy of being celebrated. So I hope this post finds the mama that is up at 3 am #powerpumping or the mama that is eating lunch at 4 pm because #triplefeeding has kept her busy. If you’re on the fence about transitioning to formula because you feel you have to prove to yourself and the world that you love your baby, how you feed your baby will not takeaway from your love for him/her. It’s ok to grieve the #breastfeeding journey you lost, but it’s ok to feel ok about deciding to transition to formula for your own well-being. #bottlefed #formulafed #formulafeeding #normalizeformulafeeding #fedisbest #postpartum",2,2,correct,2,,
symmone,89,11,2021-03-03T08:57:33.000Z,"The glory of post partum with another tongue tied baby. 
Pump on, squishy belly out and boobie milk in his tummy ❤️
.
.
.
#postpartumbody #postpartumjourney #fourthtrimester #newborn #pumping #breastmilk #tonguetie #exclusivepumping #breastfeeding #triplefeeding #ardo",2,2,correct,2,,
ivfgotthis_baby,89,35,2020-01-30T19:51:00.000Z,"Fed is best. Whether you breastfeed, pump, formula feed or a combination - if your baby is fed you are doing this whole mom thing right!!!
•
1.Take a BF class during your third trimester and bring your spouse; it is so important to lay the groundwork before baby’s birth (a *lot* to learn!). This class will cover the latch, BF positions, and baby’s “feeding cues”
2.After birth, it will take TIME; I’m 99% sure BF does not come natural nor easy for anyone. It takes a few weeks for you and baby to figure this out; try not to get frustrated and just keep trying
3.Have the hospital’s Lactation Consultant help you with the latch as many times as possible before you leave
4.Be proactive with pumping (if ok’d with the hospital LC) - they had me pumping 15-20min by day 2
5.Have bottles sterilized and ready to go when you come home, just in case. I didn’t plan on introducing a bottle so early, so all my bottles were still in boxes. We had to since she lost 13% of her birthweight and were #triplefeeding
6.Ensure you have breastmilk storage containers for refrigerator and freezer 
7.When you are starting out, put a warm compress on your breasts for 3-5 min and lightly massage to get things going (I used the same small compresses from my PIO injections; Thrive heat packs, Amazon)
8.Have a comfortable chair to sit in while feeding your baby; the nursery glider worked way better for me than in my bed propped up with pillows
9.Under the Affordable Care Act (US), health insurance companies are required to provide you with a breast pump; get yours for free and do not add this pricey item to your registry. I like the #medelapumpinstyle
10.BF support and free resources: @lalecheleagueusa is nationwide and most cities have additional local & hospital groups
11.Have a #boppypillow and nipple cream(s) on hand! You will use these things 8+ times a day!!
•
#ttctribe #ttcjourney #infertility #infertilitysucks #infertilitywarrior #infertilityawareness #infertilityjourney #infertilitysupport #unexplainedinfertility #pcos #pcossucks #pcosawareness #ivf #ivfcommunity #ivfjourney #ivfsupport #ivfsuccess #mthfr #ivfstrongertogether #ivfpregnancy",3,2,incorrect,2.5,,
nourishtonurturenutrition,88,7,2022-08-05T01:23:17.000Z,"It’s world breastfeeding week.

We have all seen posts about the amazing benefits of breastfeeding for bub and mum, but amongst all the well meaning posts trying to raise awareness and celebrate breastfeeding there is also the potential to trigger, guilt or shame parents that struggled or couldn’t breastfeed.

For many parents of bubs with allergies breastfeeding is tough and sometimes impossible. Many parents are also told they need to stop breastfeeding and use formula, which isn’t always the case- if someone wants to continue they usually can with the right diet and support. But as a parent you trust the advice you’re given by health professionals and don’t want to make things worse. Many parents later discover that they could have continued, with the right support, and feel intense guilt that they didn’t push harder in the moment. It’s really tough❤️

So if you’re struggling with breastfeeding, whatever the cause, or feel triggered this week, I see you.

We need more education for health professionals to support parents who want to keep breastfeeding their allergy bubs.x",2,2,correct,2,,
shebamccants,87,24,2019-08-02T02:09:30.000Z,"h a p p y #worldbreastfeedingweek 2019 🤱🏿🤱🏾🤱🏽🤱🏻🤱🤱🏼 #normalizebreastfeeding
.
over the last 9 weeks, #breastfeeding has become a passion of mine. here is a little piece of my #breastfeedingjourney so far:
.
Since the second day in the hospital after our twins were born, we were #triplefeeding the twins (breastfeeding, bottle feeding with pumped milk/donor milk and pumping) and working with #lactationeducation specialists. There was a point where I was pumping 8x/day and feeling very depleted. I mentioned this to another #twinmama and it was she who gave me the encouragement I needed — and for the last six weeks we have been successfully #tandembreastfeeding! This had been a goal of mine all along - but it's not easy and I wasn't sure if I could do it - but I did it! This has been critical to getting the twins on the same feeding/sleeping schedule, which allows @kunkuwana and me to get the most sleep possible at this stage. The alternative is that we would be breast/bottle feeding literally around the clock, which was what we had been doing, and it was exhausting! We occasionally give them bottles of pumped milk/donor milk, but at this point, I am able to feed the twins primarily at the breast, which has been incredibly positive for all of us!",3,1,incorrect,2,,
lowmilksupplyfoundation,86,4,2021-10-09T23:35:36.000Z,"""I was 100% confident in my ability to create a full supply, despite my baby being in the NICU. Even pumping seven to eight times per day on the advice of hospital LCs, I couldn't.""

When hormonal issues are compounded with birth trauma, separation from baby, and other complications, it can feel like a wild goose chase trying to pin down the root cause of low supply. Poor advice, vaguely explained supplementation practices, and being told to triple feed indefinitely only compound the problem, leading to many regrets and ""what ifs."" 

New parents don't know what they don't know. It's important for providers to offer appropriate guidance, with holistic physical and mental health in mind, rather than blanket statements about pumping more and adding 2 ounces of formula at every feed. Resources for parents and providers are key to our mission, so everyone gets the individualized healthcare they need.

#lowmilksupplyfoundation
#chroniclowmilksupply #igt #lowmilksupply #lowsupply #breastfeeding #bf #chestfeeding #ibclc #lactationsupport #bottlefeeding #donormilk #combofeeding #pacedbottlefeeding #sns #supplementalnursingsystem #atbreastsupplementation #lactaid #bottle #triplefeeding #breastfeedingproblems #breastfeedingsupport #breastpump #pumping #exclusivelypumping #milkbank #health",2,2,correct,2,,
latch.ie,85,21,2021-05-23T09:38:50.000Z,"Triple feeding, ie pumping, bottle feeding AND breastfeeding, a lot of work and should rarely be a longterm solution to a breastfeeding problem. Most women find it unsustainable. I see a lot of clients who have been told to triple feed - breastfeed for 15 minutes on each breast, top baby up with a bottle, and then double pump for  20 minutes - into infinity and beyond. Often there is no time frame given to this strategy, no end point discussed, eg ""do this until....."". I know it's not always possible to definitively state when triple feeding should stop, but women need to be reassured that it's not forever, and only part of a longer term plan. 
If you are triple feeding, talk with whoever is supporting you with breastfeeding about 
- the timeframe. How long are you going to do this for?
- what is manageable for you? 8 pumps a day? 5 pumps a day? 3 pumps a day? It has to be manageable. 
- what's the goal? increasing milk supply? waiting until baby is feeding more effectively at the breast? how will you know when you have reached the goal? 
- are there alternatives to triple pumping? 
- what do you really want? 
#breastfeeding #lactation #triplefeeding #ibclc #pumping #expressing #lowmilksupply",1,1,correct,1,,
thinklikeamom_,84,15,2021-10-05T17:27:09.000Z,"A Lactation Consultant should be supportive all feeding methods! ⁣
⁣
✨ Yes our specialty is breastfeeding, but that doesn’t mean that LC’s should be mean, judgmental, or non supportive of families that choose not to breastfeed! (And they shouldn’t try to persuade them to breastfeed).⁣
⁣
✨ When I first went into this profession fresh from taking my IBCLC board exam, my LC mentor @janiyamwilliams_ taught me that formula was not bad. She also taught me that the breastfeeding parent’s emotional health and a fed baby was more important. ⁣
⁣
✨ I was taught how to assess breast anatomy and medical history in relation to breastfeeding. I was also taught how to identify signs of low milk supply and inform families of multiple feeding options that would work best for their needs so they can make an informed choice. She was the first LC I knew that practiced this way and I’m forever grateful to have had her as a mentor. ⁣
⁣
✨ Exclusive breastfeeding does not work for everyone. Your Lactation Consultant should be able to assess what your feeding goals are and then do a thorough medical and breast history. ⁣
⁣
✨ From there you should be presented with realistic feeding options that are specific for you and your baby’s needs. You should be able to make an INFORMED choice on how you want to feed your baby without judgement. Ideally this should happen prenatally. ⁣
⁣
✨ My heart really hurts when I hear of stories of LC’s that were not supportive or not realistic of parent’s feeding goals and decisions. ⁣
⁣
Did you have informed feeding choices presented to you when deciding which method to feed your baby? ⁣

#thinklikeamom #informedfeeding #breastfeeding #formulafeeding #breastfed #breastfedbaby #formulafedbaby #formulafed #combinationfeeding #triplefeeding #exclusivelypumpingmama #exclusivepumper #exclusivepumping #breastfeedingmom #breastfeedingfamilies #triadmoms #lactation #lactationconsultant #lactationconsultantmom",2,2,correct,2,,
beairded_housewife,80,5,2021-05-14T21:17:38.000Z,"• Gwen Eryn Beaird • FOUR months ❤️
.
Mommy’s late with this post, as always 😂 but oh my goodness so much has happened in this last month!!
.
Gwen has been in a healthy daily rate of weight gain since March 19th!! 🙌🏻🙌🏻 and because she’s so strong in her core and neck her Pediatrician recommended we start with an avocado purée 🥑🥑🥑!!! Swipe to see her reaction 😍 
.
She’s rolling and scooting all over the place, she still looooves any toys that play music and light up. And we’re on teeth watch 👀👀👀 She is pure joy and we are still so in love (even when she yells at us 😂 that “cute little baby cry” is way gone!!)
Check out my facebook for even more pics and videos!! 
.
#fourmonthsold #biggirl #breastfeedingjourney #triplefeeding #avocadolover #babymilestones #babyupdate #purejoy #girlmom #firsttimemom #daddysgirl #christianparenting #muggleborn #harrypotter #videogamer #bowsfordays🎀 #lovemybabygirl",2,2,correct,2,,
expat_fitlife,79,14,2022-05-21T14:26:44.000Z,"The days are numbered 🥲🤱🏻
•
Little B is still latching but we are rapidly taking a turn to #exclusivepumping … and once that happens, I won’t be doing it for long. Maybe 2-3 months max. Maybe less 🥶

I just don’t have it in me to do it again, y’all. There are other things more important to me, like being able to hold my baby and play with my other kids and help on the farm and actually live a NORMAL LIFE than to be attached to the pump 8-10x a day.

It’s a surprising twist, but unfortunately, Benny’s latch is just so, so shallow. After increasingly slow weight gain it was determined he’s not transferring enough milk, so I started to pump after every feed and top him off… and between that and not being able to wake him to nurse during the night whatsoever, and having to pump every 2-3 hours overnight instead…. And all the g*dd@mend gear and dishes and the pumping schedule… Omg.

I 👏cannot👏 do 👏it 👏again.

When I EP’d with my middle child, I kept going because I felt so guilty for not providing him with my milk. I felt selfish for wanting to quit.

But this time, I feel selfish for continuing. I feel so guilty not being able to be present for my other kids, it gives me a claustrophobic panic being tied to this pump (wearables don’t work for me).

Due to a shortage of midwives at my local hospital, they shut down the lactation consultancy and I just can’t be bothered with the drama of resolving a THIRD breastfeeding journey. I’m just over it. I just want a fat, happy, thriving baby. 

Do I feel like an asshole for deciding to quit BFing? Yes. It gives me a lot of anxiety. But it is the right decision for our family as a whole, and I literally DESPISE(!!!) pumping, I loathe every alarm 🙈

So, send me all the vibes of strength to make the decision I know is best for everyone as a whole, because the mom guilt is severe over here 🥴🫠
•
•
•
__________________________________________
#breastfeedingjourney #triplefeeding #momlife #exclusivepumping #exclusivepumper #toughdecisions #fedisbest #mentalhealthmatters #momguilt #momguiltisreal",2,2,correct,2,,
latch.ie,78,6,2024-06-10T16:16:07.000Z,"This was an important finding from the recent paper I published in Breastfeeding Medicine*. 

It doesn't mean that triple feeding should never be recommended, or that mothers who have low milk supply should not triple feed. 

The finding that the combination of primary low milk supply and triple can negatively impact a mother's health suggests that mental health and maternal well being should be factored in when creating care plans for mothers who have low milk supply. 

If you need help with breastfeeding and low milk supply, seek support from an #IBCLC. 

#breastfeeding #lactation #triplefeeding #lowmilksupply #primarylowmilksupply 

*Whelan, Caoimhe, Denise O'Brien, and Abbey Hyde. ""Mother's Emotional Experiences of Breastfeeding with Primary Low Milk Supply in the First Four Months Postpartum: An Interpretative Phenomenological Analysis."" Breastfeeding Medicine 19, no. 3 (2024): 197-207.",1,1,correct,1,,
motherhoodmuscles,78,22,2022-05-29T00:30:43.000Z,"Survival Saturday 🥲 

Maybe they should remind you that even after you’ve had a child, there’s always something new to learn…. Things are always changing so why didn’t I assume this 🤷🏼‍♀️😅

I know having a big break between kiddos didn’t help my learning curve- but so much has changed. 🥴

Before, you couldn’t mix different temperatures of breastmilk.
Now, mix em up, sis!

Before, the epidural completely numbed your lower half.
Now, you have limited mobility and more feeling.

Before, it was taught to me that comfort nursing was okay.
Now, I’m told I shouldn’t because it doesn’t help her learn.😵‍💫

🤯🤯🤯🤯 WHAT? 😳😳😳😳

I am going with the flow and trying to keep up with all the things- but at the same time…. My most important thing is making sure she’s fed & healthy. 

What this consists of for us right now : “triple feeding”

When she’s hungry, I nurse her for 15-20 mins on each side. 
Then I feed her 45ml of my milk out of a syringe and tube. Sometimes this can take another 20 mins 😣 
After that, I hook up to electric pump and spend another 30 minutes to keep up with her supply needs.
AND THEN, it’s time to nurse again in about 40 mins 🫣 

So…. We’re kinda just surviving right now 🤞🏻😂 

I know it’ll get better & she’ll get the swing of things.

Just sharing to let you know, if you’re struggling, it’s okay to JUST be surviving right now 😘 
.
.
.
.
.
#breastfeeding #breastfeedingstruggles #breastfeedingmama #supplementmilkbooster #triplefeeding #newmomlife #newbornstruggles #lazyeater #postpartumbody #postpartum #survivalmode #fedisbest",2,3,incorrect,2.5,,
dr.eliza.hannam,78,5,2022-05-27T01:13:13.000Z,"A shout out to the pumping Mammas! 
I know all too well that it’s generally thankless and exhausting work - especially all of the planning and bottle washing. 
Mamma, you are amazing. 

If you’re needing advice about pumping, this is something that a lactation consultant or other breastfeeding specialist can help with. 

#pumpingmama #pumpingmom #exclusiveexpressing #exclusivepumping #nicumama #nicumom #triplefeeding #lactationsupport #ibclc",2,2,correct,2,,
debekenworthy,78,24,2022-03-14T16:02:15.000Z,"What a journey this was for us little lady…

You started off strong. 
Then mama struggled. 
Supply was down. 
Then the triple feeds.
I tried hard to balance nursing and pumping and spending time with you and your sister.
People questioned my decision to nurse. 
I questioned my own ability to keep nursing once I went back to work. 
It was a journey filled with ups and downs and snuggles and so much happiness and love. 
I didn’t know that this time would be one of our last together. You ran this show. And I often had to remind myself that you were in charge. 

I cried when you decided you were finished. It hurt me to my core. But it was a decision you made all on your own and I respect it. 

Thank you, my love, for letting me nourish you for as long as I did. Thank you for all of the extra snuggles and time we got together that was just ours. My body needed so much help to bring you into this world, but I’m so happy I was able to sustain you for so long. Some of my hardest days as a mother were also the very best and watching you grow has been nothing short of amazing. 

And now all I can say is what a journey it was and here’s to new ones💖 
.
.
.
.
.
#mybreastfeedingjourney #weaned #16monthsofbreastfeeding #breastfeedingmomma #marylandmom #thebondbetweenus #triplefeeding #momof2girls #deivfsuccess #deivfmama #ivfover40",3,2,incorrect,2.5,,
tonguetieexperts,77,1,2022-07-01T16:00:21.000Z,"A common myth we hear is that babies need to eat every 2-3 hours. 

Babies do not feed by the clock, they feed on demand. And not every feeding is exactly the same when you're breastfeeding.

Unless baby has health issues, do not wake a sleeping baby to feed them, as long as they are getting 8-12 feedings in 24 hours. 

If you are expecting a baby, a new parent, or a physician and would like to get back to the basics of breastfeeding, join us in episode 9 of the Tongue Tie Experts podcast. 

#enoughmilk #lowmilksupply #pumpingmom #exclusivepumping #supplementing #formulasupplement #formulashortage #Nipplepain #latch #ibclc #PCOS #Breastfeedingafterbreastsurgery #pediatricians #insufficientmilksupply #IGT #powerpumping #Howmuchmilk #galactogogues #lactationcookies #Feedingcues #swaddling #feedondemand #skintoskin #increasemilksupply #moremilk #makingmoremilk #triplefeeding",2,2,correct,2,,
igtandlowmilksupply,77,1,2019-08-05T23:45:04.000Z,"No matter how many parents are dealing with chronic low milk supply, ALL deserve better support. See our bio link for resources and links. ⁠
⁠
⁠
#lowmilksupplyawarenessday #igtandlowmilksupplysupportgroup #igtandlowmilksupply #igt #lowmilksupply #lowsupply #normalizebf #normalizebreastfeeding #worldbreastfeedingweek #wbfw #wbw #chestfeeding #sns #atbreastsupplementation  #breastfeeding #bf #perceivedlowmilksupply #ibclc #clc #bottlefeeding #donormilk #pacedbottlefeeding #lactaid #bottle #triplefeeding #breastfeedingproblems #breastfeeding #supplementalnursingsystem #theMyth",2,2,correct,2,,
aloha.nutrition,77,20,2019-05-19T18:16:04.000Z,"T R I P L E  F E E D I N G

Triple feeding is when you breastfeed, then pump, then bottle feed. It is very exhausting and very time consuming. Usually triple feeding is recommended to help boost moms milk supply or to help with baby’s weight gain.

Perhaps baby isn’t transferring well and is not removing the milk effectively therefore compromising mom’s milk supply. Whatever you pump, you would give to your baby afterwards to help with weight gain.

While triple feeding demands your body to make more milk, it’s also very time consuming. You nurse for 20-40minutes, then pump for 20mins then you have to bottle feed which you can either hand off to someone else, or you spend another 15minutes bottle feeding. Then you have about an hour break before you do it all over again 😅

Well one recommendation I give moms, is to pump WHILE you’re nursing. You put your baby on one side while you pump the other. You can then bottle/cup/or spoon feed your baby the milk you pumped. It’s like killing two birds with one stone.

To do this, I recommend 1️⃣getting a hands free pumping bra like @medela_us Or @simplewisheshandsfree 2️⃣Get the bra and pump situated first. 3️⃣Pull one side of the bra below your breast that you plan on nursing on. 4️⃣Latch your baby and 5️⃣turn the pump on.

Studies have found that double breast stimulation yields more milk, an extra let down, and even a higher fat content!
.
.
🔺Disclaimer- I myself am not triple feeding, I just wanted to show this hack to save you time

Are you a triple feeder? Tag a triple feeding mama you know and help them cut their time in half!
.
Nursing shirt from @motherhoodmaternity
.
.
. 
#triplefeeding #breastfeeding #breastfeedingmama #bottlefeeding #fedisbestwhetherbottleorbreast #pumpingmama #medelapump #motherhoodmaternity #pumpingforthebaby #nursepumpbottle",3,3,correct,3,,
thebreastfeedingpediatrician,76,2,2022-08-18T01:43:10.000Z,"Like 85% of women, I planned to breastfeed my baby. 

By the time I was pregnant with my first baby, I was already a pediatrician. I thought I had a good idea of what breastfeeding would be like. Sure, there may be some challenges but nothing I couldn’t work through, right?

I was wrong. The first 6 weeks of learning to breastfeed turned out to be the most challenging 6 weeks of my life— more difficult than any stretch of medical school or residency. It was full of pain, pumping, crying (both me and baby), leaking, and refusing. 

What would I tell myself if I could go back in time? 

Have your resources and support lined up before you deliver. Anticipate that there are going to be issues and know exactly who to call when they happen! And have multiple resources to call. When I tried to get an appointment with a lactation consultant, the earliest appointment was 5 weeks away 😳

I would also tell myself to set small goals. My initial goal was to breastfeed for one year, but after my daughter was a week old, the thought of doing it for a year was too daunting. My goal changed to one month, and at one month I reassessed and the new goal became 2 months, and so on. It was much easier to have a goal that seemed within reach during those trying first weeks.

If you are in the midst of this struggle right now, know that you are not alone!

#breastfeeding #breastmilk #pediatrics #pediatrician #pumpingmom #triplefeeding #lactation #skintoskin #supportisbest",2,2,correct,2,,
thecooper_triplets,75,0,2018-11-20T13:01:29.000Z,"Massive thank you to @tidy_tot for these amazing bib & tray kits. These will help my nerves for when we start the craziness of weaning!!! 🤪 I can’t wait to use these with the boys. And I know that their grandads OCD will be sorted now haha. Such a brilliant invention!! Head over to their page and check out the product. For all you mums who hate mess, this is your answer. #weaning #messyclub #babyleadweaning #toddler #baby #messyplay #gifted #influencer #triplets #triplefeeding #tripleweaning #tripletmess #messyboys #food #foodphotography #tripletsofinstagram #babiesbabiesbabies #babymess #bibs #highchairs #promo #motherhood #tripletlife #babylife #mummyblog #tripletblog",2,2,correct,2,,
thebethgrossmann,74,12,2023-08-02T17:26:24.000Z,"It’s #worldbreastfeedingweek and let me tell ya, friends, your breastfeeding friends deserve some celebration. 

During pregnancy I was (and still am) team fed is best. I said over and over that whatever was best for me and Otto was what we’d do. No judgment. But no one could’ve prepared me for the mental and emotional journey that I’d go through or the immense guilt that I’d feel when things weren’t magical. 

From a lack of support in the hospital to finding a tongue tie at 2 months old and having to recover from that (both Otto physically and my supply) to finding our groove with triple feeding it has been a rollercoaster. 

Some days I feel invincible and other days I feel like I’m not enough. Support from my amazing husband @matt.the.dingo , dear friends, our pediatrician, and even friends I’ve made on IG has made all the difference. Otto will be nine months in about a week and we’re still going strong and we still do 1 formula bottle a day. 

Finding the right products to make this all more comfortable has also been major. Shoutout to @davinandadley for the BEST bras/tanks, @idaho_jones for the silicone flanges that come in clutch for elastic tissue, and of course, the goat @spectrababyusa 

For my pregnant friends- if you’re planning on breastfeeding, find an IBCLC that you love NOW. Meet with them BEFORE you have a newborn to help you prepare. Don’t count on the hospital having a qualified lactation consultant available. And find peer support. People you can talk to about anything. (I’m happy to be there for you btw. This crap is hard and we need each other)

To the people with breastfeeding friends- check on them. Buy them a coffee and/or some snacks. Love them. 

And lastly, in the words of the great @snoopdogg “I want to thank me for believing in me, I want to thank me for doing all this hard work. I wanna thank me for having no days off. I wanna thank me for never quitting. I wanna thank me for always being a giver and trying to give more than I receive. I wanna thank me for trying to do more right than wrong. I wanna thank me for being me at all times.” ♥️

#triplefeeding #pumpingisbreastfeeding #plussizemama #plussizemom #plussizebreastfeeding",3,3,correct,3,,
milkybusinesslactation,72,1,2023-03-04T08:32:51.000Z,"Is this you? Very few women have pumping sorted. Most are winging it, putting up with pain and poor milk flow. 

Pump Better with our 60 minute online program. $10 off for the next 24 hours only with code ‘COUNTMEIN’

Still have questions? Drop me a DM 🧡👋🏼

#pumpbetter #onlinecourse #ibclc #lactationconsultant #pumpingmum #returntowork #triplefeeding #exclusiveexpressing #pumpingmom #sydneymums #brisbanemums #melbournemums #midwife",2,2,correct,2,,
lonalyfirefly,72,4,2020-03-29T13:19:21.000Z,"Happy 6 months of milkies Finn!
.
Today marks 6 months since we were able to stop supplementing his feeds with formula. Since Finn was a preemie the pediatrician at the hospital put him on a high calorie formula. We would nurse for 20 min and then Tony would bottle feed while I pumped. At 4 days my milk came in and instead of supplementing formula, we supplemented mama’s milk! Coming off the formula so fast was a big deal! The doctor said she rarely saw kids as early as Finn do so well with nursing! It was all too common for them to suddenly forget how to eat. I am absolutely blessed to be able to nurse my baby and after all the hard work to learn together it is finally second nature to us. .
#normalizebreastfeeding #triplefeeding #cookiecrisp  #mamasmilk #feedyourbabyanywhere #feedthebaby #6months4days",2,2,correct,2,,
positivebirthscotland,71,36,2021-04-11T21:22:39.000Z,"Have you heard of or used a 𝙎𝙪𝙥𝙥𝙡𝙚𝙢𝙚𝙣𝙩𝙖𝙡 𝙉𝙪𝙧𝙨𝙞𝙣𝙜 𝙎𝙮𝙨𝙩𝙚𝙢 (𝙎𝙉𝙎) or Lactation Aid? I think it is wonderful and it has helped lots of my clients recently. If you have used it, what was your experience?

#Repost @welcomebabies_lactation ⠀⠀
SNS uses a thin feeding tube, with one end attached to a syringe or dipped into a bottle of expressed breadt milk or formula and the other end is placed into baby’s mouth while they are nursing.⠀
⠀⠀
It allows baby to be supplemented with extra milk without having to use a bottle and can be very helpful in cases of low milk supply, breast refusal and also a great option for adoptive parents. ⠀
⠀
𝗕𝗲𝗻𝗲𝗳𝗶𝘁𝘀: ⠀
⠀
🤱🏼Baby receives ALL their milk at the breast. No need to top up after breastfeeding with a bottle or other device. This also helps maintain that positive connection with baby and the breast.⠀
⠀⠀
🤱🏽Baby will learn to nurse by nursing. The help of the flow of milk with the SNS encourages baby to suck more actively and stay more interested at the breast.⠀
⠀⠀
🤱🏻It can help increase your milk supply through direct sucking at the breast.⠀
⠀⠀
🤱🏾May help decrease baby fussiness at the breast.⠀
⠀ ⠀
If you are struggling with breast/chest feeding and are curious to see if using an SNS would be right for you, please reach out. ⠀⠀
⠀
#lactationaid #supplementalnursingsystem #triplefeeding #breastfeedingsupport #lactationconsultant #lactationsupport #lowmilksupply #lowsupply #supplyanddemand #breastrefusal #pumpingmom #newbornfeeding #adoptiveparents #adoptivemom #breastfeeding #breastfeedingpositions #breastfeedingproblems #breastfeedingmama #breastfeedingmoms #breastfeedingtips #chestfeeding #mamaandbaby #nursingmama #fourthtrimester 
#edinburghmums #newborn #edinburgh #glasgow #dundee",2,2,correct,2,,
pregnancyandpostpartumtv,71,1,2021-02-25T22:28:29.000Z,"So excited to share this collaboration video with Katie 👉 @the.breastfeedingmama 

I get so many questions (and concerns) around low milk supply I asked Katie to join me and share her top 10 strategies to increase milk supply!

We chatted about how to establish good supply in the beginning, how to increase supply fast (overnight), strategies like power pumping, switch feeding, triple feeding, using galactagogues and more! She also covers common pitfalls that cause low milk supply. 

You can find it new on the Pregnancy and Postpartum TV YouTube channel.

A big thank you to Katie @the.breastfeedingmama for so generously sharing all the info! 

Seriously she is amazing so go check out her resources! She does free BF Q&A on her Instagram, has tons of free recourses on her website as well as incredible breast feeding courses. 💞💞💞

Hope you are having a wonderful week!

.
.
.
.
.
.
.
.
.
#breastfeeding #breastfeedingmom #breastfeedingjourney #breastfeedingmama #breastfeedingsupport #thebreastfeedingmama #powerpumping #switchfeeding #triplefeeding #lowmilksupply #lowmilksupplyproblems #breastfeedingisbeautiful #normalizebreastfeeding #breastfeed #pumpingmom #pumpingmoms #pumpingmama #pumpingmilk #postpartum #postnatal #postpartumjourney #postpartumdepression #postpartumbreastfeeding",2,3,incorrect,2.5,,
breastfeedingaversion,71,3,2021-02-03T14:31:52.000Z,"I am honoured and grateful that I am part of this team. This book by @lucy.ruddle.ibclc is so so needed and there are so many unanswered questions from mothers I've supported in the past....so much struggle, so much heartache, so much missing information and so much shame.
.
This.is.the.paradigm.shift we need.
.
#mixedup
#breastfeeding 
#formulafeeding 
#pumping
#expressing
#combinationfeeding 
#nursingaversion 
#triplefeeding
#touchedout
#combifeeding
#supportisbest 
#informedisbest 
#shame
#guilt
#milkmaker",2,2,correct,2,,
thehealthyhabitsmom,70,6,2019-10-21T20:44:35.000Z,"We made it. We survived our first year as parents! It was hard. Sometimes very hard. It was also fun, sweet, and flew by way too fast. We’ve grown closer as a couple and kept a helpless human alive lol. Yay us! I wasn’t sure if we’d make it in the beginning 😉 but boy am I proud of how far all three of us have come. If you’re a new mom or parent, this post is for you. You’ll survive. You can do this. It will get better and easier. This/these baby/babies chose YOU in heaven to be its/their parent. No one else. You are killing it at this parenting gig.
#yougotthismama #yougotthisdad #realmomminwithdani #postpartumanxietyawareness",2,2,correct,2,,
lowmilksupplyfoundation,69,4,2021-11-25T19:51:49.000Z,"It’s been said before, but bears repeating: breastfeeding doesn’t have to be all or nothing! And even with low milk supply, it’s still possible to have a successful breastfeeding experience and take pride in your journey. 

This was the case for Desiree. After learning she was pregnant with her first child, “I was thrilled at the idea of being a breastfeeding mom,” Desiree remembers. “I read what felt like every book and article in existence and prepared myself with every tool known to mom: a pump, nursing pads, nursing pillow, nursing bras, manual pumps, Haakaas, the works. I threw out any formula sample I got, as well as the coupons, because I had no intention of ever using it.”

At her daughter’s first check-up, however, Desiree got the devastating news that she was not making enough to support healthy weight gain in her baby. “I began triple feeding with the help of my husband at every feed. It was thoroughly exhausting, both physically and mentally. I cried at almost every bottle I had to give her and every pump I had to do,” Desiree says.

With the help of a strict pumping regimen and Reglan, Desiree increased her supply to about half of her baby’s intake. More importantly, she found a way to redefine what breastfeeding success looked like for her. “I stopped pumping after feeds and just nursed and supplemented around the clock using the supplemental nursing system (SNS) or following with a bottle. After a long time of doing this, I found peace with my journey and maintained a strong nursing bond with my daughter until she weaned at about 1.5 years old.”

Every lactation journey is different, and every parent who wants to breastfeed deserves the support and encouragement they need to find success, whatever that looks like for them.

If you have a story about success with breastfeeding through low supply, we’d love to hear it in the comments!

#lowmilksupplyfoundation
#chroniclowmilksupply #igt #lowmilksupply #lowsupply #breastfeeding #bf #chestfeeding #ibclc #lactationsupport #bottlefeeding #combofeeding #pacedbottlefeeding #sns #supplementalnursingsystem #atbreastsupplementation #lactaid #bottle #triplefeeding #breastfeedingproblems #breastfeedingsupport",3,3,correct,3,,
bluuwaterr,69,5,2019-11-18T07:44:28.000Z,"i just learned that today is #worldprematurityday 🐣🌱 our sweet Desi Rose 🕊🌈🌹 came barreling into this world 5 weeks early, and although he came out as healthy as you could hope for with a preterm baby, it was a huge struggle. the hardest thing was feeding. we had to feed every two hours at first, and every feeding took about 90 minutes. Kevin would hold a syringe full of previously pumped milk in one hand, and run a tiny tube down my boob and into Desmond's mouth with his other hand. slooooowly we would push all the milk into his mouth. then I would try to breastfeed (and cry because he couldn't do it and I felt like a huge failure). then I would have to go pump for 30-40 minutes, and then I would finally get to sleep for 30 or 40 minutes before waking up to do it all again (they call it #triplefeeding). 🍼🍼🍼 I'm so grateful that, nearly 4 months later, feeding goes a lot smoother. Des is up to the 40th percentile in weight (vs. the bottom 1% at birth), and seems to be doing just fine.  grateful for our little buddy who insisted on getting here extra early🦁🚫🦀✅ ps thanks @bobbizanella for taking the picture,  I wish I had taken more of the whole process.",3,3,correct,3,,
jwp.ibclc,68,11,2022-10-18T07:54:32.000Z,"Is your baby drinking really fast from their bottle? Here are my bottle-feeding tips and favourite bottle feeding technique. 

If you and your baby are experiencing challenges with breastfeeding and your baby is requiring some milk through a bottle, it is essential to use the Paced Bottle Feeding Method.

Unpaced bottles can really compound fussiness at the breast, further leading to breastfeeding stress and possible breast refusal. 

I cover this PBFM in more depth in my Preparing For Breastfeeding PDF guide & workshop. As part of an in-home or virtual consultation, we also cover this PBFM, my recommendation bottles and other tips to integrate bottles into your breastfeeding routine. Link in bio to book online. 

SHARE this with anyone who is bottle feeding their new baby x
*Correct bottle feeding image is from Rachel O’Brien IBCLC. 
**If you have any photos of your baby enjoying a paced bottle please send them to me! Finding decent and correct ones on google is very hard!

#bottlefeeding
#pacedbottlefeeding
#bottlefeed
#EBM
#triplefeeding
#mixedfeeding
#breastandbottle
#babybottle
#breastfeeding 
#mum
#baby
#mom
#mother
#newborn
#preparingforbreastfeeding
#holisticlactation
#ibclc
#ibclcmelbourne
#ibclcnaarm
#breastfeedingmelbourne
#breastfeedingnutrition
#breastmilksupply
#jwpcare",2,2,correct,2,,
instinctualmothering,68,6,2021-07-31T15:44:05.000Z,"Fact: breast milk is superior to any other substance for babies. 

Myth: how long or if you feed your baby breast milk is correlated to how good of a mother you are or moral superiority.

Do not internalize this myth. Everyone makes risk based choices. 

I mean whole, organic vegetables and organic, pasture raised meats are the best choice to feed my kids. That’s a fact. 

Does that mean I don’t feed my kids granola bars and processed chicken nuggets? No. I don’t feel the anywhere near amount of shame that mothers are made to feel about their infant feeding choices. The fact that it’s better is just a fact. 

Own your choices and don’t let others make you feel shame ✨🤍✨",2,2,correct,2,,
mbmilkdocs,66,6,2022-09-15T12:39:24.000Z,"The physiology of making milk tells us that to make milk, milk needs to be removed from the breast often. 

When the baby latches well, that’s usually all that is needed. 

When the baby can’t latch well, then we need something else to remove milk- enter the breast pump.

Commonly what happens is in the first 2 weeks your baby may be not feeding well for a variety of reasons the most common are: 

Preterm
Jaundice
Injury
Low sugars
Other health reasons
Learning
Mom isn’t well
Breast swelling 

And if this happens parents are told to supplement (feed another way) and then pump. Parents often don’t understand the reason behind their need to supplement and pump - and when they can stop, wean and how etc. 

When supplementing and pumping starts, parents also become more concerned about their infants wellbeing and they have less trust and confidence in breastfeeding. 

Your baby’s reason for not feeding well may be past ( jaundice resolved!) yet you may question if it’s really ok to stop offering a bottle after breastfeeds. 

Pumping after every feed becomes exhausting and unsustainable-

Parents need to be INFORMED about why they need supplementation and then offered support and lactation care to get back to breastfeeding if that’s their intention. 

Pumping is an INTERVENTION that is needed sometimes. 

But if your baby can latch comfortably and they are healthy and growing well, and back to birth weight you can use the baby to help remove the milk. 

How? 

✅ increase skin to skin 
✅ switch sides when swallows stop to encourage more let downs and milk transfer
✅ breast compressions 
✅ offer your breast more often for more opportunity to get milk 
✅ offer your breast for comfort and sleep. All that stimulation helps! 
✅ Respond to your baby by feeding your baby on cue and give baby control with bottles by paced bottle feeding. 
✅ limit pumping to when you are using a bottle only, and baby isn’t latching at all. 
✅ stay close to baby (babywear) so you can see their early feeding cues, they stay calmer and they smell your milk. 
✅ supplement at breast 

If you are pumping and want to stop but are worried about losing supply or baby not eating enough-seek help.",2,2,correct,2,,
skilledlactationsolutions,65,11,2022-11-17T00:27:03.000Z,"Sometimes babies will move up or down a bit but still track on their curve. CHOP.edu says a ""downward change in growth across two major growth percentiles"" is Failure to Thrive.

Many times we see families who had falling percentiles for months that were dismissed until their baby was below the 5th percentile. It's SO much less work for you if you identify the cause as soon as possible so you can correct it. 

Weight doesn't stabilize by magic. Early intervention with an IBCLC is key. 

Bonus fact: Excessive sleepiness is a symptom of Failure to Thrive. SO MANY TIMES these babies are praised for being ""great sleepers"" when they're really conserving energy 😔

Share this to help other parents!

#IBCLC #lactationsupport #growthspurt #failuretothrive #triplefeeding #2monthsold #3monthsold #4monthsold #6monthsold #CMPA #FPIES #colic #plagiocephaly #torticollis #pediatricoccupationaltherapy #pediatricphysicaltherapy #pediatricspeechtherapy #cst #pediatricchiropractic #laserdentistry #tonguetie #liptie #breastfeedingsupport #chestfeedingsupport #bodyfeeding #newmom",2,2,correct,2,,
igtandlowmilksupply,65,0,2019-08-05T15:15:10.000Z,"ANY amount of breastfeeding or chestfeeding is an amazing feat. You should be proud ❤️⁠
⁠
#lowmilksupplyawarenessday #igtandlowmilksupplysupportgroup #igtandlowmilksupply #igt #lowmilksupply #lowsupply #normalizebf #normalizebreastfeeding #worldbreastfeedingweek #wbfw  #chestfeeding #sns #atbreastsupplementation  #breastfeeding #ibclc #bottlefeeding #donormilk #mixedfed  #pacedbottlefeeding #lactaid #bottle #triplefeeding #breastfeedingproblems #lowmilkmama #breastfeeding #supplementalnursingsystem #postpartum #breastpump #pumping #milkbank ⁠",2,2,correct,2,,
lowmilksupplyfoundation,64,3,2021-11-13T02:07:01.000Z,"Often, one of the first major clues a parent has that they have low supply is a precipitous drop in baby’s weight. This can be exacerbated by the common advice of “just keep putting baby to breast” if the baby is burning too many calories while trying to nurse. That was exactly the situation in which first-time parent Huda found herself. “When my baby was five days old we had to rush her to the ER because of severe jaundice and she had to be kept under the lights for 24 hours. I was told that it was because I had low milk supply, and she was starving. That made sense to me later, since at night she would only sleep for half an hour at a time and constantly be latched for hours and then cry!”

Unfortunately, Huda received little support or information about how to best sustain her supply while giving her baby the necessary supplementation. Instead, she was advised to eat oatmeal and pump more. “Pump, pump, pump and you’ll make enough milk” was something I heard way too many times,” she says. 

Even as baby gained weight, Huda was too afraid to nurse for long. “[I wish someone told me I] should latch the baby on as much as possible when she was not as hungry and top off with a bottle, and not chase numbers or ounces in the bottle,” Huda reflects. 

Parents like Huda who experience low supply should receive the support they need to understand their options. Even when supplementation is required to support weight gain, it’s still possible to keep baby at breast, maintain (and even increase) supply and meet your breastfeeding goals! 

For practical feeding tips, check out our website (link in bio). @LowSupplyMom is also a great resource!

#lowmilksupplyfoundation
#chroniclowmilksupply #igt #lowmilksupply #lowsupply #breastfeeding #bf #chestfeeding #ibclc #lactationsupport #bottlefeeding #donormilk #combofeeding #pacedbottlefeeding #sns #lactaid #breastpump #pumping #bottle #triplefeeding #breastfeedingproblems #breastfeedingsupport",2,2,correct,2,,
bumble.baby,64,15,2021-10-11T19:14:45.000Z,"With @lowsupplymom 

Kaia CLC shares her personal and professional experience with triple feeding, along with the scientific reasons you may have low supply, when to know, as well as gives great alternatives to find a happy medium for your family!

#lowsupply #lowmilksupply #lowsupplymomma #triplefeeding",2,2,correct,2,,
bornwellnewbornservices,63,1,2023-06-26T01:10:41.000Z,"Clara, I am going to miss our visits but we are so proud of how you have learned to feed, grow and thrive with breastfeeding. Way to go baby girl! 
And we love when siblings join us at lactation school📝
Teach them young☺️

#lactationschool #thelatchrn #breastfeeding #bottlefeeding #triplefeeding #eliminationdiet",2,2,correct,2,,
beyondbabywellness,63,9,2022-05-04T16:57:38.000Z,"UNEXPECTED PUMP LIFE ✨ 

My plan was to exclusively breastfeed at least for the first month of my baby’s life. We had bottles, a warmer, and a bottle rack, but I didn’t have them handy, as I thought they were something to worry about way down the line. I hadn’t even picked out my pump yet, and didn’t feel in a rush to do so.

Well, Benjamin coming almost 6 weeks early thrust me into the world of pumping REAL quick. Being that he was premature, his suck & swallow reflex was not yet fully developed, he had trouble latching, and on top of that, he had a slight tongue tie.

In the hospital, we only had Ben every 3 hours for a mere 30 minutes. It was too stressful to try and get him to latch properly in that short time AND assume he was getting what he needed, so pumping truly was our best option (we had already decided formula would be last resort).

Benny’s first feed was actually the colostrum that I collected during labor to get contractions going again. I had plans to collect my colostrum closer to my due date (lol to that) so I was kind of given that opportunity in a backwards way. 

Pumping did not (and has not) come easy. Despite having lactation consultant guidance in the hospital, I ended up almost having mastitis (but @pumpwithpurpose saved me). I have learned more about pumping in these almost three weeks than I ever thought imaginable. 

I don’t plan on pumping forever, and we are slowly transitioning from bottle to breast, but I am beyond thankful that it’s an option that still gets us to our goal—breast milk.

Moral of this story: don’t be like me and assume you don’t need everything prepped—plan for it ALL. And, most importantly, bottle feeding IS breastfeeding, and you can slap whoever says otherwise ☺️

#exclusivepumping #pumplife #postpartum #fourthtrimester #motherhood #preemie #preemiestrong #parenthood #combofeeding #triplefeeding",2,2,correct,2,,
igtandlowmilksupply,63,1,2019-08-06T07:45:05.000Z,"THANK YOU! We truly appreciate everyone who supports us on this journey: partners/spouses, family, friends, milk donors, and all of the health care providers who contributed to our success ❤️😍❤️⁠
#lowmilksupplyawarenessday #igtandlowmilksupplysupportgroup #igtandlowmilksupply #igt #lowmilksupply #lowsupply #normalizebf #normalizebreastfeeding #worldbreastfeedingweek #wbfw #atbreastsupplementation  #insufficientglandulartissue #breastfeeding #bf #perceivedlowmilksupply #ibclc  #pacedbottlefeeding #lactaid #bottle #triplefeeding #breastfeedingproblems #lowmilkmama #breastfeeding #supplementalnursingsystem #postpartum #milkbank #lactationcookie #lactation #galactagogues #doula ⁠",2,2,correct,2,,
sisu_mum_innovations,62,10,2023-04-06T18:26:59.000Z,"🤓OK! We know, we know!

💪Breast milk protects baby and adapts to strengthen the immune system when needed!

All that being said...

🍼Formula is an incredibly helpful tool and often an act of self love. Formula CAN be used to support mom on her breastfeeding journey and reduce stress! Maybe mom provides 1 or 2 formula bottles a day to get ahead. There are absolutely zero rules on what breastfeeding looks like and no standard of excellence. Exclusively formula feeding? YOU ARE DOING GREAT!!

💕It's important to remember that there's no one-size-fits-all approach and every mom and baby are unique. Let's support each other on this postpartum journey!

💝Share with a friend and follow along!

⬇️Did you learn anything or know of another breast milk fact?! Comment below!
.
.
.
.
.
.
#breastmilk #milksupply #pumpingisbreastfeeding #breastfeeding #breastfed #combofeeding #triplefeeding #newmom #liquidgold #pumpingmom #lactationsupport #infanthealth #infantguthealth #premiepower #nicu #breastpump #exclusivepumping #epmom #colostrum #breastmilkmagic #milkmaker #breastmilkbenefits #mothermilk #expressedmilk #nursingmom #pumpingatwork #pumpingatwork #formulafeeding",2,2,correct,2,,
feedingbaby.stl,62,31,2021-05-20T12:32:07.000Z,"Have you heard of triple feeding? 

It goes like this:

1. Feed baby at breast
2. Pump
3. Supplement baby pumped breastmilk 

This can be a helpful strategy in some cases, but it’s really only meant to be used for a few days. 

On a weekly basis, mothers walk into my office and tell me they have been doing this for WEEKS! 

Triple Feeding is NOT a long term solution to feeding a baby. It’s exhausting, and in my opinion, not sustainable for a mom and baby. 

Mama, this post isn’t here to tell you you’re doing something wrong. In fact, if you’ve been long term triple feeding, I think you’re a pretty hard core mama bear who is willing to do whatever it takes 😉😘. 

I just want you to know this is a really good reason to reach out to a feeding professional for help! We need to get to the root cause of the problem and come up with a sustainable feeding plan 🤍.",1,1,correct,1,,
igtandlowmilksupply,62,2,2019-08-05T22:00:14.000Z,"Shape is not a guarantee for success. Size is not a guarantee for low supply.⁠
⁠
⁠
#lowmilksupplyawarenessday #igtandlowmilksupplysupportgroup #igtandlowmilksupply #igt #lowmilksupply #lowsupply #normalizebf #normalizebreastfeeding #worldbreastfeedingweek #wbfw #wbw #chestfeeding #sns #atbreastsupplementation  #breastfeeding #bf #perceivedlowmilksupply #ibclc #bottlefeeding #donormilk #mixedfed #feedwithoutguilt #pacedbottlefeeding #lactaid #bottle #triplefeeding #breastfeedingproblems #lowmilkmama #breastfeeding #supplementalnursingsystem",2,2,correct,2,,
ibclcinca,61,2,2021-11-23T18:14:20.000Z,"When your baby is born 8 weeks early, everyone knows it's going to be challenging, and you get lots of extra attention and teaching. But when your baby is born 3 or 4 weeks early, they send you home and tell you everything's great and they're fine. No one talks to you about the extra attention THIS baby is going to need when it comes to feeding and growing and breastfeeding. Sometimes parents blame themselves for the breastfeeding issues that come with the territory for late preterm babies, and sometimes they assign characteristics to their babies like ""she's a lazy eater"" or ""he just doesn't like breastfeeding."" 
If you're a lactation care provider, a doula, a midwife, a nurse, or anyone else who is puzzled by Late Preterm babies and their breastfeeding issues, let's talk about these Early Birds. They deserve some extra attention - and so do their parents! 
Keep following for more on Early Birds and breastfeeding - the more you know, the more helpful you can be!
#LactationTrainingLab
#LactationCounselor
#LactationSupport
#IBCLCinTraining
#IBCLCLife
#IBCLC
#futureIBCLC
#aspiringIBCLC
#calltheIBCLC
#BreastfeedingAdvocate
#BreastfeedingFacts #midwife #nurse #postpartumnurse #infantsleep #sleepconsultant #doula #postpartumdoula #pediatrician #NICU #latepreterm #earlybirds #first100hours #handexpression #pumping #triplefeeding",2,2,correct,2,,
kathrynstaggibclc,59,4,2024-08-25T16:14:36.000Z,"What to do if you have low milk supply after the first couple of months

There will be a point where you may decide that you have maximised your production. This can be quite variable from one person to the next and depends very much on how well baby is feeding. Long term triple feeding is unsustainable so it may be a time to make peace with your production and begin to think about ways to make feeding more sustainable 

If you get to the stage where baby is latching well, having both breasts each feed, actively feeding and you are not able to express any greater volume of milk each 24 hours, this may be the time to reassess and move away from a full triple feeding regime

If you are finding that baby is settled after most breastfeeds and it is more of a slow weight gain issue that is the main symptom of supply, it may be necessary to give a few of bottles of donor milk or formula per day to maintain weight gain and just breastfeed responsively in between

But if you are finding baby is rarely settled after breastfeeds, you may need to give a bit of extra milk each feed. Some choose to offer a bottle feed at the end of the feed. Sometimes giving it mid-feed and settling baby on the breast protects the breastfeeding relationship more effectively. If baby is fussy and refusing to latch, the bottle could be given at the start of the feed and then baby settles on the breast

Another option is to give the extra milk with a tube at the breast, or supplementary nursing system. An SNS protects the breastfeeding relationship as the baby get supplental feed whilst breastfeeding without the need for bottles. Babies that have to have a lot of bottles are at greater risk of eventually rejecting the breast. They can be used for all feeds or some

Expressing is often the part that is least sustainable. And with low supply it may be for a small volume of milk. You may find using some breast compressions or switching back and forth a couple of times may encourage baby to take that milk. Once production is no longer being increased if baby is feeding effectively, expressing can usually be stopped. If baby is not feeding well then it may be prudent to keep some expressing",1,1,correct,1,,
skilledlactationsolutions,59,11,2022-08-31T00:19:36.000Z,"Weight checks are so stressful. Save these tips to have a successful weight check! 

1. Timing matters. Newborns should gain an average of 1oz per day until they're 4mos. If their last appointment was in the late afternoon and their recheck was in the early morning, that's a whole day's worth of feedings they didn't get to count towards their weight.

2. If your baby was in a clean newborn diaper for the last visit, make sure it's the same for this visit. This is especially important if you use cloth diapers. If your baby has a huge blowout before getting weighed, make sure to let your doctor know. 💩 weighs a lot!

3. DON'T walk into a weight check with a baby who hasn't eaten in 2hrs. Feed them in the car or in the exam room before the weight.

4. Babies should regain their birth weight by 2 weeks. If their weight still isn't trending in a positive direction, you need a plan that's not based on guesses or random numbers. Don't do a weighted feeding in the office, since office scales aren't designed for a newborn weighted feeding in grams. The only way to come up with an appropriate feeding plan is to work with an IBCLC. 

They can help you determine if nursing just needs to be optimized or if your baby needs a supplement. If so, they'll help you figure out how much, with what (syringe, cup, spoon, SNS, bottle), and support you in supplementing with your milk or formula. So often we see babies two weeks in who aren't nursing well or at all because of inappropriate supplementation in the newborn period. Get help BEFORE things go off the rails. DM us if you need help finding IBCLC support! 

#newbornbaby #newmom #lowmilksupply #milkbooster #lactationsupport #IBCLC #lactationcookies #triplefeeding #lactationtea #fenugreek #combofeeding #formulafeeding #breastfeedingproblems #breastfeeding #powerpumping #1weekold #3daysold #newborn #increasemilksupply",2,2,correct,2,,
helenalmond,59,4,2021-11-28T14:29:04.000Z,"I have managed 8 weeks of breastfeeding with insufficient glandular tissue. Doing triple feeding, breast/bottle/pumping. This is such a massive thing for me. 
My breastfeeding journey.
@the.milky.life

#breastfeeding #igt #8weekbreastfeeding #triplefeeding #pumping 
#insufficientglandulartissue",3,2,incorrect,2.5,,
amyfu46,59,5,2021-08-08T01:05:48.000Z,"Celebrating #worldbrestfeedingweek this year feeling so stinking proud that we’ve made it this far. After exclusively pumping and still having to supplement with baby #1, I was determined to make it work this time around and man has it been a battle every step of the way. 

First it was #reflux, then a dairy allergy, low supply and 2.5 months of triple feeding (nursing, supplementing through an SNS, then pumping at every single feeding), tongue and lip tie revision, and weeks of doing OT/PT exercises and stretches with baby to strengthen his muscles both before and after the surgery. When he finally graduated from the OT/PT/triple feeding, we discovered he was still reacting so then it was back to trying to pinpoint the trigger food(s), eliminating all forms of soy in addition to dairy, nuts, eggs, and eventually all top 12 infant food allergens. Starting back to work brought its own challenges with clogged ducts, pumping at work, pumping at home, pumping on vacation, supply being up and down and up and down. We finally made it to reintroducing the food allergens, and all along there was a constant nagging doubt of whether or not my body would cooperate and how it would respond to baby’s changing needs. 

This #breastfeeding journey is nothing short of a miracle in my eyes, and I am forever grateful for the incredible women who helped us along the way! We have been blessed with support from the most amazing IBCLC’s @nnlactation , @lactdev , in addition to @fedwellbaby , and Dr. Trill @free.to.feed — you ladies are true heroes in my eyes! 

I know every family’s journey is unique to that mother-baby dyad, and I want to applaud and support every mother who breastfed one drop, one hour, one day, one week, one month or beyond; those who EP, combo feed, and yes every parent who formula feeds as well. Feeding babies is not easy, no matter which way you do it. But you are all doing an amazing job!! Let’s lift each other up, support one another, and be there to cheer each other on, because we are all just doing our best to keep our babies happy & healthy & fed. 🙌🏻💯

#breastfeedinglife #triplefeeding #tongueandliptie #infantfoodallergies #top12free #dfsf #babyboy",3,2,incorrect,2.5,,
lowmilksupplyfoundation,58,1,2021-09-30T21:57:59.000Z,"We couldn’t let September pass by without discussing Polycystic Ovary Syndrome (PCOS), one of the leading causes of infertility and a commonly seen disorder among those with chronic low milk supply. 

PCOS is thought to be the most common hormonal disorder among women of childbearing age, affecting as many as 1 in 4 women between the ages of 18 and 44. As a “syndrome,” PCOS can vary in the way it presents; symptoms can also change over time. It is also incredibly underdiagnosed.

PCOS is fundamentally a women’s health issue that can have profound long-term mental and physical health impacts. And it is unacceptable that a condition that affects so many women is so little understood. We must join together to demand better from our healthcare providers, and our healthcare system in general -- better understanding, better research, better support and better treatments! 

#lowmilksupplyfoundation
#chroniclowmilksupply #igt #lowmilksupply #lowsupply #breastfeeding #bf #chestfeeding #ibclc #lactationsupport #bottlefeeding #donormilk #combofeeding #pacedbottlefeeding #sns #supplementalnursingsystem #atbreastsupplementation #lactaid #bottle #triplefeeding #breastfeedingproblems #breastfeedingsupport #breastpump #pumping #exclusivelypumping #milkbank #health #pcos #pcosawareness",2,2,correct,2,,
mamaleclt,57,7,2021-03-30T00:07:27.000Z,"Hey you! It's a Monday and I'm excited!!! You want to know why??? 

My mom's postpartum doula comes on Mondays (and Wednesdays and Fridays 🙌) !
This means that my mommy gets to rest more than usual when it's just both of us. 

I was born early and that's why I still get very tired when I eat. My mom is amazing doing everything she can to make sure I get that yummy food I love so much, but it takes a LOT of time! First she will breastfeed me, then pump and then give me a bottle. Triple feeding is hard !

When her postpartum doula is here, she can rest right after pumping! Her #postpartumdoula will give me a bottle and then wash and clean all the parts for the next feeding. 
Isn't that great?! While I'm getting fed mommy gets to rest or shower or eat !!! 

If you don't have a #4thtrimesterdoula I seriously recommend on hiring one !!!
💙 J.D 👶🏽
P.s - mom's #doula makes us happy 😍
•
•
#csectionrecovery #itsnotforever",3,3,correct,3,,
heartfeltbeginnings,57,7,2020-02-25T15:04:54.000Z,"Anyone else feel this? 🙋🏻‍♀️
•
•
Recently, I talked about how I spent the first several weeks of my daughters life #triplefeeding. It was exhausting and overwhelming and nursing was not becoming any more successful for us. After meeting with a third #lactationconsultant, I made the choice to #exclusivelypump. It was HARD and exhausting and there wasn’t much available to me in the way of resources, until I found accounts on Instagram like @chels.keeps.it.real @thecorporatedoula @bemybreastfriend @pump_momma_pump @exclusive_pumping These ladies not only made me feel seen and heard and represented, but they shared SUCH valuable information, product recommendations, tips and tricks! I’m forever grateful for the way they changed my #pumpingjourney. •
•
Here at @heartfeltbeginnings I am excited for the chance to share some of those resources and knowledge with clients, from determining which pump and flange size are best for you to finding the right pumping bra for your body and your needs - there are a lot of logistics to figure out & they shouldn’t take away from your desire or determination to pump. I’m here to help! ❤️
•
•
• •
#postpartumjourney #postpartumdoula #postpartumdoulasupport #thisispostpartum #newmomlife  #motherhoodsupport #ivfsuccessstory #chronicmom #chronicmomlife #momsofinstagram #pregnancyafteeinfertilitydoula #maternalhealth #maternalhealthmatters #everymomcounts #motherhoodunhinged #doulasupport #chicagomoms #chicagodoulas #doula #doulalife #doulasupport #heartfeltbeginnings #exclusivepumping #exclusivepumper #exclusivepumpingmom #pumpingmom #pumpingmama",1,1,correct,1,,
fem_ed,56,17,2024-08-11T22:25:10.000Z,"I missed #worldbreastfeedingweek , but here’s a meme anyway 🤪

As a first time mum, here is my personal recount of my breastfeeding experience so far: 

1. Breastfeeding doesn’t come naturally just because it’s “natural”.
2. My baby is learning to feed just as much as I am- It took us 12 weeks to get a proper latch. 
3. Stress and my environment notably impacted my milk supply. 
4. Being able to offer formula top ups has been an absolute blessing. 
5. Seeing a private lactation consultant was a very positive experience - thank you @ibclc.amy 
6. I wish I prioritised feeding education just as much as I did birth education prior to having my baby. 
7. No one told me just how thirsty you will be when you breastfeed 😂 or hungry for that matter. 
8. Triple feeding consumed my life for weeks - say no more.
9. Any expectations I had of how I would birth/feed/parent has completely gone out the window - and I’m okay with that. 
10. I will never judge how a mum chooses to feed their baby. 

#breastfeeding
#breastfeedingmeme
#pumpingmeme 
#triplefeeding 
#pumping",2,1,incorrect,1.5,,
gorgeousborges5,56,9,2022-01-31T11:22:09.000Z,A glimpse at 3am triple feeds with the cutest newborn there ever was! #4weeksold #thekelleybeanchronicles #triplefeeding,2,2,correct,2,,
mbmilkdocs,56,11,2020-07-14T12:52:27.000Z,"Sometimes the baby isn’t gaining enough weight, and mom is told to feed baby at the breast then pump then top up with a bottle. This is called triple feeding, because you are doing 3 things every time baby is eating. It also gets mom triple exhausted triple fast. Yup, that’s correct math.

What providers sometimes miss is the WHY. Why is this baby not gaining weight? It is not always because mom is not producing enough milk! In the early days after birth it can be due to factors that make it difficult for baby to transfer the milk from the breast.

Sleepiness (jaundice), shallow latch, not offering enough, tongue tie, jaw asymmetries, tight neck or bottle feeds (these will make the baby full so less likely to latch and eat from mom).

The WHY is the most important part, because if we can correct the reason the baby isn’t getting the milk, we can stop triple feeds.

Triple feeding is a temporary tool to buy some time to figure out the WHY. It keeps the baby fed while the provider makes a plan to get you back to feeding at the breast. Feeding at the breast on demand is the LEAST amount of WORK. We know women who exclusively breastfeed sleep more and have less rates of postpartum depression. Whenever triple feeds begin, we must ask how is it going to end? Sustaining it long term is not realistic. Most parents do not know how to stop triple feeds once they start. See an IBCLC for guidance.

#breastfeeding #newborn #newbaby #infant #supportbreastfeeding #breastfeedingmedicine #triplefeeding #donoharm #breastfeedinghelp #breastfeedingtips #ibclc #lactation #supportmoms #postpartumjourney #postpartum #ebf",1,1,correct,1,,
igtandlowmilksupply,56,4,2019-08-06T01:45:06.000Z,"Cookie cookie cookie 🍪 😋⁠
⁠
⁠
#lowmilksupplyawarenessday #igtandlowmilksupplysupportgroup #igtandlowmilksupply #igt #lowmilksupply #lowsupply #normalizebf #normalizebreastfeeding #worldbreastfeedingweek #wbfw #chestfeeding #sns #atbreastsupplementation  #insufficientglandulartissue #breastfeeding #bf #perceivedlowmilksupply #ibclc #triplefeeding #breastfeedingproblems #lowmilkmama #breastfeeding #supplementalnursingsystem #postpartum #breastpump #pumping #milkbank #lactationcookie #lactation #galactagogues",2,2,correct,2,,
igtandlowmilksupply,56,12,2019-08-05T17:20:06.000Z,"The side effects are serious. ⁠

There is a mistaken belief that these prescription galactagogues can cure ANY chronic low milk supply. Before self-prescribing or being prescribed Domperidone or Reglan, consider having your serum prolactin levels tested.⁠ Learn more in our bio link. 
#lowmilksupplyawarenessday #igtandlowmilksupplysupportgroup #igtandlowmilksupply #igt #lowmilksupply #lowsupply #normalizebf #normalizebreastfeeding #worldbreastfeedingweek  #atbreastsupplementation  #breastfeeding #bf #perceivedlowmilksupply #ibclc #bottlefeeding #donormilk #mixedfed #pacedbottlefeeding  #triplefeeding #breastfeedingproblems #lowmilkmama #breastfeeding #supplementalnursingsystem #postpartum #milkbank #lactationcookie #lactation #galactagogues #domperidone #reglan",2,2,correct,2,,
tyler_molia,55,16,2024-01-05T06:42:04.000Z,"__ Our feeding journey __ 🍈🍈

My favourite part of our day has always been our morning and evening quiet time together. I’m the first person he wants when he wakes and the last when he goes to bed. It’s the slow moments reading books, then breastfeeding and having cuddles and prayer time

But I feel that our routine is slowly starting to change as Jireh reaches the age of 2. I am honestly in awe that we have lasted this long on our breastfeeding journey 

It was touch and go for the first 3 months and It truly tested my patience and faith if this was even going to be our story. I had multiple professionals tell me that they didn’t think it would happen, but my mother intuition knew different

Three months we were triple feeding. I didn’t even know it had a name, but it’s breastfeeding then topping baby up with a bottle (pumped and formula) then pumping after. This routine would take hours in those early days

I had damaged ducts from his poor early latches, then my milk supply took a while to come in and was very low. And don’t even mention nipple shields to me again! Haha! I know they help so many but for me, Jireh just got so confused

Pretty much no sleep for this mama but I’m so glad I persevered and have loved every second of breastfeeding since (except from mastitis IYKYK)

I’m so proud of us!! 

So I’m not sure how to feel about the anticipation of this coming to a end soon. 

Any other mamas relate? ❤️ 

#breastfeedingjourney #triplefeeding",3,3,correct,3,,
kathrynstaggibclc,55,8,2022-08-29T09:50:14.000Z,"I'm working towards baby having fewer top ups
How do I know when to pump?
 
The answer to this is dependent on whether you are using just your milk to top up (1), or whether you are also using formula and whether you want to stop using formula (2 & 3)

Many families find themselves supplementing their baby's feeds with expressed milk or formula in the early days for a various reasons. And most then wish to stop once they have had some breastfeeding support or baby is more physically or developmentally able to exclusively breastfeed.

1) If you are using solely your milk to top up, then you just need to express what baby is taking. A good way to do this is to always have a top up un the fridge. And if you use it, replace it. So if baby has 40ml from a bottle or other way of supplementing, you need to pump 40ml. If you cant pump immediately, try ASAP

2) If you are reluctantly using formula to top up, you'll need to work on your supply. As baby gets more efficient they should need less top up (*if you have an underlying supply issue, please check out my combi/low supply highlight) So the first thing to do is to try to pump to replace some of the formula they are having. Once the combination of baby feeding better and getting more milk directly and you pumping means you are providing all baby's milk then follow step 1

3) If you are using some formula and are happy doing so then as baby needs less top ups you can begin to gradually pump less, as in step 1. Its best to aim to keep formula to 1 or 2 feeds in 24 hours for long term combi feeding, to reduce risk of breast refusal

Some will want to make a stash of milk for future emergencies. This is fine as long as you keep ""extra"" pumping to a minimum. And you only need one or two feeds in the freezer for a stash unless you know you are going to be away from your baby more than a few hours. So pumping once a day, or even once every few days is enough to make a small stash. Its important not to pump and store large volumes that your baby isn't drinking as this will give you an over supply and put you at increased risk of engorgement, blocked ducts, mastitis, unsettled baby, baby reflux, baby struggling to latch",2,2,correct,2,,
a_little_more_eco_mum,55,22,2022-06-03T20:29:41.000Z,"Effort 🥹
.
5 lots of pumping and one of those was a power pump 🫠
.
For her to guzzle in one feed 🙃
.
But. I am so bloody proud of that bottle of mummy milk 👍🏻
.
It’s funny as yesterday my first pump got 55ml. It’s so up and down but 60ml is basically the most I have pumped in one session so far 🫶🏻
.
Just hoping my efforts increase the supply 🤞🏻
.
.
.
#mamasmilk #breastfeeding #combifeeding #triplefeeding #boostingsupply #powerpump #powerpumping #lowsupplystruggles #proudpumpingmama #fourthtrimester #secondtimemum",2,2,correct,2,,
sarahelleoates,55,4,2022-07-22T06:12:23.000Z,"Feeding my baby: Part 2

I told myself that I would be easier on myself this time. That I would give myself grace. That I would accept if breastfeeding wasn’t working and I would use formula without judgement because Noah was formula fed and he is doing amazing. 
I told myself all of that and yet I did none of it. 

I originally wrote a whole post explaining why breastfeeding didn’t work this time. Writing about Lucy’s jaundice and the hell that is triple feeding. (And the particular subset of hell that is triple feeding with a demanding toddler) 

But it got deleted and I’m kinda glad it did because none of that matters. I realized in writing all that that I needed to release myself of the guilt. That I needed to remind myself that I’m a good mom no matter how my babies are fed. That I did my absolute best, and that is all that I can do. 

I’m still in mourning. Mourning once again a breastfeeding journey that I did not get to have. And that’s okay. I will allow myself to continue to mourn and also continue to do what is best for myself and my babies. 

So here are a few picture from my short-lived time breastfeeding Lucy. I loved every second I got the chance to nurse her and I will miss it terribly. 

#breastfeeding #nursing #formulafeeding #bottlefeeding #triplefeeding #jaundice #2under2 #twoundertwo #newborn #toddler #breastfeedingstruggles #breastfeedinginpublic #breastfeedingsupport #momguilt",1,1,correct,1,,
milkbud.lactation.prenatal,55,14,2021-06-03T00:14:28.000Z,"When clients call me for lactation help, they are often at the stage where they are TRIPLE FEEDING in order to keep their infant nourished. ⁠
⁠
This means they are: ⁠
1. Feeding baby at the breast⁠
2. Using a breast pump to pump extra milk⁠
3. Supplementing baby with bottles of breast milk or formula⁠
*actually, if you're using formula as well, you could also call this QUADRUPLE FEEDING (formula preparation adds a whole other level of work to this process- it's not the easy way out, people!).⁠
⁠
I don't think you need me to tell you why this is not the ideal situation, but: THIS SUCKS! It is so much work, stress, and aggravation, and isn't always necessary! It is a TEMPORARY feeding plan for when we are trying to boost or maintain milk supply and infant weight while assessing for and treating anatomical issues suck as tongue tie.  Moms of premature babies will often do this while baby is growing and learning to breastfeed.⁠
⁠
When I see my moms doing this, I first assess the WHY.  Is there a physical reason- in mom or baby- for low milk supply? or is there a low milk supply at all?  Is this feeding plan sustainable?  How is it affecting the parents mentally and emotionally (I say it all the time: the mind-body connection is HUGE when it comes to new-parent life!). ⁠

Breastfeeding is hard because we don't have that immediate concrete visual of what baby has eaten. We like concrete visuals.  We are also bombarded with images of freezers full of milk, and the expectations that we should be storing milk to last until college graduation. Um, no. ⁠
⁠
If you are finding yourself trapped in this triple feeding nightmare, do not hesitate to get IBCLC help!! This process requires assessment, a long-term plan, and SUPPORT!!⁠
.⁠
.⁠
.⁠
#YEGnurse #YEGmom #YEGbaby #prenatalteacher #prenatalbreastfeedingclass #YEGbreastfeeding #YEGlactationconsultant #ibclc #lactationconsultant #babynurse #labournurse⁠
⁠
Magone from Getty Images Pro",1,1,correct,1,,
thebreastnurse,54,4,2021-06-11T14:53:09.000Z,"Early baby? Any reason to supplement? Think triple feeding!

After I had my daughter, who was born a little bit early at 37+5 weeks gestation, breastfeeding was definitely a struggle! Because she was very sleepy and not feeding well, I was told to give her a bottle after breastfeeding. This was indicated, but I was never informed of the crucial step of pumping if a bottle was given. This impacted my milk being delayed coming in and my long term milk supply. 

My story has definitely given me a passion to make sure moms are well informed on beginning pumping if baby is born early and not feeding well, or any reason a bottle is being given after or in place of breastfeeding. 

Triple feeding means that you do three things every time you feed your baby – nurse, bottle feed, and pump. The idea is that first you nurse your baby as much as you can, then, if your baby is still hungry or not feeding well, you top them off with a bottle of either pumped breast milk or formula. Then, to make sure your supply stays even with what your baby is taking, you pump in order to remove as much milk as possible.

The hope is the triple feeding plan is temporary until baby is feeding better, but sometimes there is indication to have to do this plan longer if concern on milk supply or baby’s feedings. With mom’s mental health being priority, it is very important this plan is done in under one hour so mom has time to rest and take care of herself between feedings. Having your partner to help with bottle feeding while pumping is very helpful.  I also encourage moms to take a break from the plan occasionally and solely pump and bottle feed as needed. 

Breastfeeding babies who come early can be complicated and concerning to meeting your breastfeeding goals. The biggest thing to remember is if there is reason to give baby a supplement, make sure to pump & protect your milk supply!

#earlybaby #breastfeedingsupport #backupplan #triplefeeding #milksupply #breastfeeding #lactation #pump",3,3,correct,3,,
latchedpt,53,5,2024-01-29T19:19:34.000Z,"Have you heard about parallel pumping? This technique is when you feed your baby on one side and pump on the other. 

I’ve been using this technique to help baby girl when she’s having a hard time triggering a let down. This helps to create successful and positive breastfeeding associations while building up her strength and endurance. 

This can also be a great technique to use to make triple feeding feel more sustainable! Have you ever tried this technique?

#breastfeeding #newborn #pumping #triplefeeding #parallelpumping #dallasmom",3,3,correct,3,,
to.the.pump.and.back,53,0,2023-07-19T09:57:23.000Z,#wisdomwednesday #grievingprocess #feedingyourbaby #newborn #triplefeeding #breastpump #breastfeeding #exclusivepumping,2,2,correct,2,,
igtandlowmilksupply,52,1,2019-08-06T03:50:12.000Z,"Learn #TheTruth by reading about The Myth⁠
⁠
⁠
#lowmilksupplyawarenessday #theTruth #igtandlowmilksupplysupportgroup #igtandlowmilksupply #igt #lowmilksupply #lowsupply #normalizebf #normalizebreastfeeding #worldbreastfeedingweek #wbfw #atbreastsupplementation #breastfeeding #bf #perceivedlowmilksupply #ibclc #clc #bottlefeeding #donormilk #mixedfed #pacedbottlefeeding  #triplefeeding #breastfeedingproblems #breastfeeding #supplementalnursingsystem #postpartum #lactationcookie #lactation #galactagogues",2,2,correct,2,,
madison.cleckler,51,3,2020-02-06T14:21:28.000Z,"𝐄𝐱𝐞𝐫𝐜𝐢𝐬𝐞 𝐚𝐧𝐝 𝐂𝐡𝐞𝐬𝐭/𝐁𝐫𝐞𝐚𝐬𝐭𝐟𝐞𝐞𝐝𝐢𝐧𝐠⁣
⁣
How do you nourish your body while your body is simultaneously nourishing your baby?⁣
⁣
How do you add in exercise without compromising your energy and/or milk supply? ⁣
⁣
Can you do both at the same time? ⁣
⁣
Newest blog talks about just that. 𝐋𝐢𝐧𝐤 𝐢𝐧 𝐛𝐢𝐨 𝐭𝐨 𝐠𝐨 𝐜𝐡𝐞𝐜𝐤 𝐢𝐭 𝐨𝐮𝐭!⁣ @madison.cleckler",2,2,correct,2,,
mbmilkdocs,51,5,2020-08-10T12:41:06.000Z,"Too many times, I have met disappointed women with low milk supply who were never informed how to remove milk from their breasts in a way to build and maintain supply.

The best way, of course is the feed the baby at the breast on demand from birth. But sometimes things happen that interrupt that- and many times a dyad who leaves the hospital supplementing (feeding the baby by any method other than only at the breast) will need to give their breasts extra stimulation to make the milk to meet their baby’s demands. 

These women may not own a pump, they may not know how to hand express or they may have the latest double electric pump and be using it inefficiently.💔 

In order to keep making milk, the breasts need to have milk removed from them FREQUENTLY. If the baby is not feeding effectively or if your baby isn’t latching, you should be mimicking what a newborn normally does- which is drain the breast up to 14ish times a day. 8 times is the minimum you should be removing milk from your breasts.

Studies show most women get the bulk of the milk out in a 10 min pump. There is no need to pump for 20 or 30 min- this is just tiring you out!

In the beginning you may not see much milk. Keep going! Breast stimulation is needed to make milk.

The overnight emptying of the breasts is a strong driver of prolactin levels. Prolactin is the hormone that we need for milk production. Prolactin peaks in the night. So even though you want to sleep, waking to feed the baby or pump overnight at least once will help you make more milk! Pump around the clock!

The frequency of pumping for exclusively pumping moms can be different from mom to mom once their milk supply is established. 

See an IBCLC! 

#breastfeeding #breastfeedingtips #increaseyourmilksupply #pumpingmom #breastfeedingmedicine #familymedicine #postpartum #supportbreastfeeding #supportbreastfeedingfamilies #ibclc #lactation #breastsareforbabies #humanmilk #makingmilkismysuperpower #makingmilkforbaby #breastfeedingmoms #newmom #newbaby #triplefeeding #supplementingbaby #lactationsupport",2,2,correct,2,,
igtandlowmilksupply,51,2,2019-08-05T16:15:05.000Z,"There are no quick fixes, not cookies or bars, not smoothies or Starbucks drinks, not even drinking milk. Chronic low milk supply is not due to a lack of sugar filled treats or gross teas, it is most often related to a greater health concern. 
#lowmilksupplyawarenessday #igtandlowmilksupplysupportgroup #igtandlowmilksupply #igt #lowmilksupply #lowsupply #normalizebf #normalizebreastfeeding #worldbreastfeedingweek #wbfw #chestfeeding #sns #atbreastsupplementation #breastfeeding #bf  #ibclc #bottlefeeding #donormilk #mixedfed #pacedbottlefeeding #triplefeeding #breastfeedingproblems #breastfeeding #supplementalnursingsystem #postpartum #breastpump #milkbank #lactationcookie #lactation #galactagogues",2,2,correct,2,,
lowmilksupplyfoundation,50,2,2022-08-11T20:06:14.000Z,"One of the many frustrations of being a low supply parent is constantly being questioned about the things you tried, with the underlying assumption being that it was either a lack of effort or some early bump that could have been reversed/avoided. The fact of the matter is that this approach is not helpful, because chronic low supply is most often a multi-factorial problem. 

In the Low Milk Supply Foundation's first virtual event, our panel of experts discussed the importance of moving past this mindset in order to better understand not only the reasons for chronic low milk supply but also to provide a better experience and more supportive environment for parents who experience CLMS. Watch the replay to hear more great insights! tinyurl.com/LMSFPanel8522

#lowmilksupplyfoundation #lowmilksupplyawarenessday #worldbreastfeedingweek
#chroniclowmilksupply #igt #lowmilksupply #lowsupply #breastfeeding #bf #chestfeeding #ibclc #lactationsupport #bottlefeeding #donormilk #combofeeding #pacedbottlefeeding #sns #supplementalnursingsystem #atbreastsupplementation #lactaid #bottle #triplefeeding #breastfeedingproblems #breastfeedingsupport #breastpump #pumping #exclusivelypumping #milkbank #health",2,2,correct,2,,
lowmilksupplyfoundation,50,3,2022-02-15T22:06:36.000Z,"Parents facing chronic low milk supply often have their concerns dismissed by their healthcare providers. This can lead to unaddressed chronic health issues as well as increased feelings of guilt and overwhelm during an already-stressful time. The LMSF is committed to bringing evidence-based information to healthcare practitioners so that future patients with chronic low milk supply feel heard, validated and supported. Visit the Resources for Providers page on our website to learn more about how to make a difference for these often-overlooked patients.

#lowmilksupplyfoundation
#chroniclowmilksupply #igt #lowmilksupply #lowsupply #breastfeeding #bf #chestfeeding #ibclc #lactationsupport #bottlefeeding #donormilk #combofeeding #pacedbottlefeeding #sns #supplementalnursingsystem #atbreastsupplementation #lactaid #bottle #triplefeeding #breastfeedingproblems #breastfeedingsupport #breastpump #pumping #exclusivelypumping #milkbank #health",2,2,correct,2,,
igtandlowmilksupply,50,17,2019-08-05T19:05:07.000Z,"A doctor would never say ""Some just can't"" to a patient with erectile dysfunction. Our health issues deserve more than a shoulder shrug too. ⁠
⁠
You can DEMAND more. ⁠
⁠
We can support you through this frustrating process, follow the link in our bio for membership⁠

#lowmilksupplyawarenessday #igtandlowmilksupplysupportgroup #igtandlowmilksupply #igt #lowmilksupply #lowsupply #normalizebf #normalizebreastfeeding #worldbreastfeedingweek #atbreastsupplementation  #breastfeeding #bf #perceivedlowmilksupply #ibclc #bottlefeeding #donormilk #mixedfed #pacedbottlefeeding #lactaid #bottle #triplefeeding #breastfeedingproblems #breastfeeding #postpartum #breastpump #pumping #milkbank #lactationcookie #lactation #galactagogues",2,2,correct,2,,
tinyandmighty_ot,49,3,2023-07-25T03:24:32.000Z,"🫶 Here's the 3rd and final installment to the Eras series to celebrate Taylor Swift being in Seattle over the weekend for her Eras Tour! 

💖 You know All Too Well I couldn't leave a Blank Space and had to do a feeding theme one. 

🎤✨ Speak Now for your favorite theme, the one that is your Style.

...OK I will stop with the puns 😂
#seattletstheerastour #taylorswifteras #taylorswiftinseattle ##theerastourtaylorswift #swifties #swiftiemom #feedingtherapist #dinonuggets #breastfeedingmom #chestfeeding #exclusivelypumping #startingsolids #bottlefeeding #triplefeeding #snsfeeding #gtube #tonguetie",2,2,correct,2,,
kkayoliver,49,4,2020-04-30T15:33:31.000Z,"This sweet boy and I have officially crossed a milestone that has been 3 months in the making 👏🏻
Noah and I are officially cleared to exclusively breastfeed! 
I know some may not understand how incredibly huge this is for us. But for the mamas that do get you know just how much we are celebrating this moment 🎉 
It has been such a hard 3 months. But I couldn’t be more proud of my little man for how far he has come. 
From my little squishy premie in the NICU on oxygen and a feeding tube to my chunky thighs and smooshy cheeked giggle monster 🐻
Here’s to pushing through the tears and the long nights with little to no sleep (don’t worry I know we’re still not sleeping much deff way more than before!)",2,2,correct,2,,
jen_culberson,49,3,2019-05-30T17:27:02.000Z,good news: NO MORE TRIPLE FEEDING!! 🎉Frank finally decided to catch up to his milk guzzling champion sister. 🙌🏻 #2weekoldtwins #breastfeedingtwins #triplefeeding #nursingtwins #Rubylovesthebooby #Frankthetank,3,3,correct,3,,
lucyruddleibclc,48,13,2020-05-23T10:15:26.000Z,#breatfeeding #breastfed #breastfeed #breastmilk #humanmilk #breastfeedinghelp #breastfeedingsupport #triplefeeding #cupfeeding pumpingmilk #pumpingmums #pumpingmoms #expressingmilk #ebm #donormilk #bottlefeeding #ibclc #feedingplan #yougotthis #awesomemothers #mother #dad #daddy #supportedisbest #support #infantfeeding #newborn #love #liquidgold #hereforyou #breastpump,2,2,correct,2,,
tonguetieexperts,47,1,2022-11-02T14:45:11.000Z,"Did you know that one of the most common reasons that moms stop breastfeeding is fear of not having enough milk?

How do we know if a baby is getting enough milk?

In this episode, you will learn how much milk a baby actually needs, how we know there is enough, myths about milk supply, and signals that may indicate that further help is needed.

This information is for parents and for professionals who care for breastfeeding parents. Even if you are not a lactation consultant, it is vital for you to be able to either reassure your patients, give them simple ways to ensure adequate milk transfer, or refer them for expert lactation help when needed.

If you are expecting a baby, a new parent, or a physician and would like to get back to the basics of breastfeeding, join us for this week's episode of the Tongue Tied Experts podcast. Link in bio. 

#enoughmilk #lowmilksupply #pumpingmom #exclusivepumping #supplementing #formulasupplement #formulashortage #Nipplepain #latch #ibclc #PCOS #Breastfeedingafterbreastsurgery #pediatricians #insufficientmilksupply #IGT #powerpumping #Howmuchmilk #galactogogues #lactationcookies #Feedingcues #swaddling #feedondemand #skintoskin #increasemilksupply #moremilk #makingmoremilk #triplefeeding",2,2,correct,2,,
nomilklikemamas,47,0,2022-02-28T20:13:06.000Z,"Pumping & triple feeding - it's hard work! The goal for most parents is to move away from this tiring feeding process. 

Head to our blog for more details on how to achieve this successfully & safely. For more information 1:1 support is available with our specialist practitioners 💜.
.
.
.
.
.
.

#nomilklikemamas #triplefeeding #pumping #expressing #pumpingmum #expressingbreastmilk  #newbaby #newborn #breastfeeding #breastmilk #parenting #lactationconsultant #ibclc #midwife #mindfulbreastfeeding #breastfeeding #breastfeedingsupport #baby #latch #normalizebreastfeeding #tonguetie #birth #pregnancy #womensupportingwomen",2,1,incorrect,1.5,,
theprimaldyad,47,9,2020-09-15T00:45:24.000Z,"Mother’s need their babies and babies need their mothers. To me, the most profound and essential way that this need plays out is through the breastfeeding relationship. So why is it so acceptable to NOT provide mothers with all of the support that they would need to make this work? It’s interesting to note that normally it wouldn’t be acceptable if other bodily functions weren’t working properly eg. digestion, excretion, reproduction, etc., but not lactation.
⁣
For mothers who want and fully intend to breastfeed, the loss of the breastfeeding relationship can be truly devastating, leading to or adding to postpartum depression and anxiety. I say this from my own personal experience. It wasn’t the “pressure” to breastfeed that hurt me, it was the lack of support to do something that I had daydreamed about and eagerly anticipated during pregnancy.
⁣
Next time, I’d love consistent breastfeeding (and emotional) support from a trusted wise woman for the first few months. What kind of support would you want? 
•
•
•
•
•
 #theprimaldyad #breastfeedinggrief #lowsupply #insufficientglandulartissue #breastfeedingtrauma #breastfeedingsupport",2,2,correct,2,,
janaedunn,47,5,2017-03-13T03:13:53.000Z,"And now he rolls over! Today was a good day with our happy baby. Still triple feeding (now at every single feeding). Tomorrow hopefully is tongue tie release! Also, excuse the mom hair and mom voice 😆 #getreal #triplefeeding #breastfeeding #newmama #krewecarrson",3,2,incorrect,2.5,,
chroniclesofasmbc,46,11,2023-08-06T04:19:43.000Z,"It is (was?) #WorldBreastfeedingWeek & I’m here to tell you: it’s okay if you gave up trying to body feed. You are not any less of a good parent if you didn’t give breast/body feeding all you had. Or if you didn’t even try at all. 

I do still feel disappointed sometimes that Jordan and I didn’t have that dreamy breastfeeding relationship I’ve heard about from others. I also believe it not working out was a huge blessing in disguise. I would’ve needed to “triple feed” if I had any chance of producing enough milk. As a solo parent, that wasn’t possible. The cost would’ve been too high and there are no extra points for suffering. 

You deserve joy too, mama. 

#SingleMomByChoice #SoloMotherByChoice #PostpartumAnxiety #SpoonieParent #EndoWarrior #DonorConception #SingleMotherByChoice  #ttcCommunity  #DiminishedOvarianReserve #lowAMH #SoloParentByChoice  #IVFsuccess #FETsuccess #PediatricFeedingDisorder #hypotonia #TripleFeeding #tongueties #lipties",1,2,incorrect,1.5,,
thedoulaelement,46,20,2023-01-29T15:57:32.000Z,"Remember the chart which broke my heart when I saw it? This baby had 4 months of no feeding plan, many, many weight checks and nothing put in place to preserve mum's supply and increase baby's intake of milk. Many red flags were ignored by healthcare professionals. 

Supply was at an all time low and baby was unable to transfer milk efficiently due to faltering growth. Parents were contact napping 24hrs a day because baby understandably didn't want to be away from their source of milk. No sleep, no rest, not enough milk and no feeding support despite regular visits to weigh. 

I asked the Health Visitor why she hadn't put a plan in place at week 2, which is where I'd have put a plan in place. Her reply; ""we've kept a close eye on them, I'm more worried about mum's lack of sleep & her overall health"".

Mum and dad would have had more sleep and better rest and the ability to do more things with her family had she been supported to feed effectively and ensure #baby was gaining enough calories, if a full infant feeding assessment and an early plan had been put in place. 

Instead, the parents looked for private support because they felt something wasn't right and theyd had countless visits from Health Visitor/Midwife. 

A full feeding assessment took place at 4 months, a feeding plan to temporarily increase intake with formula whilst mum #pumped to increase supply and eventually by a miracle and determination, baby now has access to a full supply. This was no easy task, as anyone knows with a #triplefeeding plan

People involved; 3 x IBCLC, 1 tongue tie practitioner, Paediatricians, Health Visitors, Dieticians, Speech and Language Therapist, GP, District Nurse. All of this could have been resolved in the first weeks of life without this intense involvement. 

Someone can be taught how to assess a full feed - why are the people providing PRIMARY CARE for new #parents not given this training as standard? #Doctors #Paediatricians, Health Visitors #Midwives deserve better training because babies and parents deserve better access to #infantfeeding support. 

#tonguetie #reflux #lovebaby #parents #newmum #newdad #falteringgrowth #tubefeeding #bottlefeeding #feeding",3,3,correct,3,,
lowmilksupplyfoundation,46,0,2022-02-17T16:34:22.000Z,"After struggling with PCOS and weight gain for many years, Alleigh took the step of having gastric bypass surgery and successfully lost 100 lbs. Proud to be what she called “the healthiest I’ve ever been,” Alleigh was excited to try for a baby. She quickly got pregnant and everything was going well.

Alleigh planned for a natural birth; however, she ended up experiencing several birth complications. Once discharged, Alleigh soon recognized signs of hunger in her newborn, even though he was nursing very frequently. “My nipples were torn up and he wasn't having hardly any wet and dirty diapers,” she remembers. “He had his first doctor appointment at five days old and he had lost just under a pound. I was told to see a lactation consultant and start triple feeding. I cried and cried and cried. I felt worthless. Useless. I felt like a terrible mother.”

She began using an SNS and battled through postpartum depression before finding support in the IGT and Low Milk Supply Group on Facebook, which also began to help her connect the dots on how her health history might have impacted her ability to make milk. She also found what worked for her in terms of continuing her nursing relationship with her son. “I have come to terms with my low milk supply and we exclusively nurse with a DIY SNS,” she says. “I'm an advocate for low milk supply. I'm battling trying to find and treat my underlying issues so I can optimize my supply for the next baby.”

Read Alleigh’s full story and more from parents with chronic low milk supply at www.lowmilksupplyfoundation.org/parent-stories.

#lowmilksupplyfoundation
#chroniclowmilksupply #igt #lowmilksupply #lowsupply #breastfeeding #bf #chestfeeding #ibclc #lactationsupport #bottlefeeding #donormilk #combofeeding #pacedbottlefeeding #sns #supplementalnursingsystem #atbreastsupplementation #lactaid #bottle #triplefeeding #breastfeedingproblems #breastfeedingsupport #breastpump #pumping #exclusivelypumping #milkbank #health",2,2,correct,2,,
milkybusinesslactation,45,1,2023-12-15T09:44:10.000Z,"I know I’ve been saying this for years, so for long time followers this is ho-hum old news. But can you remember how life changing it was??

The perks to pumping with the right size flange are simple. Small for some, life changing for others…

✅ Pain free pumping
✅ Better milk output
✅ No mastitis
✅ More time efficient pumping

Your pump probably came with a 24mm flange. Smaller if you were lucky, and 27mm if your pump brand has NFI what they are doing and is run by a man. Average nipple size is around 15-17mm. 

Don’t know your size? Head to our website header and download your own measuring tool today 🙌🏼

#breastpump #nipplesize #nipplemeasuringtool #flangesize #pumpingmum #topups #nipplepain #triplefeeding #exclusivepumping",2,2,correct,2,,
bornwellnewbornservices,45,7,2022-06-14T22:43:16.000Z,"Outtakes with Charlie!
This little guy and his MAMA 💪🏼 have made tremendous strides since birth. One month today and boy have we ALL been on a ride.😅
From rolling onto earthside small but mighty, struggling with  his latch (like would not) weight loss, pumping, bottles, nipple shields, SNS, creeping up the scale, oral exercises, body work, lip, tongue and buccal releases, more body work , wound care, weights, feeds, weights, tears, laughter, and finally a gorgeous and effective LATCH.… he has finally gotten over 7 pounds and his feedings show how well fed he is! 
You must fertilize them in the beginning- If they are not getting the calories they will not get the latch! 
Feeding is work- please understand your baby and your body do better when well fed and professionally supported through those first weeks of lactation and postpartum.  The first 6 weeks postpartum are critical in establishing a strong lactation foundation. 
I’m so proud of this DYAD and I am grateful to expand my knowledge, skill set and heart while supporting them.

#thelatchrn #lactationsupport #breastfeedingsupport #ibclc #lactationconsultant #smallbutmighty #feedandgrow #pumpingmom #triplefeeding #milksupply",2,2,correct,2,,
nourishtonurturenutrition,44,4,2024-01-22T03:55:38.000Z,"Although we don’t “manage” FPIES- this is absolutely done by an allergist- we DO support families with FPIES. 

Even if there is only one trigger food, understandably families can be really anxious about feeding their little one or about accidental exposures outside of their care. They can struggle to meet their little one’s nutrition needs depending on the trigger food. 

The main time we see FPIES is with families who are also struggling with other food allergies or intolerances (like CMPA). Some families are having to avoid upwards of 5 foods because of food allergies/intolerances and FPIES. We have also supported families that have needed to eliminate many many more than 5 foods and by the time we see them, feeding their kids is stressful and a full time job.

When we work with these families we:
-Assess their little one’s diet to ensure they are getting what they need to THRIVE
-If there are any gaps we find ways to tackle this through foods that won’t cause a reaction 
-support families to have plans in place for care outside of the home (I.e childcare and with grandparents)
-Liaise with GPs, paediatricians an allergist if blood tests are needed because we have identified gaps that may need supplementation 
-Support parents to continue breastfeeding on an elimination diet if needed
-Support families with recipes, product recommendations and ideas to make feeding their families easier and less stressful so their mental and physical energy isn’t as consumed with food. 

It is honestly a huge privilege to be able to do this and we feel so lucky to have helped so many families. 

#FPIES #foodallergy #allergybaby #allergymom #allergymum #allergyawareness #TED #foodelimination #breastfeeding #weaning #pumpingmum #pumpingmom #triplefeeding #dairyfree #cmpa #reflux #refluxbaby #startingsolids #solidstart #gentleparenting #babysleep #babydietitian #babynutrition #toddlertantrum. #babiesofinstagram #toddlersofinstagram",2,2,correct,2,,
a_little_more_eco_mum,44,14,2022-08-01T12:45:47.000Z,"World breastfeeding week ❤️
.
This is what I have to do to be able to keep my small amount of milk with my ultra low supply so I can breastfeed my baby 🙃
.
8 times a day if I can and she boobs about 4 times a day. She doesn’t take much milk as there isn’t much to give so I supplement mostly with formula 🍼
.
This wasn’t how I imagined it but it is where we are at. She gets at least 50ml from me which means I get the warm fuzzy feeling that she is getting some antibody goodness (hopefully that helps with pox in the house) 🤞🏻
.
She also gets the comfort and closeness as do I when she wants to breastfeed 🫶🏻
.
Instead of posting one of my photos that I will cherish of me breastfeeding my baby, I thought I would normalise this 👍🏻
.
This is breastfeeding. This is time consuming. It’s more logistics than I would have imagined. It’s not cheap. It’s questioning if another pump/ flange would work better. It’s wondering if you can get out and back quick enough to leave the pump at home. It’s pumping before you leave the house. It’s not being able to hold your baby because you need to help the milk out of your boobs while pumping 💪🏻
.
This is my breastfeeding journey no2 and it’s bloody hard work sometimes ⭐️
.
Cheers to a posterior tongue tie, sleepy baby who clamps her mouth shut while she sleeps so I couldn’t get a boob in. Cheers to weight dropping so quick that we got put on a triple feeding plan with no ‘way out’. Cheers to the system that means 80% of women stop breastfeeding before they want to. This needs to change 🥀
.
Support is needed. Funding is needed for support. Correct education is needed and the support network of a parent breastfeeding needs to be educated in what is normal and how they can support instead of hinder someone’s journey 🌸
.
.
.
#breastfeeding #pumpingtobreastfeed #lowsupplymama #ultralowsupply #triplefeeding #worldbreastfeedingweek #worldbreastfeedingweek2022 #normalisebreastfeeding #normalisepumping #spectrabreastpump #pumpingtobreastfeed #postpartum #breastmilk",3,1,incorrect,2,,
lalecheleaguecanada,43,1,2024-01-26T15:00:36.000Z,"Many nursing parents have questions about supplementation. One method is by finishing at the breast.
~Offer a limited amount (less than a full feeding) of supplement with the bottle, then offer the breast. Your baby may be more patient and calm at the breast with some milk from the bottle in her belly at the beginning of the feeding.
~End the feeding at the breast. This will help your baby associate feeling full and content with breastfeeding, rather than bottle feeding. Think 'dessert at the breast'.
~Know that it may take several feedings to determine how much supplement to give by the bottle.

More information about supplementation and breastfeeding:
https://www.lllc.ca/how-protect-breastfeeding-while-supplementing
https://www.lllc.ca/triple-feeding

#LLLC #lalecheleaguecanada #dessert #breastfeeding #chestfeeding #supplementation #triplefeeding",2,2,correct,2,,
pregnancytoparenthooduk,43,2,2023-08-04T07:30:18.000Z,"🤱 🍼 Triple feeding 
Breast - Pump - Top up 

This is a temporary measure that can be implemented as part of a feeding plan, when there is something that is impacting how much breast milk your baby is getting. 

Triple feeding is temporary because it is hard. 
It is an extremely difficult task to keep up with when you are dealing with all the other factors of having a new baby such as disturbed and lack of sleep, recovery, hormonal changes and transitioning into your new life together. 

If triple feeding is suggested to you, you need a clear plan for reassessment. The reassessment should be within 48 hours to ensure your wellbeing as much as your baby’s. 

What advice would you give to a new mum about feeding? 

#bumpbirthandbeyond #birth #antenatal #antenatalcare #uk #maternity #birthexperience #pregnant #duein2023 #2023 #pregnantin2023  #breastfeeding #baby #triplefeeding #infantfeeding #pregnancy #bottlefeeding #breastmilk #pumping #expressedmilk #expressing #breastpump #worldbreastfeedingweek #wbw2023",1,2,incorrect,1.5,,
kathrynstaggibclc,43,3,2021-05-01T20:51:15.000Z,"Breastfeeding 35 to 38 week gestation babies 
Dropping top ups gradually 

So your baby is around full term, starting to wake themselves for feeds, more alert and beginning to feed more effectively. So how do we go about moving away from topping up?

Disclaimer: when beginning to reduce topping up it is very important to keep a close eye on nappy output and weight gain and ideally be under the guidance of a breastfeeding counsellor or IBCLC

Make sure baby is coming to the breast every feed if possible

Encourage baby to have both breasts each feed before topping up Wake with a nappy change if necessary

If babies are having large volume top ups, 50-60ml or more, then it can be a good plan to reduce the volume first. Babies can be put back on the breast after the top up if necessary. They will trigger another let down of milk so baby can take more. Topping up mid feed like this works really well as it breaks the association of needing a bottle to settle

Once smaller volumes are working you can try to stop some of the top ups. Most find mornings are a good time. Parents often seem to have more milk in the mornings and babies tend to be more settled. Put baby back on the breast for another go if necessary. Night feeds can also be quite easy stop topping up as the babies begin to settle back to sleep after the lovely surge of oxytocin

Encourage natural cluster feeding behaviour. Babies often love to cluster feed in the evenings and this can actually be very useful  to increase breastfeeding as they are highly motivated to feed! Also anecdotally we have noticed on @bftwinsuk that there seems to be a period of frequent feeding around 40 week due date. So this is also useful for the same reason, babies suddenly WANT to breastfeed loads!

Things to remember: babies generally like to feed more frequently than 3 hourly, babies often like both breasts, babies should have at least 6 wet nappies and 2 poos a day up until 6 weeks, cluster feeding is normal newborn behaviour, babies do not like to be put down very much so try cuddling them if you need a break from feeding, or give baby to someone else to cuddle!

Check out my Dropping Top Ups Gradually article on linktree",2,2,correct,2,,
moma_going_green,43,4,2020-11-01T07:35:49.000Z,"My littlest pumpkins 🧡 can you spot last year's pic! Would never have guessed a year later I would be trying to get a photo of her and little bro! 
Happy Halloween! 
The eldest pumpkin has had the best week with her wonderful Nanny doing lots of outdoor spooky dog walks and Halloween themed fun! 
So grateful for my supportive family while I'm stuck at home post c section attached to a breast pump 😍
#halloween2020 #csectionrecovery #triplefeeding #notrickortreatthis year",2,2,correct,2,,
lowmilksupplyfoundation,43,1,2021-09-06T18:10:42.000Z,"Going into a low supply experience with information, support and a plan can make all the difference. After discovering she likely had IGT when breastfeeding her first child did not go as planned, she became a pro at feeding with an SNS (supplemental nutrition system). Being prepared to do this again when her second child was born made a world of difference in her experience, and she is still nursing both of her children!
No matter what a breastfeeding journey looks like, parents deserve to be supported and informed to meet their feeding goals.

#lowmilksupplyfoundation
#chroniclowmilksupply #igt #lowmilksupply #lowsupply #breastfeeding #bf #chestfeeding #ibclc #lactationsupport #bottlefeeding #donormilk #combofeeding #pacedbottlefeeding #sns #supplementalnursingsystem #atbreastsupplementation #lactaid #bottle #triplefeeding #breastfeedingproblems #breastfeedingsupport #breastpump #pumping #exclusivelypumping #milkbank #health",2,2,correct,2,,
wholesomeolsonmama,43,4,2022-06-11T01:12:55.000Z,"I took this picture this afternoon...it was before nap time/quiet time for Fitz and Marabelle, and I put a show on for them so that I could finish feeding Finan, pump before bringing them upstairs, and *hopefully* avoid any meltdowns. I was 30 minutes ""late"" for nap, but it was either that or a crying infant...and I don't have the heart for the latter. We don't normally do shows during the day...but I have almost every day this week. ""It's just a phase"" I tell myself so that the mom guilt doesn't eat away at me.

I almost deleted the picture because...well, I'm a hot mess..I mean I've got a sports bra ON TOP of my nursing tank top because it's the only solution I've found to the less-than-ideal suction on a wearable breast pump 🤦🏼‍♀️😂 But then I thought- I'll look back at this picture years from now and shake my head and laugh. I prayed for these babies...long before I they were even close to a reality. Despite the tantrums and stress that come during the day, I sit here each night thinking about each of my little loves, looking at the photos of the day's adventures (which have mostly been walks in our neighborhood as of late) thanking God for what He's given us (and simultaneously asking him to help me be more patient tomorrow.) 

One day, way too soon, my babies won't each need me the way they do right now. I won't be doubling up on sports bras to optimize pump suction. I'll have free time....and my heart already aches thinking about it. So until then, I'm going to cherish where we are right now. I know it won't be for long.",2,2,correct,2,,
jenn_b5,43,3,2020-08-23T02:05:46.000Z,"Breastfeeding is hard. Formula feeding is hard. Pumping is hard. 

Doing all three every single feeding is brutal. It’s called triple feeding and it is more exhausting than giving birth. 

My breastfeeding journey didn’t take off the way I had anticipated. We have a sleepy eater and being a FTM, I didn’t know any different. This apparently tanked my supply and now I am unable to provide enough for a growing baby. 

At her two week appointment, Everly hadn’t gained back her birth weight so boobie boot camp was instigated. It is brutal because you only have 30 mins to choose food, sleep or a shower before you begin the process all over again. I’ve been living on 3hrs of sleep collectively. 

Baby girl surpassed her birth weight after a few days. And we are finally starting to see results with supply slowly increasing, but we still have to supplement every feeding with either pumped breast milk or formula. 

Whatever your journey is/was to feed your baby, I know it’s hard. 

I thought I would never have this opportunity and despite this grueling schedule, I am thankful God has given me this beautiful baby to love ❤️ 

#fedisbest #firsttimemom #breastfeeding #girlmom #momlife #triplefeeding #pumpingmom #jenniferdublerphotography",3,3,correct,3,,
milkmaidmcgovern,42,1,2024-08-06T17:53:44.000Z,"I think I got most of them 🤣 but the last one in general! 

Swipe ➡️

#worldbreastfeedingweek #wbw2024 #breastfeeding #pumpingisbreastfeeding #exclusivelypumping #triplefeeding #combofeeding #pregnancy #sahm #workingmom #olympics #parisolympics #olympics2024",2,2,correct,2,,
laurelandiron,42,10,2024-03-12T20:05:28.000Z,"It took 6 months to create you, 9 months to build you from my very bones, 26 hours to bring you Earth side, and only 1 moment for our lives to change forever. 

As one mama told me, “It feels hard because it is hard.” If you are struggling with the adjustment, you’re not alone. 

If you’re like me, and struggling to give yourself grace right now, know that I am holding you in my heart and prayers. 💕

#firsttimemom #firsttimemum #mama #mamabear #firstborn #babygirl #momma #triplefeeding #clusterfeeds #newborn #pumping #pumpingmom #breastfeeding #newborn #newbornlove",2,2,correct,2,,
themumsclubpk,42,0,2023-05-29T14:09:12.000Z,"Breastfeeding tip#31: Triple Feeding  Method ensures a steady supply of Breastmilk and ensures your baby stays healthy.
🦋What is Triple Feeding?

Triple feeding is a method where a mothers does 3 things.

🦋Directly Breastfeeds on both sides

🦋Pumps or Hand-expresses to demand the breasts to make more milk

🦋Bottle Feeds the baby Breastmilk or Formula

It is a short-term solution to stimulate the breasts for an ideal milk supply meanwhile keeping the baby healthy and full.

For more queries, DM.

#breastfeedinggoals #triplefeeding #breastmilksupply #milksupplybooster #breastbooster #breastfeeding101 #mumsclub #mumsclubpk #lactationcounseling #lactationpakistan #lactationlahore #lactationeducationresources #miyshausman",1,3,incorrect,2,,
flow_lactation,42,16,2023-03-05T13:00:20.000Z,"We love all babies, born at any gestational age.

But there are unique challenges that come when a baby is born early, around 36 or 37 weeks. 

These babies are known as “the great pretenders”; they LOOK like full term babies. But they ACT very much like preemies.

All of the typical guidance you hear like “never wake a sleeping baby”, or “follow the baby’s cues and feed on demand” won’t really work to keep these babies growing. 

These babies are tough, because they are:
1. Sleepy. They won’t always wake on their own to eat, and the often fall asleep soon into a breastfeeding session.
2. Not strong- in fact sometimes babies born just sightly early will not be very effective at drawing milk out of the breast or even the bottle.
3. Not feisty- if given a pacifier sometimes these little ones will happily suck on a paci and skip a meal altogether, whereas an older baby would spit out the paci and protest for milk.

If you’ve had a late preterm baby, you get it. If you’ve worked with these babies (hello fellow L&D nurses! Hello fellow lactation consultants!), you get it. 

It’s HARD work to get these babies fed and keep them growing, but about 1 week after their due date you’ll see a very different baby. You just gotta keep going, and get evidence-based help on your side. 
.
.
.
#crozetmoms #crozetfamily #cvillemoms #cvillefamily #charlottesvillefamily #ibclc #lactationconsultant #cvillebaby #normalizebreastfeedingsupport #latepreterm #sleepybaby #37weeker #triplefeeding
.
.
.
*disclaimer: We are healthcare providers but not necessarily your healthcare providers. Information shared on social media is for general education only. Please discuss your situation with your provider.",2,2,correct,2,,
postpartum.care.co,42,5,2022-05-02T10:39:24.000Z,"Are you doubting your supply? You’re not alone!

Often mums doubt their supply and start topping up as they are concerned that their baby isn’t getting enough. 

It’s so easy to get caught in the Top Up Trap. 

If you’re needing support, assistance and guidance in the early days of parenting. Helping you determine whether your baby is getting enough and avoiding the trap.

Book a 15 min FREE call to discover how I can help you. I offer virtual support and in-home consultations in Sydney. 

#topuptrap #FormulaFeeding #Breastfeeding #ExpressingBreastmilk #Pumping #StoringBreastmilk #PumpingBreastmilk #PumpingMama #BreastfeedingMama #BreastFeedingSupport #PostnatalSupport #PostpartumSupport #PostpartumCare #triplefeeding",2,2,correct,2,,
amandagilman.themamacoach,42,6,2021-11-16T16:36:16.000Z,"BREAST IS BEST.....⁠
⁠
Actually, not always.⁠
⁠
I have worked with moms, babies and families for many years, and I have seen that first hand for multiple reasons.⁠
⁠
What a mom chooses for her baby is always what is right for her. I am not going to make that decision for anyone. Instead I will provide education and support for her to make an informed choice for her, her baby, and her family. ⁠
⁠
If you are struggling with breastfeeding for whatever reason and need help tackling the challenges, reach out to me through the link in my bio! ⁠
⁠
Signs you should seek support are:⁠
⁠
-Pain while feeding⁠
-Baby is not gaining⁠
-Baby is not having adequate diapers⁠
-You have under or oversupply⁠
-Your baby has a tongue tie⁠
-You feel lost and unsupported⁠
-You are pumping and want to transition back to the breast⁠
-You are supplementing and wondering if/when you can stop⁠
⁠
⁠
If you have already decided that breastfeeding just isn't for you for whatever reason, just know I support you. You are the best mama for your baby however you decide to nourish them. XO⁠

#yougotthismama⁠
#themamacoach⁠
#makingmotherhoodeasier⁠
#breastfeeding⁠
#bottlefeeding⁠
#formulafeeding⁠
#nursing⁠
#breastfeedingmom⁠
#breastfeedingsupport⁠
#breastfeedingjourney⁠
#breastfeedingchallenges⁠
#undersupply⁠
#oversupply⁠
#clc⁠
#nhmom⁠
#mama⁠
#motherhood⁠
#pumpingmom⁠
#doublefeeding⁠
#triplefeeding⁠
#pacedfeeding⁠",2,2,correct,2,,
findmydoula,42,5,2021-03-18T03:47:03.000Z,"#Repost @welcomebabies_lactation
Music: Conkarah * Banana (feat. Shaggy) [DJ FLe - Minisiren Remix]
• • • • • •
#Repost@midwifemarley
• • • • • •
I spotted this amazing  visual (the best one I have seen yet) on @midwifemarley page yesterday. Great post @midwifemarley 🥰
I have witnessed firsthand the enormous benefits of a 𝙎𝙪𝙥𝙥𝙡𝙚𝙢𝙚𝙣𝙩𝙖𝙡 𝙉𝙪𝙧𝙨𝙞𝙣𝙜 𝙎𝙮𝙨𝙩𝙚𝙢 having supported clients using it, always under the guidance of an #ibclc 

Credit goes to @welcomebabies_lactation
who first posted it, thank you for allowing me to share ❤ @welcomebabies_lactation says:

Have you heard of or used a 𝙎𝙪𝙥𝙥𝙡𝙚𝙢𝙚𝙣𝙩𝙖𝙡 𝙉𝙪𝙧𝙨𝙞𝙣𝙜 𝙎𝙮𝙨𝙩𝙚𝙢 (𝙎𝙉𝙎) or Lactation Aid?
⠀⠀⠀
SNS uses a thin feeding tube, with one end attached to a syringe or dipped into a bottle of expressed breast milk or formula and the other end is placed into baby’s mouth while they are nursing.⠀
⠀⠀
It allows baby to be supplemented with extra milk without having to use a bottle and can be very helpful in cases of low milk supply, breast refusal and also a great option for adoptive parents. ⠀
⠀
𝗕𝗲𝗻𝗲𝗳𝗶𝘁𝘀: ⠀
⠀
🤱🏼Baby receives ALL their milk at the breast. No need to top up after breastfeeding with a bottle or other device. This also helps maintain that positive connection with baby and the breast.⠀
⠀⠀
🤱🏽Baby will learn to nurse by nursing. The help of the flow of milk with the SNS encourages baby to suck more actively and stay more interested at the breast.⠀
⠀⠀
🤱🏻It can help increase your milk supply through direct sucking at the breast.⠀
⠀⠀
🤱🏾May help decrease baby fussiness at the breast.⠀

#welcomebabieslactation #midwifemarley
#lactationaid #supplementalnursingsystem #triplefeeding #breastfeedingsupport #lactationsupport #lowmilksupply #lowsupply #supplyanddemand #breastrefusal #pumpingmom #newbornfeeding #adoptiveparents #adoptivemom  #breastfeedingproblems #breastfeedingmama #breastfeedingmoms #breastfeedingtips #chestfeeding #nursingmama #fourthtrimester 
#doulalife #doulasupport #postnataldoula #doulanearme #findmydoula",2,2,correct,2,,
igtandlowmilksupply,42,1,2019-08-05T12:15:09.000Z,"If you want to keep pushing, want to find balance, or striving to find closure, we can support you on this unexpected journey. ⁠
⁠See our bio link for membership details.⁠
⁠
#lowmilksupplyawarenessday #igtandlowmilksupplysupportgroup #igtandlowmilksupply #igt #lowmilksupply #lowsupply #normalizebf #normalizebreastfeeding #worldbreastfeedingweek #wbfw #chestfeeding #sns  #breastfeeding #bf #perceivedlowmilksupply #ibclc #bottlefeeding #donormilk #mixedfed  #pacedbottlefeeding #triplefeeding #breastfeedingproblems #lowmilkmama #breastfeeding #supplementalnursingsystem #postpartum #breastpump #pumping #milkbank #lactationcookie",2,2,correct,2,,
juneandlily,41,35,2023-11-03T14:30:59.000Z,"If you could go back and educate yourself on something related to breastfeeding when you were pregnant, what would you say?

I would’ve learned more about parallel pumping instead of triple feeding. Those early days were long and very challenging! 
.
.
.
#prenatal #pregnancy #prenataleducation #breastfeeding #breastfeedingprep #breastfeedingeducation #breastfeedingsupport #breastfeedingtips #breastfeedingjourney #triplefeeding #parallelpumping #newmom #firsttimemom",1,1,correct,1,,
ravenwitnesses,41,10,2023-10-27T15:14:29.000Z,"I hope Jamari doesn’t look back on this time and wonder why there aren’t many baby pictures of him. The truth is that it’s been a struggle and I’ve had to prioritize what’s most important to me. We’ve had slow weight gain and started triple feeding about 2 months ago. Now, after a tongue and lip tie release we are still struggling to return to exclusively breastfeeding. Balancing life and pumping and nursing is easier now. I look forward to the day that I can go places and do things without worrying about pumping. I am trying to stay in this moment and soak up every gorgeous baby smile. I’m still hopeful that we will be successful. I’m so proud of us. Not just me and Jamari but this whole family. Everyone has been trying they’re best. @now_presenting_ Aaron, thank you for being so positive, working so hard and for taking this picture.  #jamaricoltrane #stellapaz #rominadawn #triplefeeding #triplefeed",2,2,correct,2,,
bornwellnewbornservices,41,1,2023-08-04T01:57:01.000Z,"Precious and strong Quinny, I’m gonna miss you and your dreamy eyes.  I know I have not always been your fave with all my exercises and weighs. And you would much rather sleep than learn to eat💤  But all of the time you and your mama spent learning how to use your mouth and grow her milk has given you the most beautiful rolls and healthy glow.  Lactation School was not easy for you but you graduated with honors sweet boy! 👨🏻‍🎓
I look forward to watching you thrive!

#Thelatchrn #breastfeeding #bottlefeeding #triplefeeding #milksupply #postpartum #infantfeeding #newborn #lactationconsultant",2,2,correct,2,,
musiccitydoulas,41,1,2020-09-18T13:14:06.000Z,"Cheers to the jugglers and multitaskers. 

#pumping #triplefeeding #milksupply 

📸: @thenaturalnipple",,,,,,
a_little_more_eco_mum,41,24,2022-06-23T15:15:59.000Z,"Breastfeeding woes 💗
.
I have had a bit extra to deal with my low supply (it’s low, there is no doubt about that)🥛 
.
I am up and down with my ‘I have got this’ to ‘right I’m going to just formula feed’ to ‘but I just want to breastfeed’ 😐
.
My supply (what I had of it) has tanked again through what I assume is stress and it’s upset me. I was getting up to 80ml on a pumping session in the morning but the last week it’s more regular than not that nothing comes out 😞
.
I feel like I’m running out of motivation and also like time isn’t on my side as she is 8 and a half weeks old now and I don’t know if it’s worth chasing a combi feeding dream 🫤
.
She still goes to the boob when she isn’t starving for comfort but if she is hungry she doesn’t entertain it and puts her lungs to good use 🫢
.
I am not on a breast is best campaign but I see now more than ever why there are breastfeeding awareness weeks and support systems put in place. Because when it’s going wrong and you need help there just isn’t enough 🫥
.
I want to breastfeed. I just don’t know if I can make it work or how to move forwards and it’s getting to me 😶
.
I guess I just need a vent. Also the world of Instagram is full of lovely breastfeeding content but there are also a lot that have hard times and sharing is caring and knowing that we are not alone when times are hard helps 👋🏻
.
.
.
#breastfeedingproblems #combifeeding #pumpingproblems #triplefeeding #breastfeedingjourney #breastfeeding #breastfeedingsupport #lowsupplystruggles",,,,,,
a_little_more_eco_mum,40,10,2022-07-29T15:14:04.000Z,"Baby blues 🥺
.
I think I had them. Well I know I had some extreme sadness that went on for some time 🤷🏻‍♀️
.
I feel mine was linked to stress from my breastfeeding struggles, solo parenting and feeling completely overwhelmed at times ❤️
.
When Merryn turned 10 weeks it all of a sudden lifted. I went from not being able to talk about my breastfeeding without crying to seeing the positives of still being able to breastfeed (with a low supply and pumping) 🫶🏻
.
The feeling of being overwhelmed would stop me wanting to go out. I was helped out the house weekly by organising to go for food with my maternity buddy 🫶🏻
.
We also started to go to postpartum fitness once a week which has been awesome 👏🏻 
.
It’s going to be another week of solo parenting next week before we head down to Newquay for a week with my sister and her children. I’m hoping the stress of solo parenting is massively reduced with feeling more together 🤞🏻
.
.
.
#babyblues #twobabies #mummyoftwo #triplefeeding #lowbreastmilksupply #postpartumstruggles #postpartumstress #soloparenting",,,,,,
welcomehomesac,40,2,2021-05-04T07:09:04.000Z,"Tune in to our IG Live on Thursday to hear baby Ro and midwife Madeleine’s birth story. It’s cute and triumphant and has lots of twists and turns, including a #birthcenter to #hospitalbirth to #differenthospitalbirth transfer.
#cholestasis #preeclampsia and #hypertension are special guests as well as #triplefeeding and #latepretermbirth and #tongueandliptie and #breastfeedingdrama it’s nuts!!!!!!!!!! See ya then 😎
#midwife #bigdayofgiving",,,,,,
mamaleclt,40,7,2021-04-14T19:00:33.000Z,"Celebrating the land of milk and honey! 🇮🇱
Little J is celebrating with me Israel's 73rd birthday! 
🇮🇱
They are both tiny and mighty !!!

While my 💙 is where my home is, I'm 100% present with baby J and his mom. Baking her today delicious lactation cookies. A sweet treat for her body and spirit .
🇮🇱

Delicious lactation cookies (save post👇)
3 cups old-fashioned rolled oats
1 1/2 cups  all-purpose flour
5 tablespoons brewers yeast
3 tablespoons ground flaxseed
1/2 teaspoon baking powder
1/2 teaspoon baking soda
1/2 teaspoon ground cinnamon
1/4 teaspoon salt
12 tablespoons organic unsalted butter
4 tablespoons unrefined organic virgin coconut oil
1 1/2 cups organic cane sugar
1 large egg + 1 large egg yolk
2 teaspoons vanilla extract
1 1/2 cups dark chocolate chips/chunks

Combine and bake on 350° for 14 minutes
•
•
•
•
#israel #landofmilkandhoney #yomhaatzmaut  #lactationsupport #mamaleclt #postpartumsupport #motherhelper #hireadoula #motheringthemother #charlottedoula #lactationcookies #whiteandblue #healthyeating #nourishmentbeyondfood #foodislove #mamacare #triplefeeding #ישראלחוגגת73 #csectionmama #csectionrecovery #itsnotforever #babyboy💙 #secondtimemom #love #pumpingmilkmommy",,,,,,
instachristina,40,10,2020-08-07T21:47:49.000Z,"*World Breastfeeding Week*
-
-
-
Before I gave birth I just figured I’d breastfeed. I didn’t really think about it much, I just thought if I could I would, simple as that. Easy peasy. I also never thought I’d ever share a breastfeeding picture, but no one talks about breastfeeding. Everyone talks about pregnancy and birth, but not this part and it deserves more attention and support. Moms are asked if they “plan” to breastfeed. And then when they say yes they get no education or support regarding it, especially after leaving the hospital which is crazy because of all my mom friends, none of them have had a flawless breastfeeding journey. 

LOL breastfeeding is FAR from easy. 

Triple feeding was my life for 6.5 weeks. Try to nurse, then pump every 2-3 hours, then bottle feeding what you pumped. Waking at 2am trying to nurse and then pumping and feeding, and again at 5am and all day every day wondering why you’re doing what you’re doing. Why you don’t just stop and give your baby formula if it’s really this hard? Tracking every ounce and minute they nurse and every dirty and wet diaper. Weighing your baby obsessively to make sure they’re gaining. 

Having your baby kick and scream and cry when you try to nurse them is the worst form of rejection. 

Tears, SO MANY tears. 

Wanting to give up, reaching out to all your mom friends so they can tell you not to give up but it’s okay to take a break. Feeding your baby is essential, it doesn’t matter how you do it, you’re still an amazing mama. I knew this and I believe this, it’s just not what I wanted and I’m pretty stubborn.

I didn’t give up. We kept trying. It took 6 weeks that felt like absolute hell and a revision of tongue and lip ties by a skilled pediatric dentist after our pediatrician told us she didn’t have them. But we are now successfully breastfeeding and it is one of my biggest accomplishments and something I’m so proud of. 

For me it was a dream to be able to feed my baby breast milk no matter how long I did or how she got it. 

I hope all mamas, nursing or pumping or formula feeding know how amazing they are. 💕 I hope all mamas never think they “quit” or “failed.” Every journey is special. 💜",,,,,,
thebreastfeedingnetworkuk,39,4,2024-04-16T15:00:20.000Z,"Last week we talked 'top ups'. This week we're onto triple feeding 💜

You may be doing this without even realising there's a name for it.

Triple feeding helps to protect you milk supply when you are topping up your baby's feeds. This means you can transition your baby to exclusive breastfeeding if and when you choose to.

There is lots of interesting information on triple feeding, and transitioning baby back to the breast here:

https://lyndseyhookway.com/2020/01/26/triple-feeding/
@lyndsey_hookway 

#TerminologyTuesday #BreastfeedingTerms #TripleFeeding #BreastfeedingInformation #BreastfeedingAndExpressing",,,,,,
hope_and_wine,39,12,2023-02-13T21:57:07.000Z,"Who has heard of triple feeding? 

Triple feeding is a process of feeding a newborn that requires 3 steps every feed. 
1 - Breastfeeding 
2 - Pumping 
3 - Bottle Feeding (pumped breast milk typically) 

This is often done when babies have a hard time breastfeeding for a variety of reasons such as prematurity, tongue ties, and medical issues. All in the hopes of keeping up weight gain and eventually exclusively breastfeeding. 

This has been our reality again for the last 3 weeks. It’s tough. But it’s not forever. Triple feeding has a means to an end, or it should anyways. 

One important thing with triple feeding is it can wear your out so it’s important to protect your sanity as well. If this is a path you are put on always know that you can stop, you don’t have to continue. And fed is best. Whether that’s with formula, pumped breast milk or by breastfeeding. Don’t ever let anyone persuade you into continuing to pump or triple feed if it’s affecting your mental health, only do it if you want to. 

For us we do pumped breast milk through a Supplemental Nursing System (SNS) or also known as tube at breast, rather than a bottle at this time. 

Who else has had to triple feed? What has your experience been with it? Share your story below! 👇🏻

________
#triplefeeding #breastfeeding #breastfeedingmom #breastfeedingawareness #prematurebaby #bottlefeeding #pumpingmom #fedisbest #newbornlife #sns #tubeatbreast #toungetied #boppy #mybrestfriend",,,,,,
megsjacoby,39,1,2021-12-09T01:17:59.000Z,"Dear new mama,

Just here to keep it real.

Breastfeeding isn’t always as easy come as it’s portrayed.

Know that if it’s giving you massive anxiety it’s okay to do it another way. A fed baby = a happy baby.

Know that all great things comes with its own set of challenges & hardships. I believe it is SO important to use whatever support you have around you to get help as you need it. And I can not recommend this enough: lactation consultants are there for this VERY reason. 

Please, please REACH OUT for guidance & help if you’re heart is set on breastfeeding & you’re struggling. The best thing I did was work with an LC immediately the day after birth & continued that work even into this day.",,,,,,
dont_you_worry_mama,39,6,2021-08-06T16:00:56.000Z,"World Breastfeeding Week 

BF has been one of my most challenging parts of motherhood. 

I BF my girl but our journey ended much earlier than I’d have liked.This guilt/grief sits with me still. 

In 2013 I trained as a BF support worker & found the course highly emotive due to my experience.

Pregnant with Sonny I was adamant we’d BF. I gave birth to Sonny,my body was ready to feed him… I had to take tablets to stop my milk.

When pregnant with our little guy I was determined to ‘succeed’ this time. I was ready to be the BF mum I’d always hoped to be.

After days in labour I gave birth to our little guy. Immediately placed into my arms he latched on & our journey began. 

Six months later he’s exclusively breastfed. He’s been at the boob for every single feed since birth.

Wouldn’t it be sweet if that was the whole story. That’s the insta version for sure. The reality is much more complicated.

Throw in: NICU, tongue tie, thrush, mastitis, antibiotics, blocked ducts, bleeding nipples and the hell that was ‘triple feeding’ (where 12 hours a day were dedicated to feeding for many weeks).

Not a straightforward journey. 

Could I have achieved this alone? NO! 
I’ve had such a great support system.
I have TWO amazing IBCLC inc one who visited.
I have a HV team that listens.
I have private health care.
I have a husband that did everything he could to ensure I could give my all to breastfeeding.
I have an amazing daughter to make me laugh.
I have an amazing support network of other mums who were always on hand.
I have good friends.

There were some brutal times but I was determined. I’m not saying determination always gives you the result you want but this time, for me, it did.

The last few months we’ve been back to just boob every feed and now, I’m pleased to say, it’s a breeze. 

I’m so relieved that I’m one of the lucky ones that had the support to keep going. 

I’m also very proud of me and my boy for keeping going. He definitely loves the boob (even more than I love slushes).

#motherofdragons #breastfeeding #breastfeedingawarenessweek #breastfeedingisbeautiful #breastfeedingishard #worldbreastfeedingweek #triplefeeding #breastfeedingmama #breastfeedingjourney",,,,,,
babyginsideout,39,8,2020-12-02T04:03:13.000Z,"Yesterday, these 3 finally met!  Yes, we got to ""go to the zoo"" aka HOME! After just 23 days in the NICU, we are so very grateful for the miracle of her quick healing.

She's not gaining a lot of weight but after 3 days of positive movement they decided she was good to go!

There was so much JOY at her homecoming, it melts my heart.  Big brother and sister made her Welcome Home signs and have been enjoying helping in her care. She is ever so loved.

We've been busy acclimating to life with 3 littles, preemie care without the perks of the NICU (especially the #NICUnurses who were SO wonderful!), and just trying to figure out the new rhythm of this season.  Baby has to try both breastfeeding and bottlefeeding with fortified breast-milk every feed so so far most of our focus has been on a #triplefeeding schedule of breastfeedingfeeding/bottlefeeding/pumping.

Thankfully being home meant we were able to play in the #firstsnow of the year with the older 2 and even made a snowman ☃️

Our prayers now are that she continues to gain weight and can drop the triple feeding schedule at some point.  And that she learns that nighttime is for sleeping and daytime for being awake enough to eat 🤪

We're tired but oh so happy to have our family together!

#gastroschisis #gastrofamily #gastrowarrior
#theresnoplacelikehome #siblinglove",,,,,,
breastfeedingdoctor.uk,38,0,2023-03-19T09:58:34.000Z,"Thank you for your support 😚
I started this page a couple of years ago to spread the knowledge about Tongue Tie and the struggles that come with it, to spread information about Infant Feeding and to celebrate parents of all walks of life 😍

#breastfeedingdoctoruk #drsilbersteinclinic #7kfollowers #thankyouforyoursupport #breastfeedingmedicine #painfulbreastfeeding #breastfeedingsupport #bottlefeeding #bottlefeedingsupport #inducedlactation #relactation #relactationjourney #tonguetieprofessionals #tonguetie #tonguetiebabies #tonguetied #tonguetieawareness #lowsupply #lowsupplymom #pumpingmum #triplefeeding #oversupplyproblems #oversupply #londonparents #londonmum #ukmum #ibclc #lactationconsultant #lactationconsultantsofgreatbritain #lcgb",,,,,,
empoweredlactation_withemma,38,6,2022-09-05T07:11:23.000Z,"One size DOESNT fit all.

Collaborative approach.

I am and so are many others so frustrated at the not so accurate feeding advice from GPs and Paeds given to mothers. 

Ask any IBCLC, we could all write a book on the 'advice' we hear.. and mothers are led to believe them, as they 'trust the experts'. 

Mummas - YOU are the expert on your little one. You need to fight for them. Advocate for them like nothing else! 

Im not saying disregard everything, but definitely use discernment and seek support from an IBCLC...and a whole team of professionals willing to work collaboratively ! 

I know this might upset some people, but Im the kinda person who speaks truth. So here it is.

#IBCLC #breastfeedingadvice #freeadvice #breastfeeding #bottlefeeding #bottletopups #triplefeeding #sustainablebreastfeeding #infantfeeding #multidisciplinaryteam #4thtrimester #mummaknowsbest",,,,,,
lowmilksupplyfoundation,38,16,2021-08-23T15:54:42.000Z,"Parents who experience chronic low milk supply often struggle to find supportive and knowledgeable people to have in their corner. Especially if a parent is struggling with the emotional aspects of CLMS, having a compassionate support system can make a world of difference.
One of the Low Milk Supply Foundation’s goals is to raise awareness about how to best support a person with CLMS. We’d love to hear from you! What support do you wish you had gotten during your CLMS journey? And/or whose support during your struggles helped to make a difference for you?
Check out our resources for parents, supporters and providers at the link in our bio.

#lowmilksupplyfoundation
#chroniclowmilksupply #igt #lowmilksupply #lowsupply #breastfeeding #bf #chestfeeding #ibclc #lactationsupport #bottlefeeding #donormilk #combofeeding #pacedbottlefeeding #sns #supplementalnursingsystem #atbreastsupplementation #lactaid #bottle #triplefeeding #breastfeedingproblems #breastfeedingsupport #breastpump #pumping #exclusivelypumping #milkbank #health #ourstoriesmatter",,,,,,
raisingwildexplorers,38,13,2021-08-07T00:20:10.000Z,"In honor of World Breastfeeding Week, this is to say...

Breastfeeding is freakin' hard! 

No one's journey is the same, whether you are breastfeeding or using formula. I just want to say, no matter how you are nourishing your children, you are a super hero! The demands of an infant are non stop. And you are showing up and doing whatever it takes. 

My breastfeeding journey with the twins is a lot different than it was with Maya. I never got to nurse them right away, because they where whisked off to the NICU. It took almost a week before we could even try to put them to the breast.

We had to do triple feeding in the beginning, so breastfeeding each boy, then bottle feed and then pump for each session. It easily took about 1.5 hours or more every time for the first 6 weeks. And they were eating about every 2.5 hours so sleep felt non existent. Tandem nursing took us all some time to figure out. My tired eyes in this picture show the exhaustion my body was feeling. 

Our breastfeeding journey is getting easier (well, I say that, but I just went through a clogged duct that almost turned into mastitis....probably one of the most painful things ever and I would wish on no one) and I hope the boys and I can continue for awhile. 

I don't want to forget the way their fingers curl up and down as they nurse. Their eyes staring into mine as my milk lets down. Their happy little milk grins as they drift slowly into a doze after a feeding. These are the moments that mean so much to me ❤️

Wherever you are in your journey, just remember how incredible your body is. How amazing you are, mama ❤️ 

 #breastfeedingweek #breastfeedingmom
#tandemnursing
#triplefeeding #twinlife #fedisbest #breastfeedingjourney #motherhoodunfiltered #twinmom",,,,,,
newbornmum,37,24,2023-05-22T22:33:32.000Z,"SIX MONTHS | I had no idea that feeding you from me would take everything of me. 

We don’t talk about it much, do we? I’d never really seen much of it, and didn’t know too much what it would take or the specifics of how to do it. 

I’d never heard the term ‘triple feeding’ and thought you either breastfed or you didn’t. I didn’t know about the wonderfully complex and nuanced world of the in-between that has enabled us to continue our breastfeeding journey. 

In a way, our breastfeeding journey is an ode to formula. I cried, giving her that first bottle. Wept. My stupid body failing my beautiful, tiny daughter, despite my every hope and effort. 

But with that bottle and that heartbreak, I grew hope. Because by giving her that bottle, and the ones after, we were able to continue to breastfeed. 

Turns out my body wasn’t going to make enough for her on its own. I still have feelings about that. But it could make enough for some, and that some would be worth it then, and it continues to be worth it now. 

I’m so proud of us for getting to six months. At one point I didn’t think we’d make one month, let alone six. At three weeks, I asked our photographer to take these photos of me feeding her, because I wanted to remember how beautiful it was and how much we both adored it before we weren’t able to anymore. 

But here we are, at six months, and with no plans to stop. I am so so proud that we’ve made it. We are here after a long walk with a team of health professionals, midnight pumps, ongoing daily medication, hours and hours with you in my arms, never far away. T supporting us every feed. And you, my darling girl, are the most amazing feeder ever. You love your susu and I love giving it to you. 

I had no idea that feeding you from me would be worth it all. 

🪻🪻🪻

All feeding journeys are complex and right for you and your babes 💕 There is no judgement on others’ experiences here - we have walked all types of feeding in our journey and are grateful for the role of each 🩷 I also know my body is not stupid (she grew and fed this babe!) and she did not fail. Feeding journeys are often accompanied by grief and guilt, as well as pride.",,,,,,
carlycashman3,37,7,2023-03-30T03:06:30.000Z,"Tears were shed but a huge wave of gratefulness that I was blessed to be able to pump all of this extra milk while still satisfying Stella’s needs. I stopped pumping back in September and stored this for emergency. Now, it’s time to say goodbye and bless a family in need. I was able to help a family of two premature babies with a mommy who’s supply plummeted from mastitis. So many hours went into this and God knew who it was for all along. 🤱🏽💙🥹

Photos of about 110 bags of 6-8oz per bag. Let’s say 800oz of milk was donated !! #breastfeeding #breastmilk #breastmilkstorage #pumpingmom #triplefeeding #hugeblessing #blessing",,,,,,
a_little_more_eco_mum,37,21,2022-06-03T07:12:02.000Z,"Breastfeeding struggles 🫠
.
If you check in on my stories you would know that I have been having struggles with low supply 💗
.
It’s been hard work with Merryns weight dropping to 12.5% loss by day 12 🥺
.
Dan and I made the decision to top up with formula even though I was worried it would tank what little supply that I had and my breastfeeding journey would be over like it was when I had to combi feed Sennen 🫥
.
Not long after she was assessed for tongue tie and a posterior tie was found. We have had this separated but it has made little difference 😔
.
This is not how I expected it to be. I have been triple feeding since she was nearly 2 weeks old and she is nearly 6 weeks old and I’m so proud of myself for sticking at it even though it’s been emotional at times 🥲
.
Trying to breastfeed, top up with expressed milk and most times this is topped up with formula and pump as much as I can over the day and night (should be every 3 hours but toddler and tiredness and having a newborn still breastfeeding when she wants means this isn’t the case most of the time) 🙃
.
I am learning to accept when she doesn’t want a breastfeed and know that she will still get nutrition 💗
.
I am still looking for ways to improve her latch, I have been told by a lactation consultant that she has a lot of tension and that could be the cause of her poor latch so we have booked in with a cranial osteopath soon 🤞🏻
.
Did you have similar problems? Have you seen a cranial osteopath? 🙂
.
.
.
#tonguetie #lowsupply #triplefeeding #combifeeding #pumpfeedpumpfeed #breastfeedinghelp #breastfeeding #breastfeedingsupport #talkinghelps #combifeedingsupport #cranialosteopathyforbabies #tonguetiebabies #birthweightloss #4thtrimester #domperidone",,,,,,
unexpected_apsg,37,4,2021-05-21T00:51:29.000Z,"While pregnant, I made a goal to #breastfeed for at least 6 months. I know the recs are 1 year+, but I also know the unpredictable nature of my job and my general tolerance of not meeting goals. 

Within a couple weeks #postpartum, I thought I was going to have to abandon my goal as Baby Girl was having weight issues. We had been #breastfeeding frequently and on demand without any apparent issues with anatomy or latch, but she just wasn't getting what she needed directly from the breast. 

We went through #triplefeeding, which included some #formulasupplementation for a bit and also a stretch of spending entirely way too much time #breastpumping. 

For my own sanity and wellbeing, I eventually transitioned to #exclusivepumping, and that's what we've been doing since. She does nurse at least once a day for soothing, and I'm thankful to be able to provide her comfort in that way. 

Exclusive pumping feels like breastfeeding with an asterisk. I have anxiety that it makes me just not quite as good of a mom, as if I haven't put a huge amount of my time, effort, and tears into trying to make this work. 

She is asleep for the night on this the eve of her 6 month birthday. Despite our challenges, I've met my goal (and plan to keep going!), even if it is with that asterisk. Six months is nothing for many lactaters, but it's huge to me. 

To commemorate this, I did a thing I definitely would have thought was weird before - I made a #breastmilknecklace. I ordered a kit from Etsy, where you can find anything. It had a powder that I mixed with a small amount of breastmilk on the stove to make a paste. After it was dry, I ground it into a preserved breastmilk powder which I then put into the glass ball. Voila - boob juice jewelry. 

The mortar and pestle I used to grind the powder left some unexpected imperfections, which is really fitting given our journey. The necklace is a symbol to me of the beauty in providing my baby girl every possible ounce of my love and support, come what may. Breastfeeding didn't go quite as planned, but I have a happy, healthy baby, and our mommy-daughter bond is strong. That's something to celebrate.",,,,,,
bloomdpc,37,5,2021-03-24T18:20:28.000Z,"Have you ever wondered if your baby is burning too many calories by breastfeeding or chestfeeding? Maybe you were told to limit time at the breast/chest in order to keep them from losing too much weight?

Well, according to a study done in preterm infants (over 32 weeks gestation), babies burn the same amount of calories feeding from a breast/chest as a bottle despite feeding longer at the breast/chest!

The study was small, but the results are great! Infants can safely feed for longer periods at the breast/chest and not burn extra calories.

The only time I suggest limiting time at the breast/chest is for maternal mental health. If baby nurses for 45 minutes and then you are pumping and supplementing, decreasing that time at the breast/chest so your overall feeding schedule isn’t 1.5 hours and you have to repeat it again in an hour is helpful!",,,,,,
igtandlowmilksupply,37,1,2019-08-03T01:35:07.000Z,"Not long now, we will be sharing resources that we hope will help families on this unexpected journey with chronic low milk supply <3⁠
#lowmilksupplyawarenessday #igtandlowmilksupplysupportgroup #igtandlowmilksupply #igt #lowmilksupply #lowsupply #normalizebf #normalizebreastfeeding #worldbreastfeedingweek #wbfw  #chestfeeding #sns #atbreastsupplementation  #breastfeeding #bf #perceivedlowmilksupply #ibclc  #bottlefeeding #donormilk #mixedfed #feedwithoutguilt  #triplefeeding #breastfeedingproblems #lowmilkmama #breastfeeding #lactationcookie #lactation #galactagogues",,,,,,
boardroomtobouncehouse,36,3,2023-01-31T21:50:40.000Z,"Weigh In Day! 9lbs 0.8oz today so we are seeing some improvement! It’s been really exhausting nursing, pumping and bottle feeding but Lex is also becoming more efficient with nursing and with bottles (he can do 1 oz/5 mins now) so it’s worth it! Hopefully we can drop the triple feeds in 2 weeks and just nurse exclusively at home and bottle feed while I’m at work! 🤞🏻

#breastfeeding #breastfeedingmom #breastfeedingjourney #pumpingmom #exclusivelypumping #exclusivelybreastfeeding #exclusivepumping #infantreflux #infantfeeding #postpartum #postpartumdepression #postpartumanxiety #triplefeeding #workingmom #bossmom",,,,,,
igtandlowmilksupply,36,0,2019-08-05T00:50:11.000Z,"There is not ONE “right"" way to handle chronic low milk supply, there is only the way that is right for you, your family and your unique needs. You have options, but sometimes choice is overwhelming so please reach out to your IBCLC, our support group and your feeding supporters to help decide what's best for you and YOUR goals. (see bio link for resources) 
#lowmilksupplyawarenessday  #igtandlowmilksupplysupportgroup #igtandlowmilksupply #igt #lowmilksupply #lowsupply #normalizebf #normalizebreastfeeding #worldbreastfeedingweek #wbfw #wbw #chestfeeding #sns #atbreastsupplementation  #insufficientglandulartissue #breastfeeding #bf #perceivedlowmilksupply #ibclc #clc #bottlefeeding #donormilk #mixedfed #feedwithoutguilt #aug5 #5aug #pacedbottlefeeding #lactaid #bottle #triplefeeding",,,,,,
arrielleve,36,1,2018-07-10T19:21:45.000Z,It’s amazing how much fun you can squeeze in the hour and a half between nursing/feeding/pumping #firstborn #lifewithnewborntwins #triplefeeding #whoneedstosleepanyway #weditchedthebabies,,,,,,
newbornmum,35,28,2023-04-27T09:55:19.000Z,"THE SCALE | I’ve had a complicated relationship with the scale my whole life. But never so much as in the last five months. 

They talk about bouncing back after a baby. A weird obsession with the postpartum scale - always wanting to see it go down. 

Over my life, I’ve danced at the scales and I’ve wept at the scales. But no number has ever meant more to me than the one whose trajectory I’ve stalked with earnest over the last five months.

The scale no one told me about has dictated our day-after-day for months. The scale that made me feel proud and devastated; elated and terrified. 

It’s a heart-breaking thing to watch the little dot you care most about in the whole wide world fall curve by curve, and off the chart. 

To be up all hours of the night feeding and pumping and sterilising. Googling and panicking. Hating your body that has failed you both. 

To watch my dear darling dot now scale the curves is so many hard battles won. 

I quietly cried some happy tears at today’s scale - we’ve really done it. This little team of three, who never gave up. This team of three who’ve triple fed for five months. This team of three who can break up with the scale, and be proud of our bodies who did it. 

It was worth it. You were worth it, my precious little thriving, growing dot. 

📈

Please feel free to share your experiences if this resonates 🤍 No advice needed - thank you 🤍 We’ve worked with an amazing team. Highly recommend connecting with an IBCLC if this sounds familiar and you need to see your little dot climb some curves x",,,,,,
breastfeedingdiabetic,35,4,2021-09-02T18:32:37.000Z,"An oldie but a goodie (really the bestie 🤌🏽)

I am thankful for my healthy, growing babe and my ability to  feed him from my body. But it wasn’t always this way.

I have done all of the above and felt most comfortable AND confident in my choices when I received support and education about each option available to me and my son.

There were times when breastfeeding felt impossible. I didn’t think it would ever click for us, and so I pumped with a side of nursing AND supplemented with formula when what I could pump was not enough. I also used donor milk and praise be to the mama’s with a generous supply that are willing to share their precious liquid gold. 

We triple fed for 8 weeks and it is a fresh version of hell, but I did what was necessary to keep my baby fed.

The saying ‘fed is best’ gets tossed around a lot, and I do think it can be a lovely saying and idea, however, fed is not optional. It is a basic human need. 

So we shouldn’t minimize a mama’s feelings of frustration or confusion about her method of feeding her baby, by saying ‘fed is best’. In my opinion, that saying undermines a mama that may have made a choice to use formula from the start. Or a mama that is navigating low supply and grieving her feeding journey not going as planned. Formula is an amazing resource available to moms who may not be able to breastfeed, or don’t have the desire to. 

So please know, no matter how you choose to feed your baby, you have ALL of my support.

#breastfeedingdiabetic #breastfeedingwithdiabetes #breastfeedingeducation #breastfeedingsupport #breastfeedingisaskill #pumpingmama #formulafeeding #triplefeeding #donormilk #feedingjourney #postpartumjourney #bottlefeeding #normalamounter #breastfeedingoptions",,,,,,
hope_and_wine,35,1,2021-09-23T22:46:35.000Z,"5 more days until LAUNCH DAY! Is anyone else excited? First up we’ll have: 

💗 The Reality of Infertility - Diary Days: Week 1 

💗 How to Make My Healthier Chocolate Chip Lactation Cookies 

💗 What is Triple Feeding and How to Conquer It 

Each week I will have a new “Diary Days” entry for you to enjoy going through all of our different IVF, prematurity and laryngomalacia journeys we have been through and so much more. 

Each month I’ll have new easy family recipes for you to share with your family.

I’ll also be sharing many tips and tricks for you and your baby from my view as a pediatric emergency room nurse and a new mom. 

Please share anything you would be interested in hearing about! I look forward to hearing from all of you! 💗

#latepreterm #thenursemamadiaries #motherhood #specialmoments #iam1in8 #infertilitywarrior #laryngomalaciababy #failuretothrivenomore #pumpingmom #exclusivepumping #triplefeeding #breastfeeding  #honestmotherhood #prematurityawareness #lactationcookies #lowmilksupply #mamablogger #recipes #newadventure #failedivf #miraclebaby #uniteinmotherhood #girlmom",,,,,,
lalactation,35,4,2020-08-07T18:12:11.000Z,"Whether it’s 3, 5, or 10% of the population, there are people that struggle to or never make a full milk supply. From 1 month to 1 year, exclusively breastfed babies average 25oz of breast milk per day. True low supply means making less than this when the breasts are stimulated every 1-3 hours day and night. Chronic low milk supply is linked to either a greater health concern or something out of your control which you cannot change or fix with cookies, teas or even sometimes medications and pumping. 

🗝Low milk supply that can be increased with time and support:
💡Baby not feeding efficiently from lack of oral motor skill or tongue tie
💡Taking certain prescription medications with a side effect of dropping milk (Sudafed, Benadryl, antibiotics)
💡Not feeding or pumping enough, especially over night
💡Scheduled feedings or over use of a pacifier
💡Birth. Many medications designed to help you labor and deliver actually inhibit baby from latching and feeding effectively for hours to days after birth. Hemorrhage or birth trauma can also cause low supply in the beginning
💡Supplementing, especially in the two weeks after birth 

🗝Reasons for chronic low milk supply that may not increase even with maximal support:
💡Insufficient glandular tissue (IGT). Breasts never developed during puberty and look tubular or widely spaced. Signs of IGT include breasts did not grow in puberty, or increase in size during pregnancy. No engorgement in the week after birth
💡Uncontrolled or undiagnosed thyroid disorder
💡Uncontrolled diabetes
💡Hormone or endocrine disorders, including severe PCOS
💡Hormonal birth control placed/used too soon after delivery 
💡Breast or nipple surgery, augmentation, reduction, trauma
💡Nipple piercing that scars shut instead of staying open

There is a mistaken belief that prescription galactagogues, teas, or herbs can cure ANY chronic low milk supply. Before self-prescribing or taking Domperidone, Reglan, fenugreek, or any other lactation supplement, consider having your serum prolactin levels tested and a full evaluation by a skilled lactation consultant. Continue to follow @lalactation for strategies of breastfeeding with chronic low milk supply.",,,,,,
laurenhasz,35,1,2017-02-18T12:56:04.000Z,"Do you have a self-care habit that starts your day off with a bit more warmth in your soul? I might be up nursing and pumping throughout the night, but I try to make time for my cup of coffee that I drink while taking a quick shower. Morning changer...even at 4 am ☕️😂 #postpartumjourney #coffeelover #selfcare #fringehours #triplefeeding",,,,,,
ine_fragoline,34,2,2022-08-05T13:15:51.000Z,"Week van de Borstvoeding
 .
Mevrouw en ik hebben al een heel parcours afgelegd:
- in de materniteit #triplefeeding want er was iemand te ongeduldig, ondanks een blijkbaar gigantisch goeie productie (de woorden van de vroedvrouwen, niet de mijne)
- tot 9 weken nood aan een tepelhoedje door diezelfde ongeduldigheid
- huidige stand van zaken: 7 minuten hoofdgerecht en 4 minuutjes dessert, afrekenen doet ze vaak met een mooie glimlach van op mijn schoot
- wie weet wat de toekomst brengt!
.
Cliché staat als een paal boven water, maar ik ben enorm onder de indruk van het vrouwelijk lichaam!
.
Moment captured by the talented @paulinedphotography",,,,,,
breastmed,34,17,2021-11-12T09:21:24.000Z,"Quite a number of lactation consultations involve babies with slow weight gain, and parents have been told to feed, express their milk, then give that ""top up"" to their baby.  This is known as ""triple feeding"" and the mere suggestion might leave a new parent exhausted and demoralised! 
🤍
Triple feeding is just one way of optimising how much milk gets into a baby.  But first, it's important to understand WHY a weight chart looks the way it does, in order to know whether it is the right tool to use in that situation, for that family. 
🤍
These tiles represent part of my thought process and the combination of tools that may be used to optimise weight gain in some situations.  It's also important to note that weight is ONE way of assessing infant growth and development, and parents often have a good intuition about how their baby's development is doing overall. 
🤍
Once milk production and intake has been optimised, a review by a paediatrician may also be part of the management. 
🤍
Paediatric review should not be used as a threat to get parents to formula feed, but be part of a collaborative approach towards optimising the wellbeing of the dyad, and protecting lactation where it is important to the parents. 
🤱🏼👩🏽‍⚕️
I'll save my thoughts on top up volumes for another day, but below is the tool that health visitors and other healthcare professionals should be using to assess your baby's growth, and some parent stories about what worked for them. 
👇🏽
Did your baby's weight gain slow?  What worked for your wee one? 

https://www.nice.org.uk/guidance/qs197/chapter/Quality-statement-1-Measurement-of-growth 

https://www.hifn.org/the-voice-of-the-breastfeeding-fami

#lactationconsultant #ibclc #weighin #slowgain #falteringgrowth #humanmilk #informedisbest #triplefeeding #moremilk #pumpingmama #mumlife #breastmilk #breastfeeding #chestfeeding #oxytocin",,,,,,
theunboundnetwork,34,5,2021-05-22T01:26:14.000Z,"Our breastfeeding journey was the opposite of what I envisioned and that was devastating. 

I was told on day 4 that our issues were because I had low supply - but when I later brought up concerns that Mari would gag and choke while nursing, I was then told that I had a fast letdown…it didn’t really make sense to me that someone could have both but as a first time mom, I assumed the medical and health professionals knew what they were talking about. 

And when I had 3 days of nonstop breast pain due to clogged ducts week 2, I was told my body was just adjusting. 

I will never know this for sure, but I believe that my supply was actually fine initially - but Mari’s inability to latch and effectively extract milk meant that it wasn’t being removed. As a result of this, my body stopped producing early on. 

By week 3, I had shifted to nursing Mari only once a day trying to give my nipples a break. I pumped for multiple sessions, both breasts, and would get about this…less than half an ounce. 

I learned a LOT about pumping and will share what worked for me for sure but THIS image feels important. I remember tapping the side of the bottles to get every single drop and how big and deep my feelings of inadequacy were because I wasn’t producing for my baby. I saw no images of breastmilk production where bottles weren’t full…so to anyone who might be struggling and putting this out, or who looks at this and hopes “one day”…you’re not alone. 

Also, to anyone out there who is pregnant or breastfeeding and can, do yourself and your little love a favor and find an incredible lactation consultant immediately.

#lowsupply #nursing #exclusivepumping #breastfeeding #breastfeedingjourney #tonguetie #tongueties #tonguetiebaby #tonguetiebabies #IBCLC #LC #oralrestrictions #liptie #posteriortonguetie #pumpingmom #pumping #triplefeeding #triplefeedingissoexhausting #lactation #lactationconsultant #lactatingmom",,,,,,
beautifully_imperfect_momma,34,9,2017-01-31T04:47:25.000Z,"This is super hard to post bc I have my own issues with Body image, however I think the world needs to see breastfeeding is not easy for all of us. 
#boobybaby #normalizebreastfeeding #lowsupply #triplefeeding #AutumnRose",,,,,,
breastmed,33,5,2023-10-12T08:05:19.000Z,"🤍 My new favourite mug. 🤱🏽

Thanks to @sunshinenumber1 and @potsfromscots #shoplocal #shopsmall",,,,,,
youmeandbabiee,33,0,2021-11-05T05:40:16.000Z,"Even though my feeding journey has been full on at times I love the closeness I feel to my beautiful boy when I'm 🤱 especially when it helps soothe & calm him!! However its also nice to Express and let dad/nana do a 🍼 especially if I want an early night😴 or escape for a couple of hours to get some head space!!!🤯

 Protecting your own mental health is so important in pregnancy & the post partum and I'm a big advocate for moms taking some time out which then makes you feel like a better mom. 🥰

Check in with each other and support each other the best you can.  Its ok to ask for help and have a break. 

If your struggling with feeding seek help from a qualified IBCLC or the Australian Breastfeeding Association 

#9weekspostpartum #triplefeeding #breastfeedingsupport #breastfeeding #expressing #compfeeds #spectra #stillgoingstrong #momlife #momofboys #parentsroom #headspace #mentalhealth #supporteachother #checkin #ibclccertifiedlactationconsultant #goldcoast #youmeandbabiee #lovemyjob #ibclc #australianbreastfeedingassociation",,,,,,
lowmilksupplyfoundation,33,0,2021-08-05T21:44:01.000Z,"We're done being dismissed by our providers. We're done accepting the myth that breastfeeding has to be all or nothing, and the myth that true low supply doesn't exist.

WE. DESERVE. BETTER.

Chronic low milk supply is NOT in your head. 
It is NOT your fault. 
Your body has NOT simply “failed.” 

Rather, parents who suffer from chronic low milk supply have been failed by the false dogma that suggests lactation is a naturally “perfect” process, and a medical establishment that consistently diminishes and dismisses women’s health concerns.

The bottom line: in the absence of breast surgery or mismanagement, chronic low milk supply is a red flag for a hormonal, structural and/or anatomical issue with the lactating parent, the infant, or both. There are things you can do to investigate the possible root cause(s) as well as to have a better breastfeeding experience. And just as with any chronic health condition, you deserve support, validation and answers – even if the problem can’t be fixed. Because #everydropcounts.

#lowmilksupplyawarenessday

#lowmilksupplyfoundation 
#igtandlowmilksupplysupportgroup #igtandlowmilksupply #igt #lowmilksupply #lowsupply #normalizebf #normalizebreastfeeding #worldbreastfeedingweek #wbfw  #chestfeeding #sns #atbreastsupplementation #breastfeeding #bf #ibclc #bottlefeeding #donormilk #mixedfed  #pacedbottlefeeding #lactaid #bottle #triplefeeding #breastfeedingproblems #breastfeeding #supplementalnursingsystem #breastpump #pumping #milkbank",,,,,,
mamatoamountain,33,2,2021-05-10T07:19:44.000Z,"This is #mothersday when you’re #triplefeeding a #preemie while recovering from a major abdominal surgery. #unglamorous, #unfiltered, tired,  and covered in milk and nipple balm AND just absolutely perfect. 
.
.
.
.
.
.
.
.
#miraclebaby #lastbaby #breastfeeding #chestfeeding #pumpingmom #bottlefeeding #breastfeedingmom #preemiestrong #nicubaby #babygirl #momlife #momlifebelike #momlifeisthebestlife #momsofinstagram #momminsohard #breastpump #family #momof2 #boymom #girlmom #upallnight #imtoooldforthis #namasteinbed #csection #postpartum",,,,,,
juliehigginsusa,33,3,2019-10-19T17:50:10.000Z,"~ M E E T  C O T T O N T A I L ~

The first few weeks of Livingston’s life was hard. He was tongue tied and wasn’t gaining weight (talk about a roller coaster of emotions!) and my supply was all over the place because of it. Fortunately he got it revised at three weeks and now he eats like a champ! It didn’t come easy though because he had relearn how to nurse since he’d been “sucking the same way since utero” (if I had a penny every time I heard that phrase🥴). So every 2-3 hours, I would nurse him for about 30 minutes, pump for about 20, and then feed him which took about 20 minutes as well. Did I mention it was every 2-3 hours? Do the math 🥴. I pretty much was feeding the baby or doing something with milk all day. I about gave up four or five times. We did this for weeks.

This little bunny kept me sane ❤️. It wouldn’t have been uncommon to find me crocheting and pumping away at three in the morning with eyes half open. This little guy kept my mind busy and gave me something to look forward to when I did not feel like dealing with all things breastfeeding. So thankful we are past that stage and I’m sure my husband is as well 😳🥴 #hotmess. 
Thank you cottontail for your fluffy distraction ❤️❤️❤️. Enjoy the snuggles with my sweet girl.
.
.
.
.
.
.
#crocheting #crochet #selfcare #mindfulness #distraction #mentalhealth #breastfeeding #tonguetie #nursing #persistence #motherhood #newborn #triplefeeding #shepersisted #didntquit @1dogwoof #lionbrandyarn @lionbrandyarn",,,,,,
thebreastfeedingpediatrician,32,0,2022-10-16T19:38:46.000Z,"“Bring baby it breast for each feed and then when they are finished, offer some formula to top them off.”

Have you heard this before?

Many well-intentioned health care providers give this advice, particularly if the baby is slow to gain weight, is still working on learning how to latch, or “until milk comes in.” Although there are times when formula is medically indicated in babies, there is a key piece of information that many people do not include in their advice.

What can happen is that babies get some breastmilk from feeding directly, and then take formula when offered. This can lead to babies feeling more full than they otherwise would have, which can lead to less frequent feeding at the breast or a less vigorous suck at the next feed.

So when the next feed comes around, baby may not remove as much milk. Parents worry because it was a short feed and offer formula again, which the baby often takes. This cycle continues and the baby may feed less and less at the breast, which can ultimately lead to a decline in milk production, which further perpetuates less feeding at the breast and more from the bottle.

So what to do if your baby is not feeding effectively at the breast? Bring them to breast, pump, and then give the pumped milk. If there is not enough milk to give, THEN give formula when indicated. The key is to pump every time that formula is give, so that your body gets the stimulation it needs to keep making milk!

#breastfeeding #breastmilk #newborn #evidencebased #pediatrics #pediatrician #triplefeeding #pumping",,,,,,
ciara_nurturefortwo,32,4,2022-09-20T10:34:21.000Z,"Triple feeding is when you are breastfeeding your baby plus pumping and then topping up your baby with a bottle of either expressed milk or formula.

Triple feeding is exhausting and really hard work. Most families end up triple feeding because there are concerns about their babies weight gain, low supply, late preterm or early term babies who aren't able to feed well at the breast or babies with an underlying medical issue.

Babies who are triple fed will often breastfeed then have a bottle and the breastfeeding parent pumps after feeds. When I am working with families I often advise them to give the bottle first and finish on the breast. This maintains a positive association for the baby with the breast. This is really important to prevent breast refusal.

Triple feeding is a short term solution and not something that you should be doing for weeks and weeks. If you are triple feeding you need a thorough plan which has definitive timeline including moving away from triple feeding. 

It is not something people can sustain long term. If you're triple feeding you should work with an IBCLC.

#triplefeeding #pumping #bottlefeeding #preterm #lowsupply #earlyterm  #breastfeeding #chestfeeding #humanmilkfeeding #breastmilk #supportbreastfeeding #ibclc #lactation #lactationconsultant #lactationconsultantmama #humanmilk",,,,,,
milk.honey.health,32,10,2022-08-23T21:47:57.000Z,"Pediatricians are notorious for recommending triple feeding but they don't necessarily understand what that means long-term. If you're ever instructed to do this, contact an IBCLC ASAP!

Triple feeding is NEVER a long term solution and while I have worked it into a lactation plan, it's typically ONLY if the stars align and we have a plan to move past it. So many factors are accounted for when I'm helping families find feeding solutions. 

#breastfeedingstruggles #triplefeeding #breastpump #breastfeeding #lactation #lactationsupport #lactationconsultant #ibclc #knoxville #knoxvilletennessee",,,,,,
chavahchildbirth,32,4,2021-04-30T13:02:07.000Z,"⠀
MAMAS// Have you heard of or used a 𝙎𝙪𝙥𝙥𝙡𝙚𝙢𝙚𝙣𝙩𝙖𝙡 𝙉𝙪𝙧𝙨𝙞𝙣𝙜 𝙎𝙮𝙨𝙩𝙚𝙢 (𝙎𝙉𝙎) or Lactation Aid? What was your experience with it?⠀
⠀⠀⠀
SNS uses a thin feeding tube, with one end attached to a syringe or dipped into a bottle of expressed breadt milk or formula and the other end is placed into baby’s mouth while they are nursing.⠀
⠀⠀
It allows baby to be supplemented with extra milk without having to use a bottle and can be very helpful in cases of low milk supply, breast refusal and also a great option for adoptive parents. ⠀
⠀
𝗕𝗲𝗻𝗲𝗳𝗶𝘁𝘀: ⠀
⠀
🤱🏼Baby receives ALL their milk at the breast. No need to top up after breastfeeding with a bottle or other device. This also helps maintain that positive connection with baby and the breast.⠀
⠀⠀
🤱🏽Baby will learn to nurse by nursing. The help of the flow of milk with the SNS encourages baby to suck more actively and stay more interested at the breast.⠀
⠀⠀
🤱🏻It can help increase your milk supply through direct sucking at the breast.⠀
⠀⠀
🤱🏾May help decrease baby fussiness at the breast.⠀
⠀ ⠀
If you are struggling with breast/chest feeding and are curious to see if using an SNS would be right for you, please reach out. ⠀
⠀
Original post @welcomebabies_lactation 
⠀
⠀
⠀
⠀
⠀
⠀
⠀
⠀
⠀
⠀
⠀
⠀
⠀
⠀
⠀
⠀
#lactationaid #supplementalnursingsystem #triplefeeding #breastfeedingsupport #lactationsupport #lowmilksupply #lowsupply #supplyanddemand #breastrefusal #pumpingmom #newbornfeeding #adoptiveparents #adoptivemom #breastfeedingpositions #breastfeedingproblems #newmomlife #breastfeedingmama #mamaandbaby #breastfeedingmoms #breastfeedingtips #chestfeeding #nursingmama #parenting #fourthtrimester #uniteinmotherhood⠀
#postpartumsupport #doulalife #honestmotherhood #momstruggles #lacatationspecialist",,,,,,
theomahababynest,32,3,2020-08-01T14:19:12.000Z,"Today kicks off #worldbreastfeedingweek and #nationalbreastfeedingmonth. We have a fun week planned and can’t wait to engage with you all! Make sure you’re following our Instagram @theomahababynest for all of the fun announcements!
.
.
#breastfeeding #celebrate #dedication #pumpingmoms #triplefeeding #sns #cupfeeding #tonguetie #latch #breastfeedingmoms #milkmaker #boobiemilk #mommymilk #liquidgold #breastmilk #newborn #toddlernursing #tandemnursing #ournest #theomahababynest #doulas #clc #ibclc #lactation #postpartum #nursingstruggles #inursedthrough",,,,,,
a_little_more_eco_mum,31,7,2022-07-09T13:39:45.000Z,"Low milk supply 🫶🏻
.
Still here. Still making a small bit of milk and hoping one day it clicks❣️
.
Things that annoy me about having a low supply that aren’t the obvious 🖌
.
Not wanting to buy nice nursing bras or tops because you might not be in them soon 👙 
.
Not wanting to go to a breastfeeding group incase you get imposters syndrome 🪞
.
Wanting to get help for pumping and bottle feeding along with help to breastfeed because you don’t know if you are doing it well 💎
.
Feeling like shit when you sleep through your alarms and your baby hasn’t woken up to eat. Knowing you are thankful for the sleep but you make milk best at night 🤹🏻‍♀️
.
Every time you go out of the house it’s a build up that you never imagined 🍼
.
The amount of hours you spend looking up solutions to your problems with feeding but you know it’s mostly aimed at people with a healthy supply so you can’t find much that will help you combi feed properly (she’s getting bigger and I’m not supposed to give her more than 4oz pace fed. So when does that change because surely then she won’t have any reason to have my boob) 🤷🏻‍♀️
.
How do you find the right help 🙇🏻‍♀️
.
When you know that the best way to get more milk is drain what is in your boobs regularly. How do you do that when your stress means you can’t get the letdown 🙆🏻‍♀️
.
People complaining that they only pumped 4oz total on their session when you are lucky if you get 20ml 🤦🏻‍♀️
.
Just feeling a bit down about it today. Sharing is caring and all 👍🏻
.
.
.
#lowsupply #lowsupplystruggles #lowsupplyloneliness #elasticnipples #stillherepumping #pumpingalldayeveryday #breastfeeding #combifeedingsupport #4thtrimester #triplefeeding #triplefeedingissoexhausting",,,,,,
lowmilksupplyfoundation,31,4,2022-04-04T20:37:34.000Z,"We are so grateful to Melissa Cole, MS, IBCLC, for a stellar presentation about the many causes of low milk supply during today's opening keynote speech of the GOLD Lactation Online Conference. We were honored that Melissa took the time to highlight our work and help spread the word about the Low Milk Supply Foundation! 

Chronic low milk supply is an important topic that deserves greater recognition and understanding within the lactation community. We look forward to working with Melissa and others in the future to bring greater awareness about the causes of and treatments for CLMS so that more parents can get the help and support they need.

#lowmilksupplyfoundation
#chroniclowmilksupply #igt #lowmilksupply #lowsupply #breastfeeding #bf #chestfeeding #ibclc #lactationsupport #bottlefeeding #donormilk #combofeeding #pacedbottlefeeding #sns #supplementalnursingsystem #atbreastsupplementation #lactaid #bottle #triplefeeding #breastfeedingproblems #breastfeedingsupport #breastpump #pumping #exclusivelypumping #milkbank #health #goldlactation2022",,,,,,
sionann_shreds,31,6,2021-11-24T20:06:24.000Z,Living my best pumping life 🔥 ☕️ 📖 Also very much looking forward to all the pie that’s about to come into my world 🥧,,,,,,
kariskuhlewindtaylor,31,2,2021-11-13T14:54:17.000Z,"My sweet girl had two teeth finally pop through! Those were some long sleepless nights. 

Thankful for a husband who took a shift and held her so I could get some sleep because her only comfort was to be held or to be nursed. 

Although those were some long nights I was thankful for the ability to nurse her. I struggled with Trey. He was born at 37 weeks, spent time in the NICU, had a tongue and lip tie, was introduced to the bottle first, I was a first time mom, I was stressed, triple feeding, tired, and the list goes on. I was thankful I was able to mainly breastfeed him until 14 months, but we still needed one bottle of formula a day. 

When we knew we were having our Lily girl I hoped and prayed we wouldn’t go down the same path as we did with Trey. Thankfully, I’ve been able to exclusively breastfeed her until 4.5 months-when we introduced solids-and have continued past 6 months! 

Breastfeeding is no easy task and although each journey may look different I’m proud at how far we’ve come with each. Yesterday we celebrated that milestone with a milk bath so we don’t forget how far we’d come. 

#6monthsold #milkbath #breastfeeding #babiesofinstagram #36weeks #teething #triplefeeding #momsofinstagram #nursing #diy #lightroom #lightroompresets #photoshoot #milkbathphotography",,,,,,
jessbelobrov_lc,31,8,2021-10-30T04:55:39.000Z,"An article published in The Age Good Weekend magazine today, outlined this common issue facing many new Mums. 

Referred to as ‘triple feeding’, many women are sent home with their new babies, breast feeding, expressing and topping up with expressed milk. In a few scenarios, this is a necessary, but temporary measure. However, in many cases this is introduced unnecessarily and can lead to a cascade of issues. It is not only utterly exhausting and unsustainable, but also a very stressful and difficult cycle to break.

If you or anyone you know, is battling this ‘triple whammy’ at the moment, please remind them that they’re doing an incredible job, to reach out for support and know that there is a way out. 

#breastfeeding #triplefeeding #lactationsupport #lactationconsultant",,,,,,
lowmilksupplyfoundation,31,0,2021-08-05T21:58:02.000Z,"The Low Milk Supply Club is one that no one wants to be in. We're not happy you're here, but we are glad you found us! Your grief is valid, and some of us find it helpful to seek therapy to work through our feelings surrounding birth and breastfeeding grief. You're not alone.

#lowmilksupplyawarenessday

#lowmilksupplyfoundation
#igtandlowmilksupplysupportgroup #igtandlowmilksupply #igt #lowmilksupply #lowsupply #normalizebf #normalizebreastfeeding #worldbreastfeedingweek #wbfw  #chestfeeding #sns #atbreastsupplementation #breastfeeding #bf #ibclc #bottlefeeding #donormilk #mixedfed  #pacedbottlefeeding #lactaid #bottle #triplefeeding #breastfeedingproblems #breastfeeding #supplementalnursingsystem #breastpump #pumping #milkbank",,,,,,
katwoman922,31,3,2021-05-18T05:19:53.000Z,"Trying to prepare for back to work. Trying to cope with a baby who’s struggling to nurse effectively. 64oz of milk I️ can’t give to my sweet baby. But I have a good supply, I’ve worked hard to pump and stay ahead and now I’m #dairyfree #triplefeeding #triplefeedingissoexhausting #feedmybaby #gaininggrams #earneachounce",,,,,,
igtandlowmilksupply,31,2,2019-08-06T05:50:08.000Z,"Natural does not mean harmless. Working with a knowledgeable care provider can help you determine which herbal and prescription galactagogues (supplements) will improve your health/supply, which are a waste of money and which could potentially decrease supply.⁠ See our bio link for resources.⁠
⁠
⁠
#lowmilksupplyawarenessday #igtandlowmilksupplysupportgroup #igtandlowmilksupply #igt #lowmilksupply #lowsupply #normalizebf #normalizebreastfeeding #worldbreastfeedingweek #wbfw #wbw #chestfeeding #sns #atbreastsupplementation  #insufficientglandulartissue #breastfeeding #bf #perceivedlowmilksupply #ibclc #triplefeeding #breastfeedingproblems #breastfeeding #supplementalnursingsystem #postpartum #breastpump #pumping #milkbank #lactationcookie #lactation #galactagogues ⁠",,,,,,
igtandlowmilksupply,31,1,2019-08-05T02:35:09.000Z,"It's not just about the bottle, its about how you use it. See our bio link for tips and resources. ⁠
⁠
⁠
⁠
lowmilksupplyawarenessday #igtandlowmilksupplysupportgroup #igtandlowmilksupply #igt #lowmilksupply #lowsupply #normalizebf #normalizebreastfeeding #worldbreastfeedingweek #wbfw #wbw #chestfeeding #sns #atbreastsupplementation  #breastfeeding #bf #perceivedlowmilksupply #ibclc #bottlefeeding #donormilk #mixedfed #feedwithoutguilt #pacedbottlefeeding #lactaid #bottle #triplefeeding #breastfeedingproblems #breastfeeding #breastpump #pumping #milkbank",,,,,,
rose_schumann,30,2,2024-08-20T14:44:31.000Z,"3AM Club.

#3AM #Newborn #6YearOld #TripleFeeding #Breastfeeding #Pumping #Formula #Nora #WeAdoreHer #Ruby #RubyLou",,,,,,
barselsrummet,30,1,2024-06-05T10:39:15.000Z,"✨Triple Feeding ✨

Triple feeding, der involverer amning, pumpning og supplering med udmalket mælk eller modermælkserstatning, kan være en belastning for både mor og baby. Selvom det kan være nødvendigt i visse tilfælde, er det vigtigt at forstå de udfordringer, det kan medføre. Husk at overveje, hvad der er bedst i jeres situation.

For mange mødre kan triple feeding føre til stress, udmattelse og bekymring over mælkeproduktionen samt tvivl på egen krops evner til at ernære egen
baby. Det er afgørende at få god støtte og vejledning, hvis du oplever problemer med amningen. 

Husk, at hvile også er essentielt for en vellykket ammeopstart. Sørg for at få hvile og pas godt på dig selv, så du kan være der for din baby. Brug dit netværk ❤️

Sunde og raske børn født til termin klarer sig ofte bedst ved friamning - amning efter behov. Jo mere du ammer, jo før løber mælken til og jo mere mælk har du. 
Friamning betyder, at baby skal have brystet, når det viser tegn på sult, og ikke nødvendigvis følge en stram tidsplan. Det er vigtigt at amme efter barnets behov og ikke vente på der er gået 3 timer. 

Ved at lytte til din babys behov og din egen krop, kan du skabe en mere afslappet og rar ammeoplevelse.

#Amning #Baby #Morogbarn #Friamning #Sundhed #Morliv #Nyfødt #Triplefeeding #Moderskab #Ammeliv #Barselsglæde #barselsrummet",,,,,,
thrive_lactation_,30,2,2023-07-14T12:32:22.000Z,"Triple Feeding, is when mums are offering breastfeeds, pumping and bottle feeding for topups. Usually a temporary process to help increase the mums supply whilst increasing or protecting a babies weight

For anyone in this cycle, they will agree that it is exhausting and feels difficult to maintain the commitment it requires due to the length of time each feed takes 

So how can we make it more sustainable? By reducing the time it involves! 

🤱Keep the feeds efficient, no sleeping babies until the end of the feed! 
⛽️Use a good, strong breastpump that allows for double pumping (ensuring use of correct flange size!) 
🍼Have bottles clean and ready to go! Infant formula can actually be prepared in advance safely! 
Breastmilk can even safely be given cold ( just the babies are often fussy and like it warm!) 

Lactation consultants can guide and tweak the triple feeding schedule to ensure your commitment is maintained

For those in this cycle, hang in there! And for those who have been through it please share some words of encouragement in the comments 
#triplefeeding 
#infantfeeding 
#infantfeedingsupport 
#lactation
#paediatric",,,,,,
unexpected_apsg,30,3,2022-08-08T19:33:42.000Z,"I walked into Baby Girl 2's first pediatrics appointment a little traumatized today. This is when and where I found out Baby Girl 1 had lost too much weight in her first few days of life and the counseling from the doctor sounded to my sleep-deprived and hormonal self like, ""You're an inadequate mother who's starving her baby."" It was the beginning of an anxiety-filled and difficult journey that included #triplefeeding for way too long, using three different #breastpumps, and completing a year of essentially #exclusivelypumping. It was the first of multiple encounters that left me feeling hopeless and lacking support, answers, or true guidance from the #lactationconsultants and #pediatricians I went to for help. It was the onset of so many negative feelings about myself and my worth as a mother. It brings tears to my eyes remembering what a low point that day was.

I walked out of today's appointment feeling good and hopeful. #Breastfeeding seems like it is going really well so far, and Baby Girl 2's weight is right where it should be right now. No baby feeding experience is necessarily easy, but I'm optimistic that things will be different in a positive way this time around. Mostly, I'm hoping I can remember that no matter what happens, it means nothing about my quality as a mommy.",,,,,,
courtneyvenuti,30,2,2022-07-05T18:04:17.000Z,"ALRIGHT. It has been a hot minute since I posted an update 😂 things have gotten less and more crazy at the same time. This is my go to look these days, the all natural face with me hooked up to a pump in yoga pants and a comfy shirt. Hair may or may not be washed. It’s usually a 50/50. Recently, I was reevaluating my health goals. Nights with the babies have gotten better, which meant that the time between Corey getting done work and the babies going to bed developed it’s own routine which impacted my workout routine. So I thought about different things. I decided to put running on the back burner. Needing to coordinate enough to go on a run was one thing but having to time a pump session right before to avoid clogged ducts made it near impossible. The heat has impacted the ability to walk with the kids too. Trying to get them to nap at the same time in their cribs has also been rare. But what are things I CAN do? I can eat enough calories. I can drink enough water. I can meditate. I can do yoga via @thetattooedyogi Patreon videos when the time works for me. I can walk when the time and temp are convenient for me. Instead of focusing on what I can’t do, or the strength I don’t have, I’m seeing what I can do. And living there. And building from there. And will continue to do so. Something is always better than nothing. This whole journey is a lot of trial, error/success, trial again. It’s never failed goals. #mommaquart #twinmom #triplefeeding #postpartum #postpartumjourney #postpartumhealth #selfiequart",,,,,,
breastfeedingdiabetic,30,7,2021-05-28T15:33:49.000Z,"Flashback Friday (is that still a thing?! 🤔) to 6 weeks pp when I was having a good day and feeling like a rockstar mama 🤍

I had managed to shower, get the baby out of his pjs, eat breakfast, feed baby and then got him to nap while wearing him AND pump for his next feed. I felt like a total badass. Hair wrap and all 😂
My six year old nephew walked in and I asked him to snap a picture of the moment.

When I look at this picture it instantly takes me back. I can smell the newborn sweetness of my babes head and his warm body snuggled into my chest. I can feel the soreness of my nipples as I pump, praying to have enough for his next feed, I remember how how weak my core felt and the uncomfortableness of the maxi pad I was wearing. 

But most of all I remember feeling like I could finally do this ‘thing’ called mamahood. For the first time we were finding a rhythm, I was starting to accept my new postpartum body and role of being needed 24/7 and I was realizing that breastfeeding wasn’t all or nothing. I didn’t feel like me or my body was a failure this day. 

All my babe needed was a mama that showed up intentionally every day, and there we were, fitting together like two perfect puzzle pieces.

Looking back at this picture makes me SO proud of how far we have come. We still fit together, not having it all together, but together having it all. 🤍 

Mama’s take the silly pictures, ask anyone take pictures of you, trust me you will want to remember these days. Even the hard ones. 

Tag a new mama or mama-to-be that needs to hear this 🤍",,,,,,
theunboundnetwork,30,1,2021-05-19T11:39:50.000Z,"No matter the circumstance or root cause(s), when you are focused on #exclusivelybreastfeeding (aka #nursing only) and you struggle with #lowsupply, it can feel devastating.

I know that when I was going through this I would not have listened to this statement - in fact, my husband told me something along these lines countless times - and it didn’t matter. But YOUR WORTH AS A MOTHER IS NOT DEFINED BY THE OUNCES YOU PRODUCE!

The positive aspects of our days together were often overshadowed by my constant worrying about how much I produced, if she was getting enough, and the constant feeling that I was failing Mari.

I was informed early on that I had low supply - my #PCOS was blamed and the thought that my body was failing my daughter was devastating. We started the process of #triplefeeding early on (nursing, #pumping, and bottle feeding) and it was exhausting. 

We learned later that #supplyissues are actually very common when trying to nurse #tonguetiebabies but the first few weeks of Mari’s life, all I knew was that I wanted to provide all of her nourishment but couldn’t. 

For anyone who did or who is currently struggling with anything close to this, whether it is supply issues or the decision that nursing is just not for you, please read this over and over and over again. Say it out loud. Print it and tape it all around your house as a reminder - do whatever you need to do to remind yourself of this often.

#unboundnation #tonguetie #liptie #posteriortonguetie #lowsupplystruggles #breastfeedingjourney #exclusivelypumping #motherhood #legendairymama",,,,,,
oaks.lactation,29,1,2023-05-22T14:54:28.000Z,"Triple feeding is exhausting. It should be a TEMPORARY plan, with a definitive end date- a FEW days at most IF AT ALL!

There are other methods that allow you to:
1. Feed the baby
2. Protect the milk supply
3. Work on bringing baby back to the breast for full feeds

You deserve rest for your mind and body. 

#Oakslactation #postpartum #newborn #tonguetie #lowmilksupply #triplefeeding",,,,,,
bajanspeechie,29,7,2021-07-24T00:06:01.000Z,"Happy Friday! I’ve decided to document our feeding journey for my memories, and in the hopes that I help one mama or SLP learn something that helps them! I might be a pediatric SLP but feeding isn’t my specialty (for now!). Join Miles & I as we grow together! Topic 1: Triple Feeding - A true labor of love! #fourthtrimester #infantfeeding #newbornfeeding #triplefeeding #slpsofcolor #breastfeedingjourney #breastfeedingsupport #pediatricslp #blackspeechie",,,,,,
instinctualmothering,29,3,2021-07-11T17:28:08.000Z,"I used to be one of those people. Who thought low supply only happened to <1% of moms. 

For reasons we don’t fully understand yet, the percentage of moms who can’t produce enough to feed their babies is rising, and may be as much as 15%. 

Could it be rising hormonal issues like PCOS or other medications moms take for fertility or diabetes? More moms with thyroid disease? It’s hard to say but I feel for any mama who has been invalidated by a lactation professional saying that it’s impossible for her to not make enough milk. 

And just because your low supply is caused by ‘secondary’ problems (breastfeeding mismanagement, birth trauma, your need for sleep) doesn’t mean it’s *your* fault. That is 100% a failure of the system and lack of support. 

That’s why I want to empower all moms when it comes to their breastfeeding goals. I highly recommend the book Making More Milk by Diana West, IBCLC.

I also have a free guide at the link in my bio to get on top of problems and learn how to tune into your baby’s innate instincts to breastfeed from birth ✨🤍✨",,,,,,
danika.pelvic.ot,29,3,2020-08-04T17:57:36.000Z,"Happy World Breastfeeding Week!
•
My plan had been to breastfeed my son until he wanted to be done! Age 1, 2, 4- I didn’t really care. I was just in love with breastfeeding and the entire idea of it. 🤱
•
My son breastfed for 5 months. 4 of those months involved me triple feeding, taking domperidone, and obsessing over breastfeeding to the point of my mental health being severely affected. 😢
•
I decided to combine my personal blog with my professional website, so check it out in the link in my page! My first breastfeeding journey is linked in my bio for anybody who’s interested in hearing more about it!",,,,,,
igtandlowmilksupply,29,0,2019-08-05T10:15:07.000Z,"Perceived low milk supply is a very real concern for many parents. Reach out to your doctor, midwife, or IBCLC to learn more about signs of great intake by your baby. ⁠
If you do have chronic low milk supply, we are here to support you, parent to parent, on this journey. See link in bio⁠
#lowmilksupplyawarenessday #igtandlowmilksupplysupportgroup #igtandlowmilksupply #igt #lowmilksupply #lowsupply #normalizebf #normalizebreastfeeding #worldbreastfeedingweek #wbfw  #chestfeeding #sns #atbreastsupplementation  #breastfeeding #bf #perceivedlowmilksupply #ibclc #clc #bottlefeeding #donormilk #mixedfed #feedwithoutguilt #pacedbottlefeeding #lactaid #bottle #triplefeeding #breastfeedingproblems #lactationcookie #lactation #galactagogues",,,,,,
luminouspostpartum,29,0,2019-08-01T13:20:22.000Z,"HAPPY WORLD BREASTFEEDING WEEK! ✨🤱🏾✨🤱🏾✨
🎨 @patternsabuzz
#inthistogether #ittakesavillage
 #breastfeeding #breastfeedingart #feedwithlove #pumping #bottlefed #fedisbest  #donormilk #howeveryoudoit #triplefeeding #lactation #fourthtrimester #worldbreastfeedingweek #parenthood #doulas #doulatrainer #postpartum #lactationeducator #babymoon #lactationsupport #breastmilk #breastsleeping #milk #boobsaremagic #wbw2019",,,,,,
igtandlowmilksupply,29,0,2019-08-05T08:25:11.000Z,#EVERYdropcounts #lowmilksupplyawarenessday #igtandlowmilksupplysupportgroup #igtandlowmilksupply #igt #lowmilksupply #lowsupply #normalizebf #normalizebreastfeeding #worldbreastfeedingweek #wbfw  #chestfeeding #sns #atbreastsupplementation  #breastfeeding #bf #ibclc #bottlefeeding #donormilk #mixedfed  #pacedbottlefeeding #lactaid #bottle #triplefeeding #breastfeedingproblems #breastfeeding #supplementalnursingsystem#breastpump #pumping #milkbank,,,,,,
mum_life_with_jacob_and_isla,28,6,2024-06-23T18:54:11.000Z,"5 weeks postpartum (tomorrow) and 5 beautiful weeks of Isla Lily

Firstly, I am so proud of myself. I’m still managing to breast feed and I’m pumping so that Isla can get a bottle straight after a feed. Triple feeding is not easy but it’s working for us and it’s allowing me to continue our breast feeding journey. 

I managed 8 weeks with Jacob so we are just 3 weeks off reaching that goal and I feel positive we’ll fly past it.

Unfortunately, we’ve not avoided an infection in my section scar. On Monday I noticed a tiny red area and got straight onto the GP. Started my antibiotics and the next day the infection was obvious and I’ve been so sore again all week 😣 I’m on the antibiotics until Tuesday but I think I’ll be trying to see the GP on Tuesday as I may need more antibiotics 

Isla is amazing, she’s the most perfect baby. She gave me 6hrs sleep last night and I felt like a new woman. She’s started smiling and she’s such a joy 🤩 

#postpartum #5weekspostpartum #5weekspostcsection #newmim #secondtimemum #mumoftwo #breastfeeding #latchissues #triplefeeding #pump #pumpingmum #pumpingisbreastfeedingtoo",,,,,,
letsbemoms,28,1,2023-04-02T12:05:32.000Z,"These are the last two bags of donor milk. Our combo feeding journey is now at an end. 5 months of nursing and pumping; combo and triple feeding; two different types of formula. We have a system now that's working for us. 

I'm so grateful for all the people who have helped along the way. Nurses, lactation consultants, midwives, friends and strangers. It's been a wild ride and we're thriving. 

Thank you to breastfeeding people who donate. Thank you to the people who drove milk to us. Who picked milk up for us. Who found formula for us. We wouldn't be here without you all.",,,,,,
mollyzlc,28,3,2023-01-26T11:26:29.000Z,"Whoever said “No rest for the weary” must have been talking about triple feeding!
3️⃣
Triple feeding is a labor intensive strategy that focuses on the two main goals when an infant is experiencing slow or no weight gain - feed the baby and protect supply. 
🧺 🧼
Triple feeding can be difficult on the entire family. If you are triple feeding, please be sure to ask for help - help with bottle feeding, washing pump and bottle parts, laundry, dishes, meals, etc. 
🌙
Everything is harder at night! It is ok to not breastfeed and pump at each overnight feeding. Just make sure to do one or the other (and provide baby with supplementation after a breastfeeding).
⏱️
Be sure to develop a timeframe and an exit strategy with your lactation consultant and your pediatrician’s approval. 
🤗 
At the end of triple feeding, give yourself some grace for enduring a very difficult situation!
#lactationconsultant #triplefeeding #norestfortheweary #postpartumjourney #breastfeeding #chestfeeding",,,,,,
littlelatchers,28,1,2022-09-15T19:12:51.000Z,"• Little Latch Stars •

This weeks Stars are Sophie and Baby Thomas. Sophie contacted us at Little Latcher’s when her son was born prematurely. Alongside being certified lactation consultant’s we also have vast experience in looking after and supporting families with premature babies. 

Sophie initially had virtual support session with us to discuss expressing, milk supply and breastfeeding in the NICU. Once Thomas was discharged we had the pleasure of meeting them both at home! 

We spent lots of time discussing their feeding journey so far, what Sophie’s feeding goals were and how best to meet them taking into consideration Thomas’ needs as a premature baby.

It put such a huge smile on our faces this week when we received feedback from Sophie. Thomas is now 8 months old and they have found their combi feeding groove! We are bursting with pride!!! ☺️

Swipe across to hear all about their story! Thank you so much for sharing Sophie we couldn’t be prouder of you both! @sophiefloann 

We would love for you to get in touch and share your breastfeeding story, email or DM us ⭐️ 

#breastfeedingsupport #infantfeeding #bottlefeeding #breastfeeding #lactation #ibclc #lactationconsultant #breastfeedingmama #lactationfacts #responsivefeeding #breastfeedingjourney #newmum #newbaby #newparent #breastfeedingtips #exclusivebreastfeeding #breastmilk #postpartum #nicubaby #prematurebaby #triplefeeding",,,,,,
babyginsideout,28,6,2021-01-05T03:33:08.000Z,"It has been a full life since the last update.  Matilda is growing, #praisethelord! Enough so that last week we actually didn't have any medical appointments - for the first time since early fall!

It hasn't been without a lot of work for all of us, but work well worth it! As seen in the bottom left pic: pumping, feeding Matilda, and loving on all 3 kids have been our top priority.  Typically feeding is by bottle as she just can't get enough calories from straight breast milk, a not-uncommon effect of the #gastroschisis. 

Matilda will likely continue to be small for a long time, but hopefully will maintain her own little growth curve.  She's at the point now where full-length #preemie clothes are mostly too short, though the Made with Love 💕 onesie is a preemie and fits great. She's long but still so skinny so most newborn clothes she swims in! 

As you can see from the top pic, Matilda's belly is healing!! All that's left is an #umbilicalhernia which is relatively common and may not need to be surgically fixed for a long time. She has another surgeon appointment coming up next week where hopefully we'll learn more.

It's been a very different journey than with our older kids. I myself had never bottle-fed either of them, & our 2nd never took a bottle at all! It is a blessing that Matilda can nurse, and does some each day, even though it's not enough to get her growing. It gives me new appreciation for those who bottlefeed, and especially those who #exclusivelypump.  SO MANY DISHES!!! 

Our schedule still revolves around a variation of the #triplefeeding but thankfully I'm able to pump enough milk in less sessions than I had been, so we've got some more time than we did.  We're starting to make a new normal for ourselves! We're slowly starting back up with #homeschoolpreschool, getting outside, and mostly are looking forward to the New Year and getting to see Matilda grow! 

Oh yeah, and eventually (little by little) tackling the laundry mountain and general household chaos that has grown up while we're here in #newbornland!

#growbabygrow #gastrowarrior #gastrofamily #mightytilly
#smallbutmighty",,,,,,
kimmyrocket,28,3,2020-08-07T20:48:08.000Z,"It wasn’t easy, it didn’t get easier for months. More than a year. But we persevered and here we are, 20 months later. Like everything, I do it for her. Some days I want to be done. More days I wish I could stop the clock. Grow big and strong, my baby. I’ve got you 💫.

#worldbreastfeedingweek #normalisebreastfeeding #normalizebreastfeeding #tonguetie #triplefeeding #newbornweightloss #mamasgotyou",,,,,,
motherhoodbloomslactation,28,2,2020-07-17T14:39:25.000Z,"Beautiful words of truth from this breastfeeding mama 💗
.
.
Posted @withregram • @drrezmer 
.
Life is super non-glamorous over here since this is where I spend about 33% of my days in this chair either nursing or pumping. My “essentials” now include a water bottle, breast pads and nipple cream
.
Nobody prepares you for how hard breastfeeding is. You think you just get the baby anywhere near a boob and they’ll go to town? Not the case unfortunately
.
I’ve had so many of my patients express frustration with breastfeeding and I’ve always been quick to encourage and reassure them that their ability to produce milk from their breasts does not equal their self worth and that they are doing a great job for their baby
.
But as is the case with so many things with new motherhood, it’s so much different when you’re in those shoes. It’s so much more of an emotional rollercoaster than I expected! I may be smiling in this picture but there have been equal number of moments of frustration or tears
.
Being a mama is this beautiful combination of bliss and self-doubt. It has been a challenging first week of learning but I know one things for sure. I wouldn’t give up these little moments with Elliot for anything💙
.
.
.

#normalizebreastfeeding #breastfeeding #triplefeeding #pumpingmom #breastfeedingjourney #breastfeedingishard #breastfeedingmom #fedisbest #breastisbest #firsttimemom #newmom #newmomlife #fourthtrimester #postpartum #postpartumjourney #postpartumsupport #ivfsuccess #ivfmama #rainbowbaby #pregnancyafterloss #elliottshane #roadtobabyrezmer",,,,,,
igtandlowmilksupply,28,0,2019-08-05T06:40:04.000Z,"You have options when it comes to how you supplement. See our bio link.⁠
⁠
#lowmilksupplyawarenessday #igtandlowmilksupplysupportgroup #igtandlowmilksupply #igt #lowmilksupply #lowsupply #normalizebf #normalizebreastfeeding #worldbreastfeedingweek #wbfw  #chestfeeding #sns #atbreastsupplementation  #breastfeeding #bf #perceivedlowmilksupply #ibclc #bottlefeeding #donormilk #mixedfed #pacedbottlefeeding #lactaid #bottle #triplefeeding #breastfeeding #supplementalnursingsystem #breastpump #pumping #milkbank",,,,,,
diaryofamilkmaid,28,6,2020-12-03T19:47:04.000Z,"Don’t let this beautiful smiling face fool you - it’s been a struggle over here recently. Luke is doing just fine, however, his tongue tie reattached at some point between his 1 and 2 month check ups. His weight dropped back to the 2nd percentile and his latch has become increasingly worse. Thanks to @elementstn he is ready to have his tongue re-released. In the past month, the perfect storm seemed to occur and my milk supply was compromised. This has led to triple feeding (nurse, pump & bottle feed) for several days. If you’ve ever had to do this, you have my admiration. It’s non-stop. It’s stressful. Im overwhelmed. I’m afraid my supply won’t come back. I’m thankful for a small stash of breastmilk in my freezer and for the support of my village. @nashvilledoulaservices and @ramills08 continue to give me LIFE as I navigate yet another tongue tied baby with slow weight gain. @spectrababyusa  and @haakaausa  have made it possible for me to continue giving my babe breastmilk with a bottle 🙏🏻 Breastfeeding is freaking hard. But I’m not throwing in the towel. There is way too much goodness in that liquid gold and I’m determined to give my baby the best. ✨✨✨ 

#breastfeeding #normalizebreastfeeding #breastfeedingmom #4monthsold #boymom #nashvillemom #tonguetiebabies #frenectomy #tonguetie #postpartum #triplefeeding #tonguetieawareness #pumpingmom #humanmilkforhumanbabies #liquidgold",,,,,,
gingerlymama.clc,27,0,2023-11-18T16:08:40.000Z,"Another sweet success story 🥹, 

Things started off well in the early days for this duo, but two weeks in things were hard. She was nursing and pumping around the clock, but babe just didn’t seem satisfied. Mama was ready to give up! 

They came to see me and we worked hard on latch, techniques to keep baby active at the breast, suck exercises, etc. Baby had a lot of tension and wasn’t  transferring (under an ounce that day). I sent them home with new skills & homework and said I’d have them back in one week. 

That next week mama came in and was beaming. You could tell a weight was lifted! She could tell feeds were improving. Babe transferred 1.4 ounces, a wonderful improvement! However, her gain was still lower, tension was still substainial and we still had a bit to go on transfer. I referred them to @mymyomama to see if our paired efforts could get them where they needed to be. 

FF Two weeks later and after continuing to improve their skills with myself and Tricia baby transferred 3.3 ounces and is gain ABOVE average gain 💪🏼. 

They’ve graduated 👩🏼‍🎓 and I couldn’t be any prouder!

“Within 4 weeks time we were able to make a huge stride in nursing time AND weight gain! My daughter had issues with transfer and with the guidance of McKenzie and other persons of specialty we have a thriving baby and a happy mama.” -Chelsea

#gingerlymamallc #gingerlymamaclc #breastfeedingjourney #breastfeedingstories #pumpingmama #pumping #bottlefeedingmama #bottlefeeding #supplementingmama #supplementing ##triplefeeding babyweightgain #gingerlymama #breastfeeding #breastmilk #babyfeedingjourney #lowsupplystories #breastfeedingsupport #enoughmilk #support #empowerment #clc #clcsupport #feedyourbabyyourway #humanmilk #humanmilkforhumanbabies #humanmilksaveslives #breastfeedingmoms #breastfeedingconfidence #breastfeedingconcerns 

*posted with permission*",,,,,,
lc_slilley,27,2,2023-03-03T00:03:08.000Z,"Sometimes breastfeeding looks differently than anticipated. I supplemented my 2nd child at every feeding with an SNS for 7 weeks. It was SUCH hard work but it paid off. One day she just started to nurse like she’d finally woken up enough to do what I had been trying to teach her all along. What is something that surprised you during your nursing journey-or what are some struggles you overcame? **also if you know me personally this is such a face I would make & such a G thing to do! 😅

#breastfeeding #lactation #SNS #triplefeeding #lactationconsultant #latepreterm #hardworkpaysoff #letmehelpyou",,,,,,
mamasboobiebox,27,1,2022-12-21T20:00:07.000Z,"I know some mums are afraid to say they are combi feeding or exclusively pumping or do all sorts of mixing with breastfeeding.

We are here to say that's ok!

You are still breastfeeding, even if it's one feed a day!

Don't let anyone take away from the effort you are putting in

You have not failed anyone if you cannot breastfeed

Please share mums, we need to look out for each other!

#feedthebaby #breastfeedingmyway #breastfedbaby #combifeeding #triplefeeding #formulafeeding #milkfeeding #mybreastfeedingjourney #pumpingmama #nursingmama #fedbaby",,,,,,
to.the.pump.and.back,27,6,2023-10-31T09:45:35.000Z,"🎃 Happy Halloween! 🎃

👻 I don’t really do Halloween (it’s not heaps big in 🇦🇺 compared to elsewhere) but I just had to jump on this trend cuz it’s funny!
👻Can you think of more? Comment below 👇🏻 

.
.
.
#hauntedhouse #pumpingmum #hauntedmum #halloween2023 #halloweenmum #exclusivepumpers #flangesizing #triplefeeding #bottlefed",,,,,,
nursinglittles,27,4,2021-11-19T19:15:03.000Z,"While we're on the triple feeding topic, I inadvertently threw myself into PTSD with this little bottle today. 

I had just pumped and had the smallest bit of milk left that didn't fit into my other bottle so was rummaging around and found this. I filled it up and then so did my eyes. 

These little bottles were the ones the hospital gave me when my son was admitted for 5 days at 2 weeks old. I must have pumped dozens of these little bottles in that time because I was trying to build my supply and he wasn't feeding well. Everyday the nurse was so kind; she'd give me new bottles and then show her excitement when I filled them up to store in the fridge. Her excitement wasn't enough to mask my resentment and contempt for the pump and these little bottles of milk that should be directly in my baby's belly. I was starting to spiral into PPD and PPA. 

I guess I brought home a few of these bottles on discharge and this one must have made it into our cabinet. I think I'll keep it as a reminder of overcoming, and maybe one day I won't associate it with trauma then.

Trust me when I say I've been through it mamas; I can help you through it too. 

#nursinglittles #mamafirstislittlefirst #breastfeeding #breastfeedingsupport #breastfeedingeducation #pumpingisbreastfeeding #ppa #ppd #ptsd #triplefeeding #pumping #maternalmentalhealth #lactationcare #lactationsupport #boobs #milksupply #slp #cbs #ibclc #ibclccandidate",,,,,,
kathrynstaggibclc,27,9,2020-04-04T09:30:51.000Z,"Many families are discharged from hospital breastfeeding and topping up. Many families are being advised to top up in the first couple of weeks due to feeding/weight issues. Many families are then not supported to drop these top-ups once baby is stronger, more alert and feeding better. 
One of my most read articles is ""Dropping top ups gradually"" which you can find here https://kathrynstaggibclc.com/2018/01/26/dropping-top-ups-gradually/

Here is an overview.

I must stress that you need to make sure baby is feeding well before you start this process, and keep a close eye on nappy output and weight gain.

This process can be done without pumping, but will be quicker if you can manage to pump as well.

STAGE 1
*Feed frequently. Breastfeed at the earliest feeding cue. Wake baby if it is coming up to 3 hours from the start of the last feed and they are still asleep. The MINIMUM a baby should be fed is 8 times in 24 hours. Most babies like to feed more frequently once they are more alert.
*Ensure baby is going to the breast every feed. Especially at night when prolactin levels are at their highest. If you miss a feed, pump!
*Offer the second breast. Once the ""active feeding"" stage (see ""what a breastfeed should look like"") is finished and baby is just comfort sucking, or baby has come off or gone to sleep, wake baby, perhaps with a nappy change, and offer the second breast. Baby should actively feed again due to faster flowing milk.
*Give top up.
*Pump when you can.

STAGE 2
*Continue to offer both breasts.
*Reduce volume of top ups.
*Put baby back on the breast if not settled after the smaller top up. This will stimulate another let down of milk and boost your supply.
*Pump when you can.

STAGE 3
*Stop one or two top ups completely. Choose a time of day (often mornings) when baby generally feeds well and just put them back on the breast with no top up, several times if necessary. This cluster feeding will help boost your supply.
*Continue to breastfeed and top up as normal the rest of the day.
*Pump when you can.

STAGE 4
*Aim to top up half the breastfeeds.
*Then drop one top up at a time until you are no longer having to top up at all.
*Gradually reduce pumping.",,,,,,
babyavaryleigh,27,0,2019-06-08T05:29:19.000Z,"I like being swaddled 😍
Back on my weight at 8 pounds, hope to gain more in the coming weeks!!
😘🥰😍❤️😊☺️
#avaryleigh #avancher #triplefeeding #breastfedbaby #14daysold #2weeksold #babygirl #swaddle",,,,,,
milkandhoneylactationspokane,26,3,2024-06-25T20:26:45.000Z,"My journey to helping other families began with my firstborn: born at 37 weeks, we started supplementing within hours without much guidance, which then rolled into triple feeding for waaay too long as I hoped that someday my own supply would be enough.

Following that experience, I did a lot of self-education and started talking to an IBCLC during my second pregnancy. Our journey had its own twists and turns, but I went in with much more confidence, and support already established with local resources.

I studied and became a certified LC as my second child and I passed the 2 year mark of nursing. I took every single day as it came, and we weaned once we were both ready to move on.

Women's health and the confidence that comes with education has fired me up for years, and I am so glad to now be able to support moms and babies in this beautiful, vulnerable, vital season of life.

#spokanebirthresources #lactationconsultant #breastfeeding #combofeeding #triplefeeding #pregnancy",,,,,,
jlsewingmachinefactory,26,1,2024-01-02T05:52:21.000Z,JL-6620 Double needle flat bed triple feed waking foot sewing machine #flatbedsewingmachine #walkingfootsewingmachine #sewingmachinemanufacturer #sewingmachine #sewing #sew #doubleneedlesewingmachine #doubleneedlethread #triplefeedsewingmachine #triplefeeding #triplefeed #compoundfeedsewing #compoundfeed,,,,,,
empoweredlactation_withemma,26,3,2022-12-08T02:16:58.000Z,"Triple feeding is not sustainable.

Breastfeeding needs to be sustainable. 

I see it every week.  Mums are started on feed, top up, pump plans, and then no or limited follow up when they are home.. or the health professional has hit the end of their scope of practice. 

Mums get tired, its super duper hard work.. 

There is ALWAYS an underlying issue. 

And often the cycle of feed, top up, pump continues until we identify that, and make changes to get off the hamster wheel.

I applaud the Mums who know this isnt the way to continue, who know deep down something isnt right, and who get so exhausted, they must make changes. 

Please dont be struggling out there on your own. I encourage you to seek support early 💜 

#triplefeeding
#breastfeed
#bottlefeed 
#topups 
#skintoskin
#breastfeedinglife 
#postpartumcomplications 
#oraldysfunction 
#cranialoralmyofacial",,,,,,
motherfed,26,0,2021-12-17T19:15:00.000Z,"Reposted from @spiritysol The countdown has begun!! 🎄
💙
Are you juggling a few things? Whether you are nursing or pumping or doing All The Things, remember this baby -- head tipped back, chin forward, thinking outside the box! ⭐ Great breastfeeding position, helpful for bottle feeding babies too! ⭐ We see you and we see your star shining.
💙
Seasons come and go but the season of nursing comes once in the life of a baby. Reach out for support, call your IBCLC. We have more ideas when yours are flickering! 🌟🌟🌟🌟
💙
#calltheibclc #holidaybaby #utahlactationconsultant #saltlakecityibclc #breastfeeding #bottlefeeding #pumpingmom #triplefeeding #motherfed #fatherfed #familyfed",,,,,,
the.artzchick,26,0,2021-08-09T16:39:48.000Z,"It’s international breastfeeding week. Third time is a charm… or so I expected. Preemie babies come with their own set of challenges. He had weight gain issues which led me to #triplefeeding (nursing, pumping, feeding pumped milk). I burnt out on that pretty quick and switched to exclusively pumping. I’m so thankful and so proud of my body for growing and sustaining my 3 littles. 
 
Our bodies are amazing mommas. It doesn’t matter how you feed your baby, it is an exhausting labor of love. You’re doing a great job! If you need a reminder let me know and I will cheer for you! 

📷: @lindhecurriephotography 

#internationalbreastfeedingweek #exclusivepumpingmom #exclusivepumping #breastfeeding #breastfeedingweek #breastfeedingmom #momsaresuperheroes #loveourbodies #lovemybody",,,,,,
kaylamaunutroupe,26,0,2021-06-14T03:25:36.000Z,"She really enjoyed her milk bath photo shoot today! We made it 14 weeks and 2 days with triple feeding, exclusively pumping, and now her starting to nurse again. She’s still not eating enough to stop the triple feeding, but she’s at least giving it an effort now. Like our entire pregnancy, this wasn’t the journey I expected. But, it’s God’s plan. And, Ava and I are following it and doing the best we can!
#latetermpreemie #milkbath #precious #triplefeeding #exclusivelypumping #nursingjourney #doingourbest #iloveher",,,,,,
cordeliauys,26,7,2021-03-12T21:07:05.000Z,"It’s not uncommon for parents to be told by a health care professional that their newborn needs supplementing with formula, or for nursing mothers to give formula because they are worried their baby is not getting enough from the breast. This might sometimes be the case, but unfortunately, it is not uncommon for babies to be given formula supplementation unnecessarily.

If you have given your baby formula, please don’t think this will spell the end of your breastfeeding journey. I have worked with dozens of parents who have supplemented with formula, sometimes when it was needed, and sometimes when it wasn't, and who have gone on to breastfeed very successfully. I’ve recently written a detailed article about how to protect your breastfeeding journey if your baby is receiving supplemental feeds, which is in ‘My Resources’ on my website (see link in bio). 

If a mother is producing significantly less milk than her baby needs, she is unlikely to be able to substantially increase her supply solely by breastfeeding. This is because once the flow of milk in the breast slows down, babies no longer have the incentive to drink deeply, and will either move to non-nutritive sucking or will simply refuse to stay on the breast. But pumps will suck and stimulate production whether there is milk in the breast or not.

Therefore, when giving formula top ups, in order to move to exclusive breastfeeding, most women will need to spend some time ‘triple feeding’, which entails:

-  Breastfeeding

-  Double pumping shortly after breastfeeds

-  Giving top ups (which can happen before or after pumping)

As your supply increases thanks to the pumping, there is a good chance you will be able to replace the formula with more and more of your own milk. Once all the milk your baby is drinking via the bottle is your breastmilk, then you can slowly reduce the top ups and pumping and move to exclusive breastfeeding. #breastfeeding #responsivefeeding #expressingmilk #pumpingmilk #ardopumps #triplefeeding",,,,,,
igtandlowmilksupply,26,0,2019-08-05T13:55:07.000Z,"ANY amount of chestfeeding or breastfeeding is an amazing feat. You should be proud ❤️⁠
⁠
#lowmilksupplyawarenessday #igtandlowmilksupplysupportgroup #igtandlowmilksupply #igt #lowmilksupply #lowsupply #normalizebf #normalizebreastfeeding #worldbreastfeedingweek #wbfw  #chestfeeding #sns #atbreastsupplementation  #breastfeeding #ibclc #bottlefeeding #donormilk #mixedfed  #pacedbottlefeeding #lactaid #bottle #triplefeeding #breastfeedingproblems #lowmilkmama #breastfeeding #supplementalnursingsystem #postpartum #breastpump #pumping #milkbank ⁠",,,,,,
villagelactation,26,4,2019-08-06T19:45:23.000Z,"Photo by @igtandlowmilksupply
.
""ANY amount of breastfeeding or chestfeeding is an amazing feat. You should be proud ❤️⁠
⁠
#lowmilksupplyawarenessday #igtandlowmilksupplysupportgroup #igtandlowmilksupply #igt #lowmilksupply #lowsupply #normalizebf #normalizebreastfeeding #worldbreastfeedingweek #wbfw  #chestfeeding #sns #atbreastsupplementation  #breastfeeding #ibclc #bottlefeeding #donormilk #mixedfed  #pacedbottlefeeding #lactaid #bottle #triplefeeding #breastfeedingproblems #lowmilkmama #breastfeeding #supplementalnursingsystem #postpartum #breastpump #pumping #milkbank ⁠"" via @preview.app",,,,,,
thewombroom_baltimore,25,0,2023-09-14T17:51:37.000Z,"We polled you this week and 54% of you who responded dealt with triple feeds at some point! 
🍈🍼🧴

So if you are struggling with these, you are not alone. And here are 4 tips to help make this difficult, yet temporary, time a little bit easier.

If you have not heard of triple feeds, it’s when the nursing parent ends up triple feeding when their baby isn’t gaining sufficient weight via nursing.

The goal of triple feeding is to keep the baby fed, via nursing and then also from the bottle, while continuing to work on nursing so that eventually the pumping and bottle feeding steps can stop. Or sometimes, you might decide to drop the nursing step and switch to exclusively pumping. It just depends on what feels best for you and your family.

The breastfeeding/chestfeeding journey can be one of the toughest and most anxiety producing parts of postpartum.  And triple feeds can certainly heighten the stress. 

Through all of it, we are here for you with Zoom and In-person Lactation & Feeding Support Circles! Our next in-person one is on Monday from 5-6pm. 

And if you are pregnant and want to learn more about what to expect from your infant feeding journey, join the Infant Feeding Basics class on Monday from 7-9pm!

Links in our bio to sign up 🙂

Did you triple feed? Comment below to share your experience and any tips you may have!

#breastfeeding #breastfedbaby #triplefeeding #breastmilk #postpartumsupport #lactationconsultant",,,,,,
knit_in_dk,25,14,2023-01-04T09:55:44.000Z,"Milk donation is over. 

After 5 months, I am no longer going to donate milk. My baby is still exclusively breastfed (yay!) and I am not over-producing enough to meet the Danish minimum for donating anymore (200 mL/day). My current overproduction is around 150 mL/day and it will go towards building a stash for when my baby goes to the nursery. 

I feel strangely sad about it. It wasn't my plan to donate. I just wanted to breastfeed my own baby. But he was born premature, and was unable to feed himself at first. So I had to pump, and literally endured three whole weeks of triple feeding in order to build up my supply and feed him with pumped milk. 

He had 2 days of pumped milk + supplement, and then only had breast milk. We fed him with the syringe for 3 weeks, and then he transitioned to pumped milk in a bottle, and then we slowly increased the amount of milk he would get at the breast. At 7 weeks he finally didn't need pumped milk anymore. 

I had surplus from the 3rd day onwards and started donating as early as legally possible in Denmark (baby had to be one month old to start the screening process). At that stage I already had 3.7 liters stashed in my deep freezer and ready to be donated. Then I consistently donated around 2 liters every week, until my surplus started to dwindle in December. 

Triple feeding is absolutely brutal. Doing it for 3 weeks was a major feat.  Being able to breastfeed a preemie with feeding issues has been a struggle, and I am very proud for being able to do it. Donating so much milk on the side is another victory, even if it wasn't part of my initial plan. 

Goodbye donor 27! 

Thank you @medela_scandinavia for saving my milk supply. It wouldn't have been possible to breastfeed without a very good pump. 

#milkdonation #milkdonor #breastfeeding #triplefeeding #prematurity #preemies #milkpump #modermælk",,,,,,
theconstructionmama,25,1,2021-08-03T10:59:11.000Z,"It’s World Breastfeeding Week! And I’ve got a lot to say about it! But for now, I will leave it at, I am so thankful for my breastfeeding journey with Jameson. 

It’s been 10 months, and it hasn’t been easy. We dealt with transfer issues early on, which made for no weight gain in little man, and what I think ultimately made for a low supply on my end. 

We triple fed for months, and if you’ve been there, you know how hard it can be. For my sanity, I switched to almost exclusively pumping around 3 months. 

I still hung onto nursing him on weekend mornings though! It’s still one of the highlights of my week 😊

I’ll have more on all of this later, but for now, Happy World Breastfeeding Week. Congratulations to all mamas who breastfed, whether it was 5 minutes or 2 years, whether it was at the breast or with a pump. You’re all amazing and so strong!",,,,,,
lowmilksupplyfoundation,25,0,2021-08-05T21:50:17.000Z,"We love happy babies with full tummies! Hybrid feeding is giving your baby everything you can, and doesn't mean you've failed in any way.

#lowmilksupplyawarenessday

#lowmilksupplyfoundation
#igtandlowmilksupplysupportgroup #igtandlowmilksupply #igt #lowmilksupply #lowsupply #normalizebf #normalizebreastfeeding #worldbreastfeedingweek #wbfw  #chestfeeding #sns #atbreastsupplementation #breastfeeding #bf #ibclc #bottlefeeding #donormilk #mixedfed  #pacedbottlefeeding #lactaid #bottle #triplefeeding #breastfeedingproblems #breastfeeding #supplementalnursingsystem #breastpump #pumping #milkbank",,,,,,
breastfeedingdiabetic,25,3,2021-02-21T02:01:30.000Z,"Part 1 | My Breastfeeding Journey

I felt inspired to share my breastfeeding journey by  @lutz.lactation & more importantly our struggles with breastfeeding. It has helped me to know that I am not alone on this journey, that others have faced the same challenges & overcame them with the right support & education. This is also a little bit of a health history of my sons first couple weeks of life, as his situation led us to a unique breastfeeding experience.

My sweet baby boy Hopi was born a little early at 37+1 due to me having several dangerous blood sugar drops from 34 weeks on, so he was considered “late pre-term” and quickly developed a bad case of jaundice. He was born with a bit of a recessed bottom jaw, I have very flat nipples, he was hypoglycemic at birth & had a very shallow latch. He was too weak and tired to latch at our first attempt so he received glucose gel & my delivery nurse promptly helped me hand express several drops of colostrum into a syringe. I was honestly mind blown that there was even colostrum in there [more on this another time]

We continued to work at latching throughout the night & I accepted help from anyone that wanted to offer. My nurses were so supportive & amazing at offering suggestions until I could meet with a lactation consultant the next day.

Over the course of our stay I met with several LC’s & they all assured me that with time Hopi would get stronger, be able to open his mouth wider, become more interested AND effective at nursing. I am so thankful to each LC I have worked with, their knowledge & hands on skills were so helpful on our journey.

The first 24 hours I tried to get him to latch any time he showed a hunger cue & we did tons of skin to skin. I was advised to pump for 15min. after every nursing session to help bring in my mature milk [I was never told that it would/could take a week+ to come in with me being diabetic]. 

[Continued in comments] 

#breastfeedingdiabetic
#breastfeedingwithdiabetes #mypostpartumjourney #diabeticmama #lactationconsultant #triplefeeding #breastfeedingjourney #pumpingmama #gestationaldiabetes #jaundicebaby",,,,,,
motivation4mommas_niki,25,10,2020-09-29T19:13:20.000Z,"🥳We did it!! We made it past my 6 month goal! 🥳

Breastfeeding comes in MANY forms! And there are many struggles from supply to latch and much more!! I feel so lucky this time around. 

We were strictly nursing for over a month but he is a lazy eater so we jumped to TRIPLE feeding (nurse, pump, feed pumped milk in a bottle... for 5 LONG months!) and now we are pumping with comfort nursing when we want. I had no idea the commitment that went into this. I was not able to produce much for the twins but I pumped for 6 months and had an insane low supply but I wanted to give what I could. I felt like a failure.  In the end, FED IS BEST. I would never starve my babies or allow my mental health to decline because of my desire to breastfeed but this time... we have been kicking butt. 😁

I'm not sure when we will be done. Could be next month or 2 months from now, could be when he turns one. I'll take it one day at a time and celebrate hitting my 6 month goal. I'm just soo thankful I was able to fully produce just enough to feed this little chunker. The bond, the experience has been so very special. 

Also, if you're reading this and are a low supply momma, I found this amazing FB support group that has so much info on underlying issues that can cause low supply. 

Or if you're reading this and need a little reminder....YOU ARE DOING AN AWESOME JOB!!!!!!

#breastfeeding #pumping #triplefeeding #pumpingmomma #nursing #lowsupply #mommasboy #breastfeedingjourney #milkymomma #exclusivepumping #momlife #babiesofinstagram #momofthree #fedisbest #boobiemonster",,,,,,
vampx42,25,3,2019-10-16T06:30:15.000Z,#breastfeeding #triplefeeding #threefoldfeeding #2weeksold #naturalisnteasybutitsworthit #fedisbest #happybabyhappymum #whatevershark,,,,,,
rachelroberts_thismamalife,25,2,2019-05-19T13:51:14.000Z,"BREASTFEEDING 
In just 4 short weeks marks 4 years of my breastfeeding journey. Gosh, time has flown. I never put a time on how long I planned on breastfeeding but for me it’s been a beautiful journey which has been relatively smooth and easy. When I say easy, there have been many times I’ve wanted to quit and give up but actually the part of me which loves it more has always given me a strength to work through the challenges. There have been many challenges, feeding threw  pregnancies, tandem feeding, triple feeding and feeding a newborn and toddlers but this is all I know and it’s our unique journey and I love it.
Yes, I’m excited to one day stop being just milk on demand but also one day I will miss it. I will miss all the moments we had together is the middle of our chaos yet also in the quiet of the night.
Whether you breastfeed, bottle-feed, co sleep, own beds, self soothe, cuddle to sleep, cry it out, time out and all the other things we label our parenting, you are all doing a great job. Forget what others think and you do you. Love your journey because it’s uniquely yours.

#beautifulmamas #motherhood #mymotherhood #breastfeeding
#breastfedbaby #tendemfeeding #triplefeeding #honestlymothering #mybabygirl #ukmum #mummyblogger #sunday #fedisbest #happymum #happymumhappybaby",,,,,,
janaedunn,25,9,2017-03-08T14:53:35.000Z,"Ok, let's #getreal , breastfeeding is hard! At least it is for me. Just in the last 24 hours I have learned Krewe has a dairy allergy, had a clogged duct and had a decrease in supply (by half!). I have some amazing support women who I can text feverishly at all hours to get the information I need to continue my breastfeeding journey (@katiecoyne112  @tanjaknutson  @lfrede323 ) 🙌🏻🙌🏻 I set a goal to get through Sunday with triple feeding (that's bottle feeding pumped milk then breastfeeding then pumping). That's a whole hour process, y'all! After Sunday I will decide how I want to proceed because in the end, fed is best!  Also, filter because 3 hours of sleep and lots of crying. #breastfeeding #krewecarrson #newmama #triplefeeding",,,,,,
theresegry,24,5,2022-03-15T12:12:04.000Z,"Some are at the hospital for #triplefeeding 
And others are at the hospital double eating 😅 
.
Baby-Björk is gaining a bit of weight so we get to go home once again ❤️
.
.
#hungrymom 
#breastfeedingmom 
#triplefeed 
#goingforweightgain 
#breastfeedingisajourney",,,,,,
rachelslactationconsulting,24,2,2021-10-01T01:47:03.000Z,"This mama. I’m in awe of her. She not only has adopted 5 children out of foster care, she adopted this sweet little baby as an embryo and had her transferred to her womb and successfully carried her for 9 months. She is now breastfeeding successfully despite some setbacks. She is determined, fierce, amazing, and gives all the glory to God. I’m so blessed to come along side her and help, encourage, guide, and love on them both. 💜💗 #embryoadoption #nippleshield #triplefeeding #lactationsupport #breastfeedingjourney #breastfeedingmama #ibclc *Photos posted with permission",,,,,,
bajanspeechie,24,2,2021-07-30T17:25:55.000Z,The boss said he’d come help with the pumping and then fell asleep on the job 😂. #bossbaby #fourthtrimester #pumpingmama #triplefeeding #milkdrunk🍼,,,,,,
rachelroberts_thismamalife,24,4,2021-08-05T20:46:55.000Z,"For the last 6 years I have breastfed my babies with no breaks. I’ve been Theo r comfort, their security and their nutrition. But for me it’s been the most rewarding journey. Gosh there have been many tears along the way, actually a lot of tears, but I loved every moment of it.

Every journey has been different, each one unique, each one had its challenges, each one for different times yet each one equally as treasured.

I’ve breastfed, tandem fed, triple fed 3 babies, fed one for 4 years, one for 2 years, one for 1 year, and currently still feeding my 12 month old. Each time we’ve stopped for different reasons. I’ve followed my babies lead and gone with them because ultimately a happy baby = happy mama.

Theirs no right or wrong, there’s just your unique journey. Some of my babies have latched right away and some have taken weeks of tears and perseverance through tears and bleeding nipples.

There really is no right way and mama there really is no failing. You have have to do what’s best for you and baby. Whether that’s choosing not to breastfeed, feeding for a day, a week, a year or 5. And when those choices are taken away from you and you have to do what you need to do, you are still amazing in all that you are. 

I hope we support, encourage and celebrate everyone. All at different stages on our feeding journeys , facing different challenges and wins along the way. That even though all our feeding journeys are different, everyone of them is just as important and special.

I hope in sharing my journey, the good bits, the hard bits and everything in between can inspire and support other mamas to know they are not alone. 

You are amazing! 
You do you.
However you feed.
Proud of you mama.

#wbfw #worldbreastfeedingweek #breastfeeding #breastfeedingweek #breastfeedingjourney #breastfedbaby #breastfeedingmama #tandemfeeding #triplefeeding #fedisbest #motherbaby #mummy #motherhood #motheranddaughter #honestlymothering #motheringittogether #mumssupportingmums",,,,,,
kaylamaunutroupe,24,0,2021-03-25T08:33:50.000Z,"It’s hard turning 3 weeks old and having a 2am feeding 
#3weeksold #2amfeeding #triplefeeding #iloveher",,,,,,
addie_andthetwins,24,0,2021-01-23T16:21:49.000Z,Grandparenting in the time of CoVid #threeunderthree #twins #twinsofinstagram #grandpa #triplefeeding @mary_m_rn,,,,,,
vidahealthyyc,24,1,2020-02-25T01:02:03.000Z,"Did you know that nearly 1 in 3 people find a breast pump uncomfortable or painful?⁠
⁠
There are ways to make it more comfortable and more effective. Infant feeding support goes beyond exclusive breastfeeding <3⁠
⁠
---⁠
Qi, Y., Zhang, Y., Fein, S., Wang, C., & Loyo-Berríos, N. (2014). Maternal and breast pump factors associated with breast pump problems and injuries. Journal of Human Lactation, 30(1), 62-72.",,,,,,
swbh_feedingteam,23,0,2023-06-07T07:59:07.000Z,"Did you know we have different breast pump shell sizes available from the infant feeding team when you borrow one of our breast pumps? A nipple gauge is available to help you get the closest fit. Usually the size that fits closest to the nipple enables more effective expression, you might need a different size on each breast as breasts and nipples are unlikely to be exactly the same shape and size. Not all standard pump sizes are a close enough fit so smaller inserts are now available from the pump manufacturer that we use and inserts compatible with some shells are available to buy from other companies. It’s really important that the fit is comfortable as breast pumps can cause nipple pain and soreness just like an ineffective latch can. Last year we watched a brilliant lecture from @goldlactacademy on the difference a good flange fit can make by Jeanette Mesite Frem MHS, IBCLC, RLC, CCE who shared The Flange FITS™ Guide from her website http://babiesincommon.com . Have a look on there for an excellent visual image of what to look for when fitting a shell. It is available to share and print as a poster but you can’t crop or alter it so we can post it on here as it won’t fit. Lots of mums are telling us they are trying out smaller pump shell sizes and inserts to help maximise their breastmilk expression. Have you tried different sizes? How did you get on? #breastmilk #breastfeeding #exclusivepumping #mixedfeeding #triplefeeding #breastpumps #nipplepain #mixedfeeding #combifeeding",,,,,,
hope_and_wine,23,0,2023-04-18T17:44:54.000Z,"I’m going to say it…feeding a newborn is not as easy as having boobs. 

At least for me, I never thought about how difficult it could be to feed a newborn. Nobody warned me. I never heard anybody else talk about their struggles with breastfeeding a newborn. I just assumed they would come out and it would be natural. 

Boy was I wrong. Twice. 

Tongue ties, prematurity, reflux, jaundice, other medical issues. There is so much that can put a wrench in the feeding journey you imagined. 

Our first daughter I triple fed for 6 months and exclusively pumped for 13 months. I was never able to breastfeed her. So my second daughter I thought, it’ll be easy this time, it can’t happen twice…wrong again. 

More on our second feeding journey coming soon! 

Here’s what you guys had to say about some situations you experienced that made your newborn feeding journey difficult as well. 

I’ve realized the more I opened up about my feeding difficulties, the more mamas that said “me too”. 

Two things I want you to know: 
1 - YOU ARE NOT ALONE 
2 - Fed is Best 

At the end of the day how long you want to try and how you go about trying to establish breastfeeding is up to you as long as your baby is getting the nutrition they need. 💗

What other experiences have you had on your newborn feeding journey?

____________
#breastfeeding #breastfeedingsupport #breastfeedingawareness #breastfeedingstruggles #tonguetiebabies #tonguetied #triplefeeding #feedingyourneighbors #fedisbest #jaundice #prematurity #newbornlife",,,,,,
thenicudoula,23,12,2022-05-22T03:06:10.000Z,"🏆 𝗧𝗲𝗹𝗹 𝗺𝗲 𝘆𝗼𝘂𝗿 𝗽𝗿𝗼𝘂𝗱𝗲𝘀𝘁 𝗳𝗲𝗲𝗱𝗶𝗻𝗴 𝗺𝗼𝗺𝗲𝗻𝘁 - whether it's nursing, bottle feeding, G-tube, SNS, pumping, transitioning to solids - let's celebrate the wins!

Pumping while babywearing definitely felt like leveling up for me! And feeding her an extra year with pumped milk I'd stashed in my deep freeze made me feel like a superhero. 

Comment with your favorite feeding accomplishment! ⬇️

ID in alt text

#nicubaby #nicuparent #nicudad #nicumom #nicumum #niculife #nicugrad #nicugraduate #nursing #pumpingparent #exclusivelypumping #triplefeeding #postpartum #nicudoula #thenicudoula #kangaroula #nicurollercoaster #micropreemie #preemie #premie #lowbirthweight #gastroschisis #pumpingmilk #nicusupport #exclusivepumping",,,,,,
bornwellnewbornservices,23,1,2022-08-02T18:45:35.000Z,"This little nugget has grown so well this past week thanks to his hard working mama and his love of milk.  Their breastfeeding journey hasn’t been simple but he LATCHED so well today and is showing great progress. This is just a reminder that when it comes to breastfeeding, many times it’s not simple.  It is very common to need consistent education, resources and trusted professional support in order to support you as you and your little one find your way. 

#breastfeeding #latchedandloaded #thelatchrn #lactationeducation #newborn #nicunurse #pumpingmom #triplefeeding",,,,,,
nurturecolumbus,23,1,2022-03-11T13:57:45.000Z,"#breastfeedingisconfidence is a theme at Nurture over the last month. We loved this thank you card that reminded us Lactation Support = Confidence. We see you working hard and we see your confidence growing!

Keep being amazing 💜

#inhomelactation #cbusibclc #supportchangeseverything #breastfeedingsupport #triplefeeding #bottlefeeding #exclusivepumping",,,,,,
lowmilksupplyfoundation,23,0,2021-08-05T22:06:30.000Z,"Whatever your journey looks like, we're here to support and celebrate with you. Way to go! 

#lowmilksupplyawarenessday

#lowmilksupplyfoundation
#igtandlowmilksupplysupportgroup #igtandlowmilksupply #igt #lowmilksupply #lowsupply #normalizebf #normalizebreastfeeding #worldbreastfeedingweek #wbfw  #chestfeeding #sns #atbreastsupplementation #breastfeeding #bf #ibclc #bottlefeeding #donormilk #mixedfed  #pacedbottlefeeding #lactaid #bottle #triplefeeding #breastfeedingproblems #breastfeeding #supplementalnursingsystem #breastpump #pumping #milkbank",,,,,,
madison.cleckler,23,3,2021-07-09T21:20:12.000Z,"Babies are like avocados, wait just a minute too long and they go from peacefully sleeping to hangry AF… 

Have you had this happen to you? 

P.S.- this exact scenario is why I stopped using a supplemental nursing system. Yeah, yeah, I know everyone suggests it for at breast supplementation but what they don’t tell you is how much of a pain that thing can be…. Which is why I offer support for ALL feeding journeys!

🤱🏾🧑🏻‍🍼Preparing for your baby feeding journey? Join me for Baby Feeding Basics, a webinar that will teach you: 

💫How to choose a feeding method that feels right for you

💫Basic information on feeding methods: breast/chestfeeding, exclusive pumping, supplementing, and bottle feeding

💫Baby nuances that will help you feel more normal during the first 3 months when you feel like all you’re doing is feeding a bottomless pit. 

The webinar occurs live Thursday, July 15th. To learn more and sign up, DM “webinar” or head over to the link in my bio!",,,,,,
lucyruddleibclc,23,0,2020-06-15T18:45:18.000Z,"skilled, independent infant feeding support, whether you are breastfeeding, mixed feeding or formula feeding.⁠
As an IBCLC in private practice I pride myself on the time and attention I can give the families who approach me for support. When you hire me for a zoom consultation or a telephone call you get me for 2 weeks. I'm here for follow-up questions, adjustments to your plan and for emotional support as you set to work meeting your goals. I have a range of support available to suit every budget. Get in touch to see how I can help you. ⁠
⁠
#ibclc #ibclclife #breastfeedingsupport #breastfeeding #chestfeeding #lowsupply #pumpingmilk #triplefeeding #newborn #milksupply #liquidgold #love #doula #midwife #breastfeedingcounsellor #peersupporter #relactation #feedinggoals #hereforyou #breastfeedingjourney #virtualbreastfeedingsupport",,,,,,
jlsewingmachinefactory,22,0,2024-08-27T09:05:31.000Z,"JL-1342
Two needle walking foot triple feed industrial sewing machine

#twoneedles #twoneedle #doubleneedlesewing #industrialsewingmachine #tripledrag #triplefeeding #twoneedlestitch #doubleneedlethread #maquinadecoser #walkingfootsewingmachine #lockstitchsewingmachine #lockstitchmachine #diysewing",,,,,,
sagementalhealthbc,22,0,2024-01-20T05:42:39.000Z,"How you feed your baby is a personal decision, one that needs to take into account YOUR preferences, needs, and mental and physical health, as well as your baby’s. 

I will always support your feeding choices. YOU know what’s best for you and your baby.

Gorgeous image @feliciasaundersphoto 

#fedisbest #formulafeeding #formulafed #bottlefeeding #bottlefed #breastfeeding #breastfed #triplefeeding #pumpingmom #feedingtube #tubefed #chestfeeding #momssupportingmoms #yourmentalhealthmatters #inclusivefeeding #maternalmentalhealth #postpartum #postpartummentalhealth #postpartumdepression #postpartumanxiety #yourbabylovesyou #youreamazing #momcommunity #supportnewmoms #therapyformoms #sagementalhealthbc #youredoinggreat #newmom",,,,,,
postpartum.care.co,22,26,2022-05-18T01:39:25.000Z,"When I was pregnant with my first baby I read everything I could get my hands on. There were still plenty of things that surprised me about breastfeeding. 

I was not prepared for night two…even though I knew it was coming. 

What surprised you about breastfeeding? 
I’d love you to share.

#breastfeeding #breastfed #breastfeedingsupport #breastfeedingjourney #colostrum #triplefeeding",,,,,,
milkylove.co,22,3,2022-07-21T01:46:12.000Z,"there is work to be done. 🫶🏼

the stat that you see here gives me mixed emotions; sad bc dang but hopeful bc what an opportunity for change and impact. 🙌🏼

there is education to be shared.
there is knowledge to be learned.
there is awareness to be spread.
there is advocacy to be done.
there are moms, babies, families that deserve the truth, the facts & the opportunity to prepare, have access to help & support to bridge this gap.",,,,,,
hope_and_wine,22,2,2021-09-27T18:55:56.000Z,"Has anyone been advised to try triple feeding and never heard of such a thing? 

When my daughter was born this was something we were told right from the get go to do. She was unable to latch at the breast and breastfeeding was always my goal. At the time we thought she only had a tongue tie and was weaker due to prematurity, later on we learned about her laryngomalacia. 

Triple feeding is a three step process. Breastfeeding, bottle feeding and pumping. It takes a lot of time and dedication. I have been doing it for 6 months now, it is exhausting, but rewarding. 

I wouldn’t have survived our triple feeding journey this far without my @spectrababyusa pump and my @willowpump 

Click the link in my bio to check my post that helps walk you through triple feeding and ways to tackle it. 

thenursemamadiaries.com

#triplefeeding #breastfeeding #pumpingmom #spectrabreastpump #thenursemamadiaries #momlife #loveourlittles #fedisbest #exclusivepumping #fedisbestwhetherbottleorbreast #feedingdifficulties #laryngomalacia #laryngomalaciawarrior #latepretermbaby #prematurityawareness #tonguetiebabies #mamablog #mylittlepeanut",,,,,,
hope_and_wine,22,5,2021-09-21T15:44:45.000Z,"Whoever came up with the saying “don’t cry over spilled milk” obviously never spent 20 minutes pumping, to just knock it over. 

Am I right? Who has experienced this? I’ve literally had a few meltdowns after knocking over those precious 2 oz I just worked so hard for. Especially after first having my daughter and struggling with a low milk supply. 

I started pumping straight from the get go, first day in the hospital, because my daughter couldn’t latch or transfer milk from the breast. At the time we chalked it up to prematurity, but there were other issues going on as well we didn’t yet know about. 

I used to call my pump “the torture device” because I was so sore from triple feeding every 2-3 hours and didn’t realize at the time I had something called elastic nipples (something I had never heard of). So spilling those precious drops of “liquid gold” was 💯 cause for a meltdown. 

Stay tuned! More info on triple feeding and ways to help increase your milk supply is coming soon! 💗 

No milk was harmed in the making of this post. 🍼

#thenursemamadiaries #spilledmilk #pumpingmom #exclusivepumping #triplefeeding #breastfeeding #prematurityawareness #liquidgold #spectrabreastpump #spectra #lactationcookies #lowmilksupply #elasticnipples #pumpinpals #laryngomalaciababy #tonguetie #drbrownsbottles #wetriedeverything #willowbreastpump #boppypillow #mybrestfriend",,,,,,
lowmilksupplyfoundation,22,0,2021-08-05T21:47:16.000Z,"We support you feeding your baby in whatever combination of ways works best for you.

#lowmilksupplyawarenessday

#lowmilksupplyfoundation
#igtandlowmilksupplysupportgroup #igtandlowmilksupply #igt #lowmilksupply #lowsupply #normalizebf #normalizebreastfeeding #worldbreastfeedingweek #wbfw  #chestfeeding #sns #atbreastsupplementation #breastfeeding #bf #ibclc #bottlefeeding #donormilk #mixedfed  #pacedbottlefeeding #lactaid #bottle #triplefeeding #breastfeedingproblems #breastfeeding #supplementalnursingsystem #breastpump #pumping #milkbank",,,,,,
breastfeedingdiabetic,22,2,2021-02-28T19:44:13.000Z,"Part 3 | Breastfeeding journey 

Upon arrival to the ED
I had a breakdown. I didn’t know what to say when they asked why we were there, all I could do was cry & say something was wrong with my baby. I told them he was 5 days old & would not swallow/drink anything. They did all the normal admission things like temp, weight, BP, etc & I didn’t notice any of the numbers, but I noticed my baby was barely crying. None of it made him upset & I knew it should.

He was taken back to a room & right away the doctor on the floor came in. She attempted to give him his bottle & confirmed I did the right thing by bringing him when I did. Immediately they began treatment for jaundice, hypothermia, dehydration & an unstable heart rate. We were quickly transferred to a larger Pediatric hospital out of town & after 12 heartbreaking hours he had a diagnosis of bacterial meningitis. I had unknowingly become GBS+ at delivery.

He was so sick that he could not swallow or take anything by mouth. He received a continuous IV of saline & dextrose to give him nutrition along with an array of antibiotics until he was healthy enough to take a bottle. I continued to pump, but now I worried that the stress would delay my mature milk even further.

Finally, on day 7 of life he was able to take a bottle again. Two full days from my last attempt at bottle feeding. Now we had a whole new set of obstacles with him being in an isolette & being covered in wires & tubes. The next day he was stable enough to come out of the isolette & we were able to do skin to skin & attempt breastfeeding again. 

Breastfeeding was super challenging with all the cords hooked up to him & he was still pretty weak but we would try every 2-3 hours & follow up with a bottle of pumped milk & then formula if he needed more. We triple fed for the next 2 weeks while he continued antibiotics for the meningitis. It was so exhausting triple feeding, but he was finally gaining weight & was able to remove the IV nutrition.

[Continued in Comments]

#breastfeedingdiabetic #breastfeedingwithdiabetes #mypostpartumjourney #diabeticmama #lactationconsultant #triplefeeding #breastfeedingjourney #pumpingmama #gestationaldiabetes",,,,,,
narababy,22,7,2020-12-10T20:32:30.000Z,"Let’s talk about triple feeding! If a baby isn’t gaining sufficient weight from nursing alone, it’s very common to switch to triple feeding. The goal is to keep them fed while continually working on nursing so that eventually the pumping and bottle feeding steps can stop.

What do you think about triple feeding? Let us know below 👇",,,,,,
blissfulbabysteps,22,2,2021-10-29T11:40:32.000Z,"I remember the moment of dread right before she would latch. 
⠀⠀⠀⠀⠀⠀⠀⠀⠀
The sharp pain as she chomped still takes my breath away. 
⠀⠀⠀⠀⠀⠀⠀⠀⠀
I barely kept it together as she frantically tried to get milk out, screaming at my breast, and both of us overwhelmed. 
⠀⠀⠀⠀⠀⠀⠀⠀⠀
“Is she getting enough?” “Am I producing enough?” “Am I enough?” 
⠀⠀⠀⠀⠀⠀⠀⠀⠀
I played those questions on repeat in my head for weeks. 
⠀⠀⠀⠀⠀⠀⠀⠀⠀
Breastfeed with SNS, bottle feed breast milk, bottle feed formula, pump. Take supplements to increase milk supply. Repeat. All to the sound track of a wailing  baby. 
⠀⠀⠀⠀⠀⠀⠀⠀⠀
It was exhausting. I was putting too much pressure on myself because I was nervous I would “fail”, that it was my fault she had been marked failure to thrive. Scared she’d get sick without my antibodies to protect her.
⠀⠀⠀⠀⠀⠀⠀⠀⠀
I remember feeling proud of this bottle of milk. I spent all day collecting it. It was the first and one of the only bottles full of my breast milk that I gave her. 
⠀⠀⠀⠀⠀⠀⠀⠀⠀
It took several friends and my IBCLC to help me realize that my worth as a mom isn’t defined by the amount of breast milk I create. That it was okay to feed my baby both breast milk and formula without “failing”. It took several professionals to help me realize that Ophelia had several restrictions preventing her from latching and sucking correctly. It took more research to help me understand how hormonal disorders can affect milk supply. 
⠀⠀⠀⠀⠀⠀⠀⠀⠀
My point is, you and your baby’s feeding journey can look so many different ways. And whichever way works best for both of your overall mental and physical health, is the perfect way. For Ophelia and I, that looked like breastfeeding for a little bit, then bottle feeding formula. 
⠀⠀⠀⠀⠀⠀⠀⠀⠀
And whatever way it looks like for you- be proud. Keeping a tiny human alive is NOT a small feat, but you are doing it, and you are doing it well. 
⠀⠀⠀⠀⠀⠀⠀⠀⠀
#infantfeeding #fedisbest #breastfeeding #formulafeeding #breastmilk #formula #pumping #triplefeeding #postpartum #milksupply #pcos #breastfeedingjourney #postpartumjourney #lactation #lactationsupport #hamptonroadsva #hamptonroads
⠀⠀⠀⠀⠀⠀⠀⠀⠀",,,,,,
tonguetieexperts,22,1,2022-06-29T16:01:12.000Z,"What are the signs that baby is getting enough breast milk?

One of the first signs that baby is getting enough breast milk is that mom is comfortable. If there isn’t any pain and mom is comfortable, that is a sign that baby is transferring milk from the breast.

If baby has a good latch and feeding efficiently, then baby will be satisfied between feedings. Baby will be able to go into a restful sleep without a pacifier and without swaddling.

If you are experiencing any pain, then reach out to an IBCLC for assistance. 

If you are expecting a baby, a new parent, or a physician and would like to get back to the basics of breastfeeding, join us in episode 9 of the Tongue Tied Experts podcast. 

#enoughmilk #lowmilksupply #pumpingmom #exclusivepumping #supplementing #formulasupplement #formulashortage #Nipplepain #latch #ibclc #PCOS #Breastfeedingafterbreastsurgery #pediatricians #insufficientmilksupply #IGT #powerpumping #Howmuchmilk #galactogogues #lactationcookies #Feedingcues #swaddling #feedondemand #skintoskin #increasemilksupply #moremilk #makingmoremilk #triplefeeding",,,,,,
lowmilksupplyfoundation,22,0,2021-08-05T22:04:54.000Z,"Formula is awesome, safe, healthy food for babies. We applaud you for making the decision to feed your baby with it!

#lowmilksupplyawarenessday

#lowmilksupplyfoundation
#igtandlowmilksupplysupportgroup #igtandlowmilksupply #igt #lowmilksupply #lowsupply #normalizebf #normalizebreastfeeding #worldbreastfeedingweek #wbfw  #chestfeeding #sns #atbreastsupplementation #breastfeeding #bf #ibclc #bottlefeeding #donormilk #mixedfed  #pacedbottlefeeding #lactaid #bottle #triplefeeding #breastfeedingproblems #breastfeeding #supplementalnursingsystem #breastpump #pumping #milkbank",,,,,,
linda.m.potter,22,3,2018-10-12T11:09:51.000Z,"All we have are our stories. This is a long one. But worth the read. ⠀⠀
The first year of Carson’s life was confusing. He was happy! But I remember feeling shame and defeated the entire first year. I would dread the doctor visits. In fact, sometimes I would cry on the way there because I knew he wouldn’t weigh enough. ⠀⠀
You see, the first week, he gained weight. Milk would literally shoot into his mouth and he was on track to gaining back his birth weight. I mean, I felt like I could maybe do this mom thing!!! 💪🏻
⠀⠀
Then the second week came. And he had to actually remove the milk and he wasn’t. I would nurse for 20 minutes on each side. Thinking he was eating. Thinking all was well. Then we went to the checkup. And no weight gain. ⠀⠀
Triple feeding. That was the answer. Feed the baby for 40 minutes. Pump for 20. Feed for 20. Around the clock. It was in those dark moments in the middle of the night, I felt shame. That I couldn’t even feed my baby. What kind of mother can’t feed their baby?!? And I would tell myself the cruelest things. ⠀⠀
He still wouldn’t eat. Not really anyway. No tummy troubles. No reflux. Just not hungry. I quit the nursing. Went straight to pumping so we could know every ounce he ate. And we would write everything down. Rounding up because I wanted to end the day at 14-15 ounces. ⠀⠀
We did this his entire first year. After work I would pick him up from daycare and he would have ate 6 ounces all day. And I knew, there was no way I could make up the difference in a few hours. ⠀⠀
It consumed me. It’s how I measured if I was a good mom. I was a mess inside. Frantic for someone to tell me that he’s fine. Instead we would go to the doctor and she would confirm that I’m a terrible mother with the discussion of “failure to thrive.” ⠀⠀
When he was one, he weighed a little over 15 pounds. Was wearing 9 month clothes. And HAPPY! Just small. Yet I allowed them to do a series of tests. I held his helpless body down while they attempted to draw a large amount of blood from his tiny arm. And after what seemed like hours of both of us crying and multiple failed attempts, I said NO MORE! ⠀⠀
Trust your gut. Empower yourself. You are enough.",,,,,,
gingerlymama.clc,21,0,2024-04-30T19:34:29.000Z,"Calm, cool and collected 🤱🏼

You would never guess that this mama was having level 9/10💥pain when nursing just one week prior to this picture.

This is baby #3 and she was beginning to doubt she could continue breastfeeding. Her pain dropped substantially within in 24 hours and then was down to 1-2 pain in 72 hours after our home visit. 

Don’t continue to suffer, reach out for help to identify the root cause and create a personalized care plan that aligns with your needs and preferences.

#gingerlymamallc #gingerlymamaclc #breastfeedingjourney #breastfeedingstories #pumpingmama #pumping #bottlefeedingmama #bottlefeeding #supplementingmama #supplementing #triplefeeding #gingerlymama #breastfeeding #breastmilk #babyfeedingjourney #lowsupplystories #breastfeedingsupport #enoughmilk #support #empowerment #clc #clcsupport #feedyourbabyyourway #humanmilk #humanmilkforhumanbabies #humanmilksaveslives #breastfeedingmoms #breastfeedingconfidence #breastfeedingconcerns 

*posted with permission*",,,,,,
gingerlymama.clc,21,2,2024-08-02T19:11:24.000Z,"🤱🏻Breastfeeding is so much more than just feeding a baby; it’s a profound connection. Abby’s journey exemplifies this deeply. Despite facing significant challenges such as painful latches, refusal, low milk transfer, triple feeding, clogs, and mastitis, Abby’s perseverance and dedication never wavered. Her commitment to breastfeeding, throughout the obstacles, highlights her incredible strength and determination.

Breastfeeding offers immense benefits beyond mere nourishment, including emotional bonding and comfort, which are vital for both mother and baby. Even when supply issues or other challenges arise, the value of breastfeeding remains significant. Abby’s story is a testament to how crucial it is to seek support when navigating these hurdles. Her resilience and the support she received ensured that her baby received the essential nutrients and the nurturing bond she so desired. Abby’s journey is truly inspiring and a powerful reminder of the strength and benefits of breastfeeding.

Support came from all angles— lactation, oral functional therapy, midwifery, chiropractic, pediatricians, it takes a village and I’m grateful for all the amazing support resources in the QCA. 

#gingerlymamallc #gingerlymamaclc #breastfeedingjourney #breastfeedingstories #pumpingmama #pumping #bottlefeedingmama #bottlefeeding #supplementingmama #supplementing #triplefeeding #gingerlymama #breastfeeding #breastmilk #babyfeedingjourney #lowsupplystories #breastfeedingsupport #enoughmilk #support #empowerment #clc #clcsupport #feedyourbabyyourway #humanmilk #humanmilkforhumanbabies #humanmilksaveslives #breastfeedingmoms #breastfeedingconfidence #breastfeedingconcerns",,,,,,
lifeofalouise,21,4,2024-02-22T17:47:34.000Z,"Apparently it's #breastfeedinginpublicday today. I don't have any pics of me feeding at playgroup this morning but here's a throwback to some public pics in the weeks after our hospital admission where I was so confused about what I was doing so wrong this time round, and getting so many mixed messages. 

So Starbucks in particular was a celebration of release from the hospital, and the final pic from @johaycockphotography at the wonderful Simply Sisterhood Cardiff (@drmichellegraham) represents the support from so many people, freedom I felt in getting out there and trying to trust my gut and carry on, even amongst other hard things, that as confirmed by the dietician this week seems to have been the right thing for us 💖 

Why do I care about feeding in public? Same as people choosing to change publicly in changing rooms - the body is beautiful, and I'm so glad I don't feel like I have to hide in a public toilet to feed like I did with G but I also acknowledge it is not easy to feed in public and can feel super exposing, especially if people don't hold your eye contact or run away 🤷💗 if I see you feed your baby in public, however you feed, I'm cheering you on 👏👏👏",,,,,,
_busy.bee.three,21,0,2023-03-29T01:47:47.000Z,"R's breastfeeding journey - PART 2

My husband and I chatted leading up to the delivery of our fourth baby. I let him know my feelings and ""plan"" (quotation because if there is one thing I have learned in my years of parenting, it's that sometimes, many times, things won't go according to plan and we'll need to pivot). I let my husband know what I wanted, we discussed my limits & needs, and we prepared by purchasing things I knew I would need. 

Things we bought: 
- New Nipple shields, we purchased extra so there would always be an emergency set in the diaper bag & our vehicle (I have inverted nipples and even with expression they didn't evert enough for baby to latch). 

- New & extra sets of pump parts. Another big factor when you have inverted nipples is having the right size pump parts. This was something no one really told me until I had our third and the most wonderful God sent angle lactation consultant (that I also had the honor of working with) taught me SO much and changed everything for us. She was the first to ever get my milk moving and baby feeding. [This deserves a WHOLE post, so I'll share about that another day].

- New pump. I spent the whole pregnancy researching every pump under the sun. I ultimately decided to give the Spectra a try and spent my time showering the internet to get my hands on one in Canada. It wasn't easy, but after having tried almost every pump available only he Canadian market, and given my specific needs for a large flange size not offered by all companies, it was our best shot at success. I ended up being able to secure not one, but two brand new pumps. Yay! I set myself up for success with ensuring I had multiple sets of flanges, extra pump parts & adaptors (I used a 'hack' to be able to use the spectra pump with my medela mamymom flanges - as these are the only flanges that come in my size). 

My plan was simple - we would give it another shot and if it wasn't working, we wouldn't force it. We wouldn't go down without a fight, but we would give it our best shot and not get upset if things didn't work out again. 

#pivot #breastfeeding #breastfeedingmama #pumpingmama #triplefeeding #milkdonation",,,,,,
hope_and_wine,21,2,2023-02-06T20:26:51.000Z,"Breastfeeding can be hard. It’s not always as beautiful and easy and peaceful as movies and social media make it seem. This has been my experience anyways. And it’s okay to say breastfeeding is hard or it’s not for you. 

Especially as a mama to two 35 weekers, breastfeeding hasn’t gone anywhere close to what I had hoped for. With our first daughter she had other things making her feeding journey more difficult. But I was so hopeful this time. 

After exclusively pumping for 13 months, the last thing I wanted to see a few hours post-partum again was a breast pump. The lactation nurse came in and said “okay I don’t want to traumatize you but you need to start pumping”. 

However, here we are triple feeding, tube feeding and pumping like crazy again. Constantly being told it’ll “just click” when she hits full term. 3 more weeks to go?

But this time we have milk! And lots of it thankfully. Not pumping bottle to bottle and feed to feed. We have tons of frozen milk already. 

So here’s to my first bag of frozen milk this go around. We’ll get there this time. We have to. Just not as easily like I had hoped for. Again just have to work a little harder for something that should come “naturally”, this recurring theme that seems to pop up after going through infertility as well. 

After our first daughter I had told myself I wasn’t going to put myself through the torture of pumping for 13 months again. Yet, here I am contemplating it again. 

No matter what you do though remember to protect your sanity. And at the end of the day. Fed is best. Doesn’t matter how they get there. #fedisbest 

Did your breastfeeding journey go as planned? What did your feeding experience look like? Share below! 👇🏻👇🏻

____________
#breastfeeding #triplefeeding #pumpingmom  #exclusivepumping #medela #spectrabreastpump #newbornlife #prematurebaby #feedingdifficulties #breastfeedingsupport #breastfeedingawareness #fourthtrimester",,,,,,
itzjoeysjoey,21,9,2022-05-10T03:02:00.000Z,"Chaos, it’s absolute chaos. Triple feeding is completely insane and I’m over it. 
•
1 - Bottles. Because of Lola’s low birth weight we are fortifying her milk so she gets extra calories which means she needs a certain amount of bottles every day. She also sometimes needs a bottle to top her off if she doesn’t get what she needs from the breast. 
2 - Pumping. Either pumping both at the same time or pumping one side while breast feeding on the other. This is supposed to “save time” but that’s bullshit and my arms aren’t long enough, or something gets knocked out of place or Lola’s mad because I’m paying more attention to the pump. 
3 - Breastfeeding. Breastfeeding a premie is a whole different ball game, or so I’m told. She’s 9 weeks old and we’ve been at this for so long that it feels like she should have this down by now. When in reality she’s still maturing and it all just takes so much more time than we’d like. 
•
There are times where I will breastfeed on one side while pumping on the other side. I’ll pour what I’ve pumped into a bottle and give that to Lola while I pump the rest from the first side. That’s the “best” right now but it’s killing me slowly, especially when this girl eats every 3 hours. Better wash everything before we go again! 
•
Eventually she’ll be able to have the stamina to breast feed from both sides and empty them. That’s the goal! But for now…. I feed my baby with all the ways I can. 
•
This has all come to you from a mama with lactation support. I’ve had lactation consultants the whole time Lola was in the NICU and now I’m seeking out a private consultant to keep some consistency. There is no way I would be able to handle all of this on my own without support from someone who knows what the end of the tunnel looks like. Lactation consultants should be made available to women to help navigate this crazy journey. 
•
#ItzJoeysJoey #pregnancyjourney #joeyspregnancyjourney #firstpregnancy #babyoteroleonard #joeysmotherhoodjourney #babygirloteroleonard #preemie #10weeksearly #NICUBaby #NICUGraduate #newmom #mylactactionjourney #lactationconsultant #breastfeeding #triplefeeding #medela",,,,,,
tonguetieexperts,21,3,2022-06-28T16:00:31.000Z,"Did you know that one of the most common reasons that moms stop breastfeeding is fear of not having enough milk?

How do we know if a baby is getting enough milk?

In this episode, you will learn how much milk a baby actually needs, how we know there is enough, myths about milk supply, and signals that may indicate that further help is needed.

This information is for parents and for professionals who care for breastfeeding parents. Even if you are not a lactation consultant, it is vital for you to be able to either reassure your patients, give them simple ways to ensure adequate milk transfer, or refer them for expert lactation help when needed.

If you are expecting a baby, a new parent, or a physician and would like to get back to the basics of breastfeeding, join us for episode 9 of the Tongue Tied Experts podcast. 

#enoughmilk #lowmilksupply #pumpingmom #exclusivepumping #supplementing #formulasupplement #formulashortage #Nipplepain #latch #ibclc #PCOS #Breastfeedingafterbreastsurgery #pediatricians #insufficientmilksupply #IGT #powerpumping #Howmuchmilk #galactogogues #lactationcookies #Feedingcues #swaddling #feedondemand #skintoskin #increasemilksupply #moremilk #makingmoremilk #triplefeeding",,,,,,
jodie_blackbird,21,1,2021-12-29T18:33:15.000Z,"💀 Little one has smashed it today 💀
❤️ 8lb 2oz so an 8oz gain in 5 days - triple feeding is paying off ❤️
🍼 So bloody proud of us! I cannot recommend the Haakka pump enough! I'm managing to get 2oz - 3oz after every feed which we then use for top ups. I thought of giving up after the first 2 days of being told we needed to feed, express and bottle, but the hakka changed everything completely - hands free, natural suction, no noise and it doesn't break the bank 🍼
❤️ Couldn't have done it without my supportive husband Lee ❤️ from me crying with my head in my hands and wanting to quit, to crying over spilt breastmilk, he's been there encouraging us ❤️
😍 WE LOVE YOU LOTS 😍
💀 Oh and she nailed her jabs like a champ 💀 that's my girl 💀
.
.
.
#8weeks #8weeksold #daughter #motherhood #mothernature #lactation #maternity #normalisebreastfeeding #breastfeed #breastfeeding #breastmilk #breastfeedingmum #mumlife #postpartum #triplefeeding #breastfeedingmama #breastfeedingjourney #breastfeedingsupport #newmum #nursing #milkbooster #love #mum #parenting #breastfedbaby #alternativegirl #alternativemum #alternativebaby @haakaa_ukandireland",,,,,,
thinklikeamom_,21,11,2021-10-24T00:03:24.000Z,"Let’s talk about Pros and cons to exclusive breastfeeding. ⁣
⁣
I’ve always said that exclusive breastfeeding is not for everyone and families have to choose what feeding method works best for them. ⁣
⁣
Here’s MY experience with it:⁣
⁣
⁣
𝐏𝐫𝐨𝐬: ⁣
✨ Very convenient. No cleaning, preparing, or warming bottles.⁣
⁣
✨ The bonding experience and the way my baby looked at me while breastfeeding was amazing and indescribable.⁣
⁣
✨ I thought it was cool that my breastmilk changed to meet his age and developmental needs. ⁣
⁣
⁣
𝐂𝐨𝐧𝐬: ⁣
⁣
✨ Constantly worried if my baby is getting enough.⁣
⁣
✨ Lack of sleep being the sole person that can feed him.⁣
⁣
✨ Even though bonding was amazing it was tiring when he preferred me.⁣
⁣
✨ No control over my body, gained weight. ⁣
⁣
🍼 I’ve done exclusive breastfeeding, combo and triple feeding. With that said, I’ve decided that combo feeding worked best for me and my family. ⁣
⁣
Pumping SUCKED!! I absolutely hated it. ⁣
⁣
🤱🏽 My biggest struggle with exclusively breastfeeding was that I was the sole person responsible for feeding which resulted in lack of sleep and exhaustion. ⁣
⁣
For the next child my plans are to combo feed both breast and formula so that multiple people can feed my baby and I can get some well deserved sleep. ⁣
⁣
Everyone’s feeding journey is different. This pros and cons list is purely from my experience as a first time mom based on my own feeding journey.⁣
⁣
⁣
 What’s your pros and cons of exclusive breastfeeding from your experience?",,,,,,
breastmilksupply,21,2,2020-09-11T17:32:54.000Z,"Posted @withregram • @kellyibclc Hey Pumpers!! Want to save some time?  You don't have to warm up the bottle every time you give breastmilk!  It is just as good for them when it's cold. ⁠
⁠
If your baby is use to it being warmed up and rejects the cold, you may have to do a gradual change. ⁠
⁠
If the milk has been in the refrigerator for a few days, it may need to be heated just enough to mix in the fats.⁠
⁠
ADDED BONUS - If you are also feeding at the breast, having the bottle milk cold, makes the milk straight from the source that much more appealing, leading to less bottle preference. ⁠
⁠
If you are an exclusive pumper, I suggest getting them use to a range of temperatures, so when you need to (like when you are out and about) you can serve cold milk, but when your home and want more comfort out of the milk, you can serve it warm. ⁠
⁠
Times when it's a good idea to warm it up. ⁠
- Sleep time - they will go to sleep easier with warm milk⁠
- If they are sick - just like you, warm liquids when sick feel better.⁠
⁠
#breastmilk #breastfeeding #pumping #pumpingtip #pumpingmom #ibclc #breastfeedingtip #lactation #lactationconsultant #normalizebreastfeeding #bottles #bottlefeeding #warmmilk #postpartum #pregnancy #postpartumplan #triplefeeding #breastpump⁠",,,,,,
milkacademyco,21,0,2021-02-16T20:07:04.000Z,"If you are having trouble latching or feeding your baby at the breast in the early days, follow this lead:⁠
⁠
1. Feed your baby: give your baby expressed breast milk, donor breast milk, or infant formula. I’ll go over some different ways you can supplement your baby this week. ⁠
⁠
2. Protect your milk supply: pump or hand express to remove your milk and encourage your body to keep producing. Any time you are offering a supplement, you should be doing this. ⁠
⁠
3. Call an IBCLC: the earlier you can get to the root cause, the better your outcomes will be in the feeding journey that you see fit for you and your baby.⁠
⁠
If you need breastfeeding assistance, please reach out! I've got you, mama. ✨
.
.
.
.
.
.
⁠
#themilkacademy #breastfeeding #ibclc #breastfeedingsupport #milkymama #breastmilk #breasmilksupply #liquidgold #motherhood #momsofinstagram #postpartum #normalizebreastfeeding #postpartumjourney #milksupply #pregnancy #parenting #lactationconsultant #supportisbest #supportmothers #babytips ⁠
#newborntips #thefourthtrimester #supplementing #triplefeeding #motherhoodunplugged #breastmilkmagic #newbornbaby #tinyhuman #postpartumsupport",,,,,,
rachelroberts_thismamalife,21,1,2019-08-01T21:43:39.000Z,"My breastfeeding journey is forever changing and this week it took another turn. I’ve been breastfeeding for 1520 days (4 years and 2 months) yet it feels like it’s been simply a blink of an eye. Don’t get me wrong there have been many a nights when I’ve cried my way through pure relentless tiredness and just wondering if my baby was actually getting enough milk. The early days were a combination of self doubt and worry along with sitting for hours snuggling and boobing my baby. Then baby number 2 came along. This time I was prepared for what to expect and was determined to enjoy the process and not be too hard on myself. Tandem feeding was my saving grace. I couldn’t just sit for hours feeding my newborn because I had an 18 month old toddler to chase around and keep up with. So the baby learnt to feed in my standing arms, in the carry and whenever he could grab the chance. Tandem feeding slowed my days. I could sit and feed both of my babies and make the most of the 20 minute peaceful intervals throughout the day. I’d learnt to be kinder to myself and remind myself that I’d got this. Then came baby number 3 and feeding trough pregnancy and more than one baby was all I had known so tandem feeding became triple feeding.

Breastfeeding 3 has always been a juggling act but something I have loved. As soon as I’d sit down on the sofa it was like watching a race to see who could clamber over everything and get to me first.
But this week, I’m feeding just my baby girl again. Our journey of triple feeding  that I will forever cherish and love, but now Im all ready to enjoy all the quiet moments with Grace Valentina.
Your journey is yours and yours alone and that’s what makes it special. 
Sharing my journey and supporting mums is a passion of mine because it’s so important that every mama does exactly what they want.

#worldbreastfeedingweek #worldbreastfeedingweek2019 #breastfeeding #breastfeedingmama #tandembreastfeeding #tandemnursing #triplefeeding #motherhood #mymotherhood #mumssupportingmums #mummy #mummyblogger #momentsofmine #ourjourney #babygirl #mybabygirl",,,,,,
babyavaryleigh,21,0,2019-05-30T16:55:28.000Z,"Day 2 in the hospital

I feel a lot more stronger today, hope that cute doctor discharge us this afternoon. 
I miss nap time beside my momma. 
Dont worry guys my cheeks are back!! 🥰

#avaryleigh #breastfeedingproblems #triplefeeding #ilovemilk",,,,,,
happy.mama.healthy.baby,21,4,2016-11-01T19:27:42.000Z,"My name is Therese and I'm a Registered Nurse and an International Board Certified Lactation Consultant.
.
I take a ""whole""-istic approach to the breastfeeding relationship, and I strive to find creative solutions to common (and not-so-common) struggles, enabling moms to reach their breastfeeding goals.
.
I truly believe that a mom who is active and involved in her plan of care is the happiest, and happy moms are most prepared to raise a baby in the healthiest possible environment, physically and emotionally.
.
I would be honored to walk alongside you on this journey. Check out my website (link in profile) for more information.
.
#ibclc #lactationconsultant #kansascity",,,,,,
waypointcounselingnc,20,4,2024-09-19T18:32:20.000Z,"We’ve been there!
*It is really hard!*
Breast-feeding, bottlefeeding, and pumping all at once, around the clock, on top of everything else – is very difficult. Give yourself a break! Ask for help and take care of yourself too.

*It isn’t sustainable.*
The amount of time and energy it takes to triple feed is huge and moms end up stressed, exhausted and oftentimes, miserable. Their risk for perinatal mood and anxiety issues increases dramatically. It isn't a long term solution for a feeding problem.

*You need an end date.*
Setting an end date can help you manage the stress of triple-feeding. It will give you time to consider alternative feeding options and come up with a longer term solution that will work for you and your baby. 

*Your needs are important too*
While breastmilk is wonderful, feeding your baby shouldn't come at the expense of your own mental health. There are many ways for babies to be fed and for moms to rest and be able to enjoy other aspects of their baby. If you are struggling with feeding, find a local feeding consultant who can help and support you in your feeding relationship, no matter what that looks like. Remember, a happy mom = a happy baby.

#triplefeeding #maternalwellness #perinatal #postpartum #mentalhealth",,,,,,
welcomebabies_lactation,20,0,2023-08-03T15:30:14.000Z,"Don't compare your feeding journey to someone else's on social media or your friends. Everyone is at a different stage of their feeding journey, and your journey is unique to you and your baby. If you are struggling with feeding or just need some reassurance, we are here for you.❤️ 

#WeLComebabies #pumpingmama #pumpingmom #breastpump #powerpumping #milksupply #mamasmilk #breastmilk #expressedmilk #exclusivelypumping #expectingmom #lowmilksupply #triplefeeding #newbornbaby #breastfeedinghelp #chestfeeding #fresh48 #painfullatch #postpartum #doula #lactationconsultant #breastfeedingsupport #tonguetie #frenectomy #fraservalleymom #fraservalley #langleymom
#surreymom",,,,,,
midwifeshannon,20,3,2022-09-17T18:57:57.000Z,"It’s someone’s “due date day” at last! So crazy to think she has been with us over a month and we are finally reaching this milestone. None of my kiddos have made it anywhere close to their “due date day”, so not a shocker at all that she came 5.5 weeks early! We are blessed and grateful for the new addition, even if life feels fairly chaotic.  She is by far our easiest baby, which was very much prayed for but also feels quite foreign. Who knew a baby could actually be set down…. Or a baby could exist that barely cries!? It’s surreal! The biggest thing I am excited about is after five loooong weeks of triple feeding, Gwendolyn is finally able to gain weight without additional milk via a bottle! 👏👏👏 I am so thrilled. Still pumping around 30ozs a day of milk from oversupply but always grateful to have that versus under supply…. So will navigate getting that more and more under control over the next weeks and months. 
#sacredjourneymidwifery #midwifelife #thoughtsofamidwife #duedateday #onemonthold #sweetbabygirl #momlife #postpartum #postpartumlife #breastfeeding #triplefeeding #mothersmilk #breastfeedinglife  #scotland #scotlandlife #fromtexastoscotland",,,,,,
nourishnevada,20,0,2022-10-31T17:04:39.000Z,"Happy Halloween from #nourishnevada. We hope you and your family have a “boobtastic” and safe holiday. 

Who can relate to #mamapumpkin? Have you ever pumped while breastfeeding? Breastfeeding can look different for every family. We know #supportchangeseverything and every dyad has unique needs. 

Photo credit: Rachel Stark 🎃

#ibclc #otpeds #renobreastfeeds #slppeds #nourishnevada #babylove #lactation #breastfeeding #breastfeedingpumpkin #triplefeeding #pumpingmom",,,,,,
huddersfieldbosombuddies,20,0,2022-08-30T11:40:41.000Z,"Celebrating success! 

Delighted to have awarded our first certificates this morning ❤️

If you have been to one of our meetings (or plan to come), you can apply for a certificate for: 2 weeks, 4 weeks, 12 weeks, 6 months, 1 year, 18 months, 2 years, 2.5 years, 3,4,5 etc. 

If you are doing any breastfeeding/chestfeeding - be it one feed a day, all feeds, or pumping, you are so welcome at our group. 

And from now on, all of our meetings will be @thenestholmfirth! We’ll share more info about how to get there soon. 

Love Rebecca, Kelly and Maddy x

#breastfeedingsupport #breastfeedinggroup #holmfirth #huddersfield #triplefeeding #pumpingbreastmilk",,,,,,
jwp.ibclc,20,6,2022-05-16T08:22:43.000Z,"When infant formula is required, it's important to know how to make it correctly. 

This is the way I recommend parents pre-prepare their baby's formula feeds. Using water that is no less than 70-degrees Celsius ensures any potentially harmful bacteria are killed in the preparation process. Infant formula is not a sterile product, and it can become contaminated during the manufacturing process and during its time in the home environment. 

I find parents are often unaware of this method of preparation and also don't know that preparing in advance is possible. I recommend preparing in advance as this reduces the steps often involved in the feeding process if a baby is having breastfeeds, breastmilk and some infant formula. 

Please note, as an IBCLC I cannot recommend a specific formula although I get this question all the time!

If you have questions, DM or comment below, I would love to chat!",,,,,,
jodie_blackbird,20,0,2022-01-13T18:18:00.000Z,"🖤 10lb 3oz 🖤 OMG I AM SO CHUFFED 🖤
🍼 Managing to pump 10oz - 12oz before 6pm as well now, meaning MUMMY HAS A BOOB BACK IN THE EVENING 🎉🎉🎉 
🍼 Don't get me wrong triple feeding has been tiring and frustrating at times, my boobs and back hurt at night due to the constant pumping throughout the day, but I feel like I can see the light at the end of the tunnel 🍼
🖤 DON'T GIVE UP 🖤
🍼 Haakka's are bloody amazing 🍼
.
.
.
#9weeks #9weeksold #breastfeeding #breastmilk #breastfeedingmum #mumlife #postpartum #triplefeeding #breastfeedingmama #breastfeedingjourney #breastfeedingsupport #newmum #nursing #milkbooster #love #mum #parenting #breastfedbaby #breastfeed #babygirl #princess #beautiful #dreambaby #dreamgirl #perfection #daughter #perfect #motherhood #mothernature @haakaa_ukandireland",,,,,,
milkybusinesslactation,20,0,2023-09-26T09:28:23.000Z,"For more pumping tips and to make the best investment in your pumping journey, check out our online course Pump Better!

#onlinecourse #ibclc #lactationconsultant #breastpump #exclusiveexpressing #triplefeeding",,,,,,
laurenreznicktherapy,20,0,2020-08-23T22:48:29.000Z,"💖 Newsflash for all you new mamas! 💖 @kellyibclc 
・・・
Breastfeeding Bandaids can be needed, but should always be a short term solution while the root cause of the issue is figured out.⁠ Bandaids can help symptoms but not solve problems. 
⁠
🔶NIPPLE SHIELDS:⁠
Nipple shields are often used when a baby can't latch or when there is pain with latching.  Neither situation is normal and the cause should be figured out in order to make a plan to get off the nipple shield.⁠
⁠
🔶PUMPING AFTER BREASTFEEDS⁠
Sometimes parents pump after feeds at the breast in order to increase supply so the baby has more easy milk.  Again, this can be effective short term, but the baby should be able to maintain milk supply on his own and often there are simple solutions to help baby do this and decrease that workload for mama.⁠
⁠
🔶TRIPLE FEEDING⁠
Triple feeding is when you feed at the breast, pump and then feed that milk back either via bottle, finger feeding, cup feeding etc.  Triple feeding, like other bandaids, can be needed short term.  However, it is too much work to be a long term solution. ⁠
⁠
🔶REFLUX MEDS⁠
True acid reflux in babies is rare and usually only seen in preterm babies.  More commonly I see reflux due to swallowing air either because of a bad latch or because of an uncoordinated swallow OR reflux due to a food sensitivity.  Either way reflux meds are a bandaid to cover up why it is happening and this bandaid is not benign.  These meds were never studied on babies for safety, but retrospective research has shown that when given as a baby, they increase the baby's chances of broken bones as a child.⁠
⁠
🔶NIPPLE CREAM⁠
There are some great and not so great nipple creams out there for damaged nipples, but either way, they shouldn't be relied upon long term to keep pain or damage at bay. 
⁠
If you are using a bandaid and want to stop, find someone that is willing to dig in the weeds with you and figure out the root cause and also a way to fix that root cause!⁠
⁠
#breastfeedingtips #breastfeeding #babyreflux #pumping #triplefeeding #lowsupply #ibclc #lactation #breastmilk #lactationconsultant #postpartum #nippleshield #liquidgold #pregnancy #birth #normalizebreastfeeding",,,,,,
the_ways_with_downs,20,4,2022-07-04T22:10:04.000Z,"It happened. It finally bloody happened….I cried over spilt milk 😂🙈. Yup, I managed to spill some when decanting into one storage container and misjudged the distance. It wasn’t a huge amount but it was the effort, the worry of have I got enough in the fridge for next feed/top up. I can roll my eyes now but it had to happen! 

#downsyndrome #downsyndromeawareness #downsyndromeuk #dsuk #downsyndromebaby #extrachromosome #extrachromosomeextracute #t21 #trisomy21 #morealikethandifferent #downrightperfect #SENmom #sen #breastfeeding #breastfeedingmummasuk #breastfeedingmom #breastfeedingmama #spilledmilk #humanmilkforhumanbabies #pumpingmama #pumpingmom #pumpingmum #triplefeeding #tonguetiebabies",,,,,,
bajanspeechie,20,8,2021-07-29T16:26:23.000Z,"Triple feeding in a nutshell. Every morning this is what I pack up to go back downstairs for the day. Sometimes it feels like a marathon between getting both of us dressed and collecting all the pump, breastfeeding and bottle supplies from around our room 😵‍💫. #triplefeeding #breastfeeding #fourthtrimester #lowmilksupply #infantfeeding",,,,,,
the_mom_chat,19,0,2024-04-16T10:59:52.000Z,"Any other triple-feeding mamas have advice or support to share?

#triplefeeding #breastfeeding #pumping #nursingmom #themomchat #momchat #thegroupchat #groupchat #momcommunity #momfriends",,,,,,
crystallee.xx,19,0,2023-04-24T05:43:39.000Z,"Definitely debated posting this, but you know what... stuff it!
As of yesterday I have officially been feeding my baby from my own body for 8 weeks and I'm so damn proud of myself, it may not sound very long to some and it may not be very long compared to some but it's not easy and I take my hat off to any mumma who can even last 1 day, it's tough. I know this because I couldn't do it with my first 2, and I nearly gave up so many times this time too, it's painful, exhausting, tiring, and sometimes never-ending. I spend most days feeling like a human dummy but the bonding we share is worth it all ❤️ I'm so proud of myself for sticking to it through those first super hard couple of weeks, I don't know how much longer we'll BF for, it could be a week, a few weeks, a month or longer, I'm not putting any pressure on myself but I'll continue to enjoy every moment of feeding you while I can 🥰
#Breastfeeding #Bonding #TripleFeeding #MixedFeeding #Proud #8Weeks #FeedingYouFromMyBody #GrowingYou #FedIsBest",,,,,,
thebossjuarez,19,3,2023-01-31T23:40:51.000Z,"Seeing these bricks 😝 start to stack up brings joy to my heart. 

Now before I get into the 13 days I had so far with baby Erika, let me stress that this is MY journey, MY experience & I honestly don’t care how you feed your newborn. MY CHOICE was to breastfeed. If you breastfeed AND formula, cool, if you strictly do formula, cool, if you exclusively pump & feed, COOL. YOUR BODY AND YOUR BABY, I’ll support you 100000%. There is NO RIGHT OR WRONG WAY. 

Now that that’s out the way. Erika had her first appointment with the midwife less than 48 hours after she was born due to her being born at 1:10am in the morning. She had lost 7% of her birth weight, this is COMPLETELY NORMAL and yet I felt like I was doing something wrong. 

The midwife recommend I triple feed as a precaution, which is draining, to increase my milk supply & increase her intake in calories. 

She said it was doable but very tiring. After I cried on the car ride home I looked at Erik and said “ I can do This, my body was made for this, i don’t care what it takes, I can do this. “ 

What is triple feeding? It’s when you breastfeed first, then pump, then give the baby the pumped milk through a bottle. It’s NOT a long term solution and it’s NOT sustainable. 

My stash is now building up due triple feeding. I was going to stop the triple feeding today when we had another appointment to see how it’s been going but the appointment got canceled due to the weather 😞 so I have to wait until Monday. 

Good thing is, baby Erika has had plenty of wet diapers and that’s a great indicator that she’s getting enough milk ♥️ 

These are the things that go on behind close doors. 

I want all the mommas to know that you’re doing a great job! Keep it up! You got this ♥️ 

*As always, peep my stories for everyday life. 

#bossjuarez 
#4thtrimester #triplefeeding #triplefeed #fedisbest #breastfeeding #breastfeedingjourney #postpartum #postpartumjourney #birthweight #babyblues #newborn #newbornbaby",,,,,,
bornwellnewbornservices,19,0,2022-08-12T12:13:48.000Z,"💕Small but MIGHTY Amelia💕 Both her and her Mama have been hard and work learning to feed and grow ~It’s working! 

#breastfeeding #pumping #triplefeeding #smallbutmighty #lactationconsultant #preemie #thelatchrn #registerednurse  #bottlefeeding",,,,,,
madetomotherlactation,19,3,2021-10-31T20:45:40.000Z,"Triple feeding is 👏🏼 so 👏🏼 much 👏🏼 work, but can be an amazing tool for supplementing / bottle feeding while working to increase supply.

Typically this is not sustainable long term, since triple feeding = nursing THEN pumping and bottle feeding at EVERY feed.

Triple feeding is often prescribed by providers as the “solution” to supply problems— I disagree.☝🏼Triple feeding works wonders when the reason for low supply is insufficient milk removal (poor latch at the start, sleepy newborn, infrequent feeding, etc.) However, if doing this at every feeding for 1-2 weeks ⏰ doesn’t increase your supply, we need to reassess. 

This is where working closely with an IBCLC comes in 🔥 

Triple feeding is exhausting, but effective when done properly and is doable for a short period of time. 

#breastfeeding #pumping #milksupply #triplefeeding #supplementing #yougotthis",,,,,,
lowmilksupplyfoundation,19,0,2021-08-05T21:48:09.000Z,"Sometimes, breastfeeding through chronic low milk supply feels like the world is against you. You're not alone.

#lowmilksupplyawarenessday

#lowmilksupplyfoundation
#igtandlowmilksupplysupportgroup #igtandlowmilksupply #igt #lowmilksupply #lowsupply #normalizebf #normalizebreastfeeding #worldbreastfeedingweek #wbfw  #chestfeeding #sns #atbreastsupplementation #breastfeeding #bf #ibclc #bottlefeeding #donormilk #mixedfed  #pacedbottlefeeding #lactaid #bottle #triplefeeding #breastfeedingproblems #breastfeeding #supplementalnursingsystem #breastpump #pumping #milkbank",,,,,,
lowmilksupplyfoundation,19,6,2021-08-10T16:47:29.000Z,"After many months of planning and hard work, we're incredibly excited to announce the launch of the Low Milk Supply Foundation. The mission of this non-profit organization (501c3 status is in progress) is to address the gap in research and knowledge about, and support for, chronic low breast milk supply. The LMSF will advocate for increased research and better resources to support parents who experience lactation insufficiency.

Link in bio!

There are many ways you can help:
1. Contribute your story – We are collecting parent stories to help increase awareness about the experience of chronic low milk supply. Stories like these can play a role in securing increased research funding for future low milk supply studies.
2. Donate – All funds donated will go to supporting research and advocacy initiatives.
3. Volunteer – As we grow, we’ll be looking for more folks to help us compile content, get the word out on social media and build new parent support initiatives. If you’d like to help, let us know! 
4. Send your ideas – The LMSF is here to advocate for and help any parents who experience chronic low milk supply. If there’s something you’d like to see on the website, or an initiative you’d like to see happen, let us know!
5. Help get the word out but sharing the website widely!

#lowmilksupply #lowsupply #lowmilksupplyfoundation
#breastfeeding #bf #ibclc #bottlefeeding #donormilk #mixedfed #pacedbottlefeeding #lactaid #bottle #triplefeeding #breastfeedingproblems #breastfeedingsupport",,,,,,
abcdoula_andnewborncare,18,2,2023-12-02T19:24:01.000Z,"From a webinar from @United States Lactation Consultant Association about this concept to add a pump while baby is breastfeeding, in the early days to help get baby maximum milk intake.

Because breasts work in tandem with their letdowns (great for twins when you are tandem feeding) you can both capture a let down on the pump side, and also encourage let down on the baby's side. Double win right there.

The extra milk can be used to supplement a sleepy or jaundiced new baby after the feed, saved for the next feeding if a supplement is needed, or stored for later use. 

Many families ask me when they can start pumping, and especially those who are going back to work as they are feeling the pressure to start collecting milk. 

🌟If breastfeeding is going well, you can start pumping anytime.🌟
 
If it is not going well, you will likely need to start pumping right away.

 So it pays to have a pump that you can easily use that works well for you.

I just loved this concept because it doesn't interfere with breastfeeding, but it gives parents that option of capturing lost milk that leaks on the other side, utilizes both breasts at each feeding (even if baby will only take one) and it has numerous applications for babies who need supplements, such as triple feeding which can be so exhausting and overwhelming for everyone in the family.

For this approach you can use any electric pump, a hand pump, or even a silicone pump like a Haakaa. 
(Note that if baby can efficiently remove milk, both beasts should be offered and the pump used on the first side after baby is on the 2nd.)

Have you tried it? What was your experience?

#parallelpumping #pumpingwhilebreastfeeding #pumpingmom #makingmoremilk #capturingthemilk #haakaa #triplefeeding #breastfeedingsupport #gethelp #IBCLC #abcdoula",,,,,,
breastmed,18,1,2023-09-16T05:47:28.000Z,"Expressing and storing your milk can be a minefield of information and overwhelm.  
🤯
How long your milk can be left safely, and then consumed, will depend on the temperature it is stored at.  
🌡
I've summarised the information from NHS sources in the UK.  To make life easy people have been told they can store it 6 hours at room temperature, 6 days in the fridge and 6 months in the freezer. *The CDC in the United States say up to 12 months in the freezer is permissible, but we don't have that guidance here.  
🚰
Milk can be defrosted by placing it in the fridge or running it under warm water if you need it quickly.  Top tip, if you're not sure if, or how much expressed milk your baby will take, store it in smaller quantities e.g. 1-3 oz bags so if they don't use it, less goes to waste.  
🥛
Some people never express their milk, some choose to and some people have no option but to.  I'm here to support what works for you and your family.  Save for later or share with someone who needs it. 
✌🏽
Resources:
https://www.nhs.uk/conditions/baby/breastfeeding-and-bottle-feeding/breastfeeding/expressing-breast-milk/#:~:text=in%20the%20fridge%20for%20up,if%20it's%20%2D18C%20or%20lower 

https://www.guysandstthomas.nhs.uk/health-information/expressing-your-breast-milk#:~:text=Breast%20milk%20can%20be%20stored,to%204C%20for%208%20days

#breastfeeding #pumpingmama #expressedmilk #liquidgold #humanmilk #powerpump #lactationconsultant #pumpingtips #milkstorage #lowsupply #tonguetie #igt #newborn #prematurity #newbornjaundice #freezerstash #chestfeeding #ibclc #baby #toddler #allergymom #nosleepclub #triplefeeding #topup #sns #bottlefeeding #cupfeeding #mamasmilk #pumpingmom #breastfeedingmom",,,,,,
sisu_mum_innovations,18,15,2023-08-28T17:19:59.000Z,"💆‍♀️🍼4 tips for comfy pumping

✅Besides nailing the flange size, which is crucial, try these tips⬇️

1️⃣Lubricate the flange tunnel with coconut oil, if you do not have coconut allergies!! Some moms SWEAR by it and others find the lubrication pulls too much, so this one is trial and error! 🥥

2️⃣Pump suction: More is NOT more! Cranking it up doesn't mean more milk. Find that sweet spot where is still feels comfy!

3️⃣Beaugen cushion: These little inserts gently hold back breast tissue and adds a soft layer of comfort between you and the hard plastic flanges. @beaugenmom 

4️⃣Tried everything? Swap the plastic flanges for soft silicone flanges!

💗💬For any mom seeking support with pumping, nursing, or supplementing, I'm here for you! Drop a message, and let's make this breastfeeding journey smoother as a team!
.
.
.
.
.
.
pumping mom, breastfeeding, breast pump hacks and tips, flange size, increase breast milk supply, new mom

#exclusivepumping #combofeeding #triplefeeding #breastfeeding #breastfed #babybottle #pumpingmom #breastmilk #breastpump #lactationcounselor",,,,,,
gingerlymama.clc,18,1,2023-02-03T15:30:15.000Z,"Come on, would you just at that connection 🙌🏻! He kept eye contact with her the entire time, then eventually 😴.

Let’s remember, not every breastfeeding journey is baby at the breast! Yes, this is a beautiful moment, but let’s not forget the many weeks of triple feeding, supply challenges, latch issues, removing the shield, and low weight gain this pair has had to overcome!

Many times breastfeeding is a mix of nursing at the breast, bottle-feeding (sometimes with supplementation), and pumping! Here’s to all mamas working hard to feed their babies 💪🏼🥹.

Can we please normalize nursing at the breast with a mix of bottle feeding?! When supply is a concern, many times this can be the best answer 🫶🏼. 

YES, YOU CAN just nurse when you want to and bottle feed when you want to. There isn’t one way to have a breastfeeding relationship 🤍. 

#gingerlymamallc #gingerlymamaclc #breastfeedingjourney #breastfeedingstories #pumpingmama #pumping #bottlefeedingmama #bottlefeeding #supplementingmama #supplementing ##triplefeeding babyweightgain #gingerlymama #breastfeeding #breastmilk #babyfeedingjourney #lowsupplystories #breastfeedingsupport #enoughmilk #support #empowerment #clc #clcsupport #feedyourbabyyourway #humanmilk #humanmilkforhumanbabies #humanmilksaveslives #breastfeedingmoms #breastfeedingconfidence #breastfeedingconcerns",,,,,,
atomheartmomma,18,5,2023-01-30T16:02:12.000Z,"✨ memories in liquid ✨

in the NICU days, I used donor milk for Z as I triple-fed her. (triple feeding = nurse, offer bottle, pumpumpump.) I promised myself that if I was ever in the position, I’d pay it forward.

16 months later (🙀 time is both a thief and an illusion!), I donated nearly 200oz to a local momma in need this morning. I’m so grateful I had this opportunity. their entire household has the flu—she’s lost 10lb and her supply is 💩. 

I took the opportunity to organize my freezer stash, and got emotional going through the milk. all those small moments bonding with my baby as my Haakaa did its thing on the opposite boob, tireless moments pumping as she slept—so much effort and love and work and worry and time…and Legendairy pills.
🦋
🦋
🦋 
#haakaa #haakaabreastpump #legendairy #spectra #breastmilk #breastfeeding #breastfeedingmom #breastfeedingmomma #breastmilkbaby #lowsupply #breastfeedingawareness #lactatingmom #lactation #lactatingmoms #lowsupplymomma #lowsupplymom #milkbar #milkingmommas #momlife #momlifebelike #mommalife #momma #parent #triplefeeding #donate #motherhood #grateful #toddlermom #ilovemybaby #ilovemybabygirl",,,,,,
beautifulbirthchoices,18,0,2023-08-12T13:40:46.000Z,"August is National Breastfeeding Month! This month we'll be sharing some breastfeeding stories and experiences of families from our BBC community.

Meet Jackie and Savannah, 15 weeks

When did breastfeeding start to feel easy for you? 

Around 10 weeks, but I’m learning every day!

Does your baby still wake to nurse at night?  Yes

What was/is the most challenging part of your feeding journey?

Savannah didn’t latch or latch effectively for EIGHT whole weeks. I was triple feeding every feed! It was exhausting and stressful. We had several lactation appointments that were so very helpful. Even Daddy was helping us by trying to keep Savannah awake to eat, bringing me whatever I needed and staying with us the whole time. I never gave up on Savannah and Savannah never gave up on me. I’m so happy to say that Savannah has been exclusively breast feeding for almost 8 weeks now. 🥹

This is by far the most rewarding journey I’ve been on and my biggest accomplishment (besides being her mama of course)! 💜

What’s your favorite thing about breastfeeding or feeding your baby your milk? Seeing how far we’ve come after all the challenges we faced 🥹

Thank you Jackie for sharing your story with us!

#triplefeeding #breastfeeding #nationalbreastfeedingmonth #breastfeedingmom",,,,,,
lowmilksupplyfoundation,18,0,2021-08-05T21:52:54.000Z,"Breastfeeding doesn't look the same for everyone. Pumping your milk and bottle feeding is valid and loving and special, too.

#lowmilksupplyawarenessday

#lowmilksupplyfoundation
#igtandlowmilksupplysupportgroup #igtandlowmilksupply #igt #lowmilksupply #lowsupply #normalizebf #normalizebreastfeeding #worldbreastfeedingweek #wbfw  #chestfeeding #sns #atbreastsupplementation #breastfeeding #bf #ibclc #bottlefeeding #donormilk #mixedfed  #pacedbottlefeeding #lactaid #bottle #triplefeeding #breastfeedingproblems #breastfeeding #supplementalnursingsystem #breastpump #pumping #milkbank",,,,,,
holistic.motherhood,18,7,2021-06-24T09:27:16.000Z,"Babies get to be babies during massage class time. They are constantly communicating their needs and their caregivers respond. 
This baby girl got some hands-on massage from her mom even though they were both tired at baby massage class.

There is often some magic moment to lift the fatigue fog of parenting a little person. 😍

Is there something about your baby that melts your heart?",,,,,,
birthdazed_kay_somshor,18,1,2021-04-11T15:09:10.000Z,"Posted @withregram • @welcomebabies_lactation ⠀
MAMAS // Have you heard of or used a 𝙎𝙪𝙥𝙥𝙡𝙚𝙢𝙚𝙣𝙩𝙖𝙡 𝙉𝙪𝙧𝙨𝙞𝙣𝙜 𝙎𝙮𝙨𝙩𝙚𝙢 (𝙎𝙉𝙎) or Lactation Aid? What was your experience with it?⠀
⠀⠀⠀
SNS uses a thin feeding tube, with one end attached to a syringe or dipped into a bottle of expressed breadt milk or formula and the other end is placed into baby’s mouth while they are nursing.⠀
⠀⠀
It allows baby to be supplemented with extra milk without having to use a bottle and can be very helpful in cases of low milk supply, breast refusal and also a great option for adoptive parents. ⠀
⠀
𝗕𝗲𝗻𝗲𝗳𝗶𝘁𝘀: ⠀
⠀
🤱🏼Baby receives ALL their milk at the breast. No need to top up after breastfeeding with a bottle or other device. This also helps maintain that positive connection with baby and the breast.⠀
⠀⠀
🤱🏽Baby will learn to nurse by nursing. The help of the flow of milk with the SNS encourages baby to suck more actively and stay more interested at the breast.⠀
⠀⠀
🤱🏻It can help increase your milk supply through direct sucking at the breast.⠀
⠀⠀
🤱🏾May help decrease baby fussiness at the breast.⠀
⠀ ⠀
If you are struggling with breast/chest feeding and are curious to see if using an SNS would be right for you, please reach out. ⠀
⠀
⠀
⬇️Tag any new or expecting parents to follow along and learn lots of great tips and info on newborn feeding🤱🏽⠀
⠀
⠀
#WeLComeBabies⠀
⠀
⠀
⠀
⠀
⠀
⠀
⠀
⠀
⠀
⠀
⠀
⠀
⠀
⠀
⠀
⠀
#lactationaid #supplementalnursingsystem #triplefeeding #breastfeedingsupport #lactationconsultant #lactationsupport #lowmilksupply #lowsupply #supplyanddemand #breastrefusal #pumpingmom #newbornfeeding #adoptiveparents #adoptivemom #breastfeedingpositions #breastfeedingproblems #newmomlife #breastfeedingmama #breastfeedingmoms #breastfeedingtips #chestfeeding #mamaandbaby #nursingmama #fourthtrimester #uniteinmotherhood⠀
#postpartumsupport #doulalife #honestmotherhood #momstruggles⠀",,,,,,
motivation4mommas_niki,18,0,2020-11-13T20:23:26.000Z,"😮 462 hours pumping 
🤱410 hours nursing 
(plus MANY not actually logged) 
👉😍That is almost 37 STRAIGHT DAYS dedicated to feeding my little man! 
💙
Our journey was NOT easy at all but was worth every single minute and I feel so very blessed to have been able to feed my baby boy! 😍
💚
Loooonnngggg story but....
❤  I strictly pumped for 2 weeks, then strictly nursed for a month and a half while pumping after EVERY SINGLE feed. But I had a LAZY eater, so I had to triple fed for 3-4 months (nurse, pump, feed pumped milk from bottle), then I finally gave in and went to strictly pumping/bottle feeding and comfort nursing. 
❤
My goal was 6 months. I made it to 7 months feeding this baby boy everything he needed! We JUST made by on my supply. I had to power pump, take supplements, drink gallons of water and eat the damn oatmeal. I squeeeezed every last drop I could and we DID IT! 
🧡
I feel guilty quitting but I know it is what is right for us! 

#breastfeedingjourney #triplefeeding #nursing  #breastfeeding #boobiemonster #milkybaby #7monthbadge #weredone #lowsupply #momlife #realtalk #realmomlife #momstruggles #pumping #pumpingjourney #spectra #medela #homemaderolls",,,,,,
midwifeshannon,18,2,2020-09-14T16:16:04.000Z,"Cullen says triple feeding is exhausting.... and I couldn’t agree more!

Triple feeding is where you breastfeed, bottle feed, and pump each feeding session. This is used for babies that cannot transfer enough at the breast for varying reasons from gestational age to muscle tone issues to being restricted by ties and so on. 

I had to triple feed my toddler for almost two months until she was strong enough to transfer a full feed at the breast. It was exhausting, but def triple feeding with the addition of a toddler is more exhausting! 

Anyone else have experience with triple feeding? What was your experience like? 

#sacredjourneymidwifery #midwifelife #houston #homebirth #houstonhomebirth #postpartum #fourthtrimester #breastfeeding #triplefeeding #postpartumlife #reallife #midwifeamy #shannonismymidwife",,,,,,
keyraperaza.ibclc,18,2,2021-03-27T17:26:47.000Z,"THANK YOU  for allowing me to repost this great information! 
@welcomebabies_lactation ⠀

MAMAS // Have you heard of or used a 𝙎𝙪𝙥𝙥𝙡𝙚𝙢𝙚𝙣𝙩𝙖𝙡 𝙉𝙪𝙧𝙨𝙞𝙣𝙜 𝙎𝙮𝙨𝙩𝙚𝙢 (𝙎𝙉𝙎) or Lactation Aid? What was your experience with it?⠀
⠀⠀⠀
SNS uses a thin feeding tube, with one end attached to a syringe or dipped into a bottle of expressed breadt milk or formula and the other end is placed into baby’s mouth while they are nursing.⠀
⠀⠀
It allows baby to be supplemented with extra milk without having to use a bottle and can be very helpful in cases of low milk supply, breast refusal and also a great option for adoptive parents. ⠀
⠀
𝗕𝗲𝗻𝗲𝗳𝗶𝘁𝘀: ⠀
⠀
🤱🏼Baby receives ALL their milk at the breast. No need to top up after breastfeeding with a bottle or other device. This also helps maintain that positive connection with baby and the breast.⠀
⠀⠀
🤱🏽Baby will learn to nurse by nursing. The help of the flow of milk with the SNS encourages baby to suck more actively and stay more interested at the breast.⠀
⠀⠀
🤱🏻It can help increase your milk supply through direct sucking at the breast.⠀
⠀⠀
🤱🏾May help decrease baby fussiness at the breast.⠀
⠀ ⠀
If you are struggling with breast/chest feeding and are curious to see if using an SNS would be right for you, please reach out. ⠀
⠀
⠀
⬇️Tag any new or expecting parents to follow along and learn lots of great tips and info on newborn feeding🤱🏽⠀
⠀

💕You’re a great mama!💕
.
❣️Follow @theboobivore❣️
 
#breastfeed #breastfeeding #breastmilk #breastpump #breastfeedingmama #baby #breastfeedingjourney #motherhood #normalizebreastfeeding #breastfeedingsupport #babies #newmom #dropthecover #momssupportingmoms

⠀⠀
⠀
⠀
⠀
⠀
⠀
⠀
⠀
⠀
⠀
⠀
⠀
⠀
⠀
⠀
⠀
⠀
#lactationaid #supplementalnursingsystem #triplefeeding #breastfeedingsupport #lactationconsultant #lactationsupport #lowmilksupply #lowsupply #supplyanddemand #breastrefusal #pumpingmom #newbornfeeding #adoptiveparents #adoptivemom #breastfeedingpositions #breastfeedingproblems #newmomlife",,,,,,
sam.in.nz,18,2,2018-08-05T04:04:14.000Z,Honored to be a volunteer supporting ALL families dealing with chronic low milk supply. Follow the group’s insta for a full day of infographics to bring awareness to the very real struggle families face everyday @igtandlowmilksupply,,,,,,
laurasandovaltherapy,17,10,2024-07-11T13:29:13.000Z,"👩🏻‍🍼Breastfeeding is often portrayed as a beautiful, natural bond between mother and baby. But what happens when it’s not? 😮‍💨

Many moms face challenges that turn this experience into a source of stress, anxiety, and even depression. If you’re struggling, you’re not alone.🫶🏼🩵

✨It’s okay to feel frustrated when breastfeeding isn’t going as planned. It’s normal to feel guilt or shame, wondering if you’re doing something wrong. But here’s the truth: your mental health matters just as much as your baby’s nutrition. If breastfeeding is taking a toll on your well-being, it’s crucial to consider alternatives. ⭐️

🩵Prioritizing your mental health is an act of love for both you and your baby. Formula feeding is a valid, healthy option that can relieve the pressure and allow you to enjoy this precious time with your little one. Remember, a happy, healthy mom is the best gift you can give your child.

🍃If you’re feeling overwhelmed, know that you don’t have to navigate this alone. Talking to a therapist can provide the support and validation you need to make the best decision for your family.

📅Schedule your FREE intro call ☎️ for therapy 🛋️with me and take the first step towards finding balance and peace in your motherhood journey.
Link in my bio ⬆️
.
.
.
.
.
#breastfeeding #breastisbest #fedisbest #fedisbestwhetherbottleorbreast #combofeeding #triplefeeding #breastfeedingmom #breastfeedingstruggles #mommentalhealth #newmomlife #newmom #postpartum #postpartumjourney #postpartumsupport #breastfeedingsupport #therapyformoms #momtherapist #texastherapist #emdrtherapist #austintherapist #austinmoms #austinmomsblog #atx #millennialmom #anxiousaf #anxiousmoms #overwhelmedmom #momguilt",,,,,,
frombelliestobabesdoula,17,6,2024-08-06T08:00:43.000Z,"If you're pumping to feed your baby or increase your supply, measuring your flange size is a must! Even Snoop thinks so.

As a doula (and in my own journey) I see lots of pumpers using the default flange size. Many pumps come with a default size that is too large or too small for most pumpers. And having the incorrect size can cause discomfort, breast damage and fail to drain the breast as well as it could.

Your incredible IBCLC or midwife can help you measure you or you can use a flange size measuring tool like the handy printable from @milkybusinesslactation. You can buy flange inserts or different flanges to suit your unique and beautiful nip size.

Save this for later or share with someone who pumps",,,,,,
gaeabreastfeedingcenter,17,4,2023-01-21T20:02:54.000Z,"✳️New Blog Post✳️
Triple feeding, deconstructed!
Check it out!
#triplefeeding #pumping #breastfeeding #bottlefeeding #IBCLClife #IBCLC #infantfeeding #lactationconsultant",,,,,,
milknboobz,17,1,2022-11-30T04:35:48.000Z,"What is triple feeding?

Triple feeding is a feeding process whereby baby is fed at the breast, followed immediately by mum expressing breastmilk, then followed by baby being fed a bottle (either expressed breastmilk or formula). This is often repeated for every feed.

The aim of this feeding process is to increase mum's breastmilk supply and also help babies gain weight if they are underweight or have had slow weight gain.

This is only done in particular circumstances and is a very demanding process.

Have you triple fed your baby? How did you find the process?

#breastfeeding #lactation #breastmilk #triplefeeding #breastfeedingissues #breastmilksupply #babygrowth",,,,,,
mon.crocker,17,0,2022-08-03T15:49:39.000Z,"It’s world breastfeeding/chest feeding week! I’m so thankful for my body and what it provided for Nate. We went from relying on donor milk in the NICU to now having donated over 1,500 oz of my breastmilk!! It took almost 3 months of triple feeding (10-11 times per day), 2 bouts of mastitis, countless clogged ducts, and many nights of interrupted sleep, but we are almost to the 1 year mark. It would never have been possible without my amazing support system. A huge shoutout to @jcrocker_swim for being the superhero we needed, and for my mom for staying with us for over a month at the start to help us get on our feet as we navigated the preemie and new parent life. 
.
.
.
#worldbreastfeedingweek #nicu #nicumom #nicugrad #35weekpreemie #triplefeeding #milkdonor #11months #moo",,,,,,
milkbud.lactation.prenatal,17,0,2022-07-27T00:46:42.000Z,"My version of the ""Top-Up Trap"" infographic! 

For a more detailed explanation, visit my new blog post at www.milkbudlactation.ca

If you feel that you're caught in this cycle, contact me today! 
I can:
- assess if your baby is able to take in milk during breastfeeds,
- give you strategies to increase their breastfeeding abilities (positioning, exercises, etc.)
- guide you if top-ups are needed (how much, how often)
- help you determine if your baby is taking in enough
- provide necessary referral information
- give you strategies to increase your supply if needed

email: sheena@milkbudlactation.ca (see link in bio)

#breastfeeding #bottletopup #formulafeeding #breastpump #triplefeeding #topuptrap #ibclc #yegmom #yegbaby #yegpostpartum",,,,,,
jodie_blackbird,17,3,2022-01-21T10:45:01.000Z,"💋 Love you from head to toe 💋
⚖️ 10lb 12oz (9oz gain in a week) ⚖️
❤️ Feeding just feels normal now and I am so glad that we never gave up and that we can enjoy our journey more ❤️ NO MORE STRESSING, NO MORE CRYING ❤️
🍼 I said I wouldn't put pressure on myself to breastfeed and that if it didn't work I would just use formula, no biggie, but there was something inside me that just wanted to keep on going. The support group around me have helped so much - friends and family make a huge difference to your breastfeeding journey so reach out if you are struggling 🍼
.
.
.
#11weeks #11weeksold #babygirl #princess #beautiful #dreambaby #dreamgirl #perfection #daughter #perfect #motherhood #mothernature #breastfeeding #breastmilk #breastfeedingmum #mumlife #postpartum #triplefeeding #breastfeedingmama #breastfeedingjourney #breastfeedingsupport #newmum #nursing #milkbooster #love #mum #parenting #breastfedbaby #breastfeed #normalisebreastfeeding",,,,,,
hope_and_wine,17,3,2021-09-29T20:25:06.000Z,"Triple feeding in itself is a stressful process at times. Let alone doing it out in public. 

I have learned through trial and error (and unfortunately many new items purchased) what products make triple feeding in public much easier and as close to stress-free as possible. 

Here is a list of the top 6 items I have found to be the most useful when trying to keep up with your triple feeding routine but also maintaining a normal life. Thank you @willowpump @thebabysbrew @drbrowns and @dapplebaby for making my triple feeding journey possible. 

Also check out “What is Triple Feeding and How to Conquer It” for more information on triple feeding itself. 

Click the link in my Bio to the blog for the full list! 

Or visit thenursemamadiaries.com

#triplefeeding #feedingdifficulties #pumpinginpublic #triplefeedingplan #portablebreastpump #willowbreastpump #babysbrew #makeyourlifeeasier #feedingbabies #breastfeeding #laryngomalaciababy #mamablogger #lovemybaby #motherhood",,,,,,
midwifeshannon,17,1,2022-09-02T02:54:59.000Z,"Sometimes at the 3am feed you get 130mls just from the Haakaa on one side… and I will get some extra sleep and avoid double pumping with the Spectra! 👏👏👏💪🏻💪🏻💪🏻

#sacredjourneymidwifery #midwifelife #thoughtsofamidwife #breastmilk #breastfeeding #breastfeedinglife #fourthtrimester #triplefeeding #postpartum #postpartumlife #sweetbabygirl #threeweeksold #fromtexastoscotland",,,,,,
madison.cleckler,17,1,2021-07-15T12:38:59.000Z,"After 3 #lowmilksupply feeding journey’s, here’s what I’ve found to be the most, and least, helpful tools:

Things you can probably not worry about:

🤷🏻‍♀️Lactation snacks and teas. Some people do find them helpful- but lots of my clients, and myself, who have experienced chronic low supply find them to be a waste of time, money, and energy. Unless you enjoy making the snacks and drinking the teas, don’t worry about it.

🤷🏻‍♀️The same goes for supplements.  I have said EVERY time that I wouldn’t go down that slippery slope again, only to have 10+ supplements a week in. I have found a handful, maybe, to be slightly helpful- but otherwise most are not necessary. And medications that are often prescribed for low suppliers come with side effects, like depression and anxiety, which are already way too prevalent postpartum. Before you go down that route, assess risk vs. benefit. 

I’ll talk more about some of these things during my Baby Feeding Basics webinar tomorrow (link in bio to sign up!)

Things that can be SUPER helpful:

🦄Haakaa pump- use this during feeds to get milk without pumping, or as a pumping alternative! 

🦄Nursing AND pumping tank- two birds, one stone.

🦄Supplemental nursing system- I never loved mine, but I’ve heard that once you find a rhythm it can be helpful.

🦄Good quality pump with extra parts- if you choose to pump (you don’t have to) a good quality pump with extra parts is key.

🦄Positive combination feeding stories and support- if it makes you feel guilt or shame, walk away. Your mental health matters most.

🦄Someone to remind you that you aren’t a failure- over the years, I’ve found people who understood my journey and were there to remind me that I am not a failure and that my worth as a mother was so much more than how I fed my baby. Find you a someone like this. Shout out to my person @pathfinderdoulas 

Baby feeding can often be a complicated, emotional endeavor, but when you’re armed with the right information and support it can be MUCH easier. 

👉🏽Sign up for Baby Feeding Basics, a FREE webinar to prepare you for, or support you during, your feeding journey. DM “webinar” or sign up at the link in my bio!",,,,,,
lowmilksupplyfoundation,17,0,2021-08-05T21:53:46.000Z,"The best breastfeeding journey is the one that works for you and your baby.

#lowmilksupplyawarenessday

#lowmilksupplyfoundation
#igtandlowmilksupplysupportgroup #igtandlowmilksupply #igt #lowmilksupply #lowsupply #normalizebf #normalizebreastfeeding #worldbreastfeedingweek #wbfw  #chestfeeding #sns #atbreastsupplementation #breastfeeding #bf #ibclc #bottlefeeding #donormilk #mixedfed  #pacedbottlefeeding #lactaid #bottle #triplefeeding #breastfeedingproblems #breastfeeding #supplementalnursingsystem #breastpump #pumping #milkbank",,,,,,
theomahababynest,17,0,2021-03-03T16:35:14.000Z,"Happy IBCLC Day! 🤱🏻🤱🏼🤱🏽🤱🏿

Today we celebrate all of the IBCLCs who have impacted families all around the world in their breastfeeding, weaning, pumping, triple feeding, NICU, preemie, bottle latch, tongue-tied, self doubt, weight gain, and so many other kinds of feeding journeys. 

The IBCLC is the highest level of breastfeeding certification, and I can’t wait to [hopefully] join the ranks of all of the wonderful LCs in Omaha this year! 

Today...we celebrate you! 🎉👣💕
.
.
#ibclc #breastfeeding #lactation #lactationconsultant #motherhood #fatherhood #support #pumping #breastpump #triplefeeding #donormilk #inhomevisits #breastfeedingsupport #breadtfeedingclasses #liquidgold #milkmaker #thankyou #sns #nicu #preemie #latch #tonguetie #clc #newbornmilk #colostrum #chocolatemilk #breastfeedingmoms #nursing #milkies #omaha",,,,,,
laballemasquee_off,16,1,2021-09-29T13:45:26.000Z,"CLIP DU JOUR-MODERN WARFARE

#scufgamingcontroller #twitchstreamer #streamer #sniperrifle #triplefeeding",,,,,,
bajanspeechie,16,5,2021-08-02T01:18:05.000Z,Today kicks off #worldbreastfeedingweek and I’m on triple feeding part two! Honestly it’s been quite the struggle and I’m not sure if our journey will end in exclusive nursing but Miles and I have been trying our best! #triplefeeding #breastfeeding #breastfeedingstruggles #pumpingmama #feedingawareness #pediatricslp,,,,,,
breastfeedingdiabetic,16,2,2021-05-19T18:29:17.000Z,"I felt so much shame, anger and frustration with my postpartum body and breasts when I was experiencing low milk supply and an undesired feeding journey.

My plan A was not working out. Heck, even plan B was not going well. Plan C was a whole new ballgame, but it meant my baby was fed, thriving and I could keep working towards plan D which was a combo of A & B. 

Sometimes things don’t go the way we hope or dream, and that’s okay. Mama’s have this keen ability to press on through any challenge or circumstance, find some way to make it work and do what is best for our baby.

On one of my hardest days, questioning why I was even continuing to try with plan A (directly latching) my sweet sister in law reminded me that my breasts are worth more than the milk they have to offer.

They are a warm, safe, comforting place to my babe. Especially in the early weeks. He loved being close to me, doing skin to skin and being rocked even when though he wasn’t nursing.

Whether he was drinking formula, donor milk or my pumped milk he continued to lean into my chest and snuggle close. 

Hearing my heartbeat, feeling and smelling my skin he would relax and sleep his deepest sleep. 

Whether he is teething, has a fever or is overtired the first place he reaches for is my chest, he knows he can lean into my curves and find a safe and cozy landing.

Today my breasts offer Hopi warm milk and fill his belly full, but even if they didn’t, I would still know they are worthy and play a vital role in nurturing his soul.

So mama, please know that if your feeding journey isn’t going as planned, your breasts offer so much more than nutrition and you can be happy and proud of your postpartum body/breasts for bringing your babe earth side and being their safe place🤍

#breastfeedingmama #breastfeedingdiabetic #breastfeedingwithdiabetes #diabeticmama #pumpingmama #exclusivepumping  #postpartumjourney #feedingjourney #motherhoodintheraw #postpartumbody #bodyafterbaby #breastfeedingjourney #skintoskin #dropthecover #stopdropandmom #breasts #postpartumanxiety #triplefeeding #formulafed #postpartumsupport #donormilk",,,,,,
happy.mama.healthy.baby,16,0,2021-03-04T19:04:30.000Z,"I remember going to an outpatient lactation consultant with my first. The LC was kind and knowledgeable, but I was so stressed, the hike from the parking garage was so long, the office chair was so uncomfortable, and my slow, fussy feeder totally picked up on my cues and didn’t even eat like he normally did. So of course pre/post weights showed he barely transferred anything, and I had to sit there and explain he was a somewhat slow gainer, but not 1/2oz per feeding slow. 

But because that was the info they saw, that’s what they set out to fix, which meant triple feeding for weeks before actually learning that his oral motor function was the root of the issue and bottle-feeding alone wasn’t going to fix that. 

When you schedule a home visit with me, it means you don’t have to drive, park, spend a day rearranging feedings, and sit in a hard chair just to feed your baby.

I can see what a normal feeding looks like in real life, and we can talk in an environment where you feel safe and comfortable so your brain will be able to focus on what I’m saying. (Don’t worry, I also email a care plan within 24 hours).

Not comfortable with someone else in your home yet? I offer virtual consultations, too. And you could have three FREE (to you) visits through your insurance!

.
.
.
#breastfeeding #IBCLC #triplefeeding #lactationconsultant #newborn #lactationnetwork",,,,,,
metropolitanbreastfeeding,16,0,2021-02-13T14:05:33.000Z,"Let’s talk about #parallelpumping 
.
.
.
.
.
.
.
#breastfeedingtips #breastpumptips #breadtfeedinghelp #breastfeeding #breastpumphelp #ibclc #lactationconsultant #triplefeeding #nursingmom #nursingmama #breastfeedingmom #breastfeedingmama #chestfeeding",,,,,,
nurturecolumbus,16,0,2021-01-08T14:42:18.000Z,"Triple feeding? Feeling discouraged? Breastfeeding, bottle feeding, and pumping at each feeding is really hard work! We hear you, we see you, and we are here to support you!

We thought this message from a recent client (permission to post) might be exactly the encouragement some of you may need. While not everyone may have the same experience as Jessica, having someone to support you and create a plan to maximize your time and supply can make all the difference in how you feel about your feeding experience.

#nurturecolumbus #cbusibclc #inhomelactation #breastfeedingsupport #triplefeeding #nippleshields #pumping #bottlefeeding #ourclientsarethebest #supportchangeseverything #614moms #cbusfamilies",,,,,,
mixedothermother,16,3,2020-08-07T13:38:44.000Z,"#worldbreastfeedingweek This is me looking rather windswept and feeding my 17mth old on the beach the other day.

When I first breastfed nearly 9 years ago🤪 even though I had seen my mum and other women breastfeeding I didn’t ever imagine breastfeeding a toddler let alone 3 of them!

I have breastfed, I have pumped/expressed, I have breastfed with nipple shields, I have triple fed (l only found out that’s what’s called recently) I have fed ebm in cups and syringes and bottles, I have formula fed, I have mix fed.  I have navigated tongue ties (all 3!) and weight gain issues and reflux.

I have breastfed while working full time, while working part time, while being at home full time and while running a business.

I have breastfed while having a very challenging 3 yr old and while looking after preschool and school age children.

I’m not sharing this to boast or gloat but because first time mum me nearly 9 years ago had no idea any of this was possible and I just needed someone to tell me I was doing my best when I had no idea it would be so difficult and I just felt like shit because my baby was losing weight.

So whether you have chestfed/breastfed for hours, days, weeks, months or years you are amazing!

When you work with me I will support you to feed your baby in whatever way works best for you.  I care most that you are informed and have all the information to make that decision ❤️

Leilah xo",,,,,,
theomahababynest,16,5,2020-08-02T14:32:04.000Z,"New blog post up! 
.
.
.
#breastfeeding #breastpump #breastfedbaby #tandemnursing #theomahababynest #ournest #omaha #triplefeeding #sns #powerpumping #lowsupply #oversupply #milkmaker #comparisonisthethiefofjoy #formula #goodmothers #pregnancy #postpartum #doulas #gracebyfaith #doulasinomaha",,,,,,
igtandlowmilksupply,16,1,2019-08-05T04:45:06.000Z,"You have options when it comes to how you supplement. See our bio link. ⁠
⁠
#lowmilksupplyawarenessday #igtandlowmilksupplysupportgroup #igtandlowmilksupply #igt #lowmilksupply #lowsupply #normalizebf #normalizebreastfeeding #worldbreastfeedingweek #wbfw #chestfeeding #sns #atbreastsupplementation  #insufficientglandulartissue #breastfeeding #bf #perceivedlowmilksupply #ibclc #donormilk #mixedfed  #lactaid #bottle #triplefeeding #breastfeedingproblems #breastfeeding #supplementalnursingsystem #postpartum #breastpump #pumping #milkbank",,,,,,
uncensored_motherhood_stories,15,3,2024-03-05T14:17:54.000Z,"Preeti is a researcher, writer and historian. Her debut book The Shoulders We Stand On: How Black and Brown people fought for change in the United Kingdom was published in 2023 by Dialogue Books.

In Part 1 Preeti wrote about her experience on a gruelling routine of breastfeeding and pumping.

In this piece she discusses her relief at finally getting the support she needed, being grateful for her stubbornness, and her anger at being let down by so many professionals.

Preeti is still breastfeeding and now she loves it, but she'll never get back those weeks she lost. Kudos to this stranger Catherine of @la.leche.league and anyone who volunteers to support people on their feeding journeys.

Do check out the full piece on our website- it’s hard to do it justice in Insta snippets! 

#mumssupportingmums #mumsofinsta #breastfeeding #triplefeeding #breastfeedingsupport #fedisbest #pumpingmom #firsttimemom #firsttimemum #realmotherhood #fourthtrimester #motherhoodjourney #lalecheleague #ittakesavillage #IBCLC #breastfeedingpeersupport 

If you're interested in sharing your reflections on motherhood we are #openforsubmissions #motherhoodwriting #motherswhomake #mumswhowrite #amwriting",,,,,,
growing__paynes,15,0,2024-02-15T21:22:10.000Z,"In the hospital, my colostrum dropped and dropped until I was barely getting 0.1ml on a long session. On the first session back at home, this is what I managed. It was stress. My milk came in 16 hours later, when he was 48 hours old. 
#feedingstory #triplefeeding #colostrum",,,,,,
unexpected_apsg,15,4,2022-08-21T19:15:01.000Z,"First use of the Haakaa - success! 

At this point #postpartum with my first, I was #triplefeeding and just trying to build my milk supply. I was spending way too much of the day hooked to a traditional #breastpump, and every drop that was pumped was used essentially right away. To collect a couple ounces at the same time that I'm feeding my daughter, be able to save it in the freezer, not have to fuss with a big pump, and not have a bunch of parts to clean afterwards is just mind-blowing to me. 

@haakaausa 

#nationalbreastfeedingmonth #lactation",,,,,,
tonguetieexperts,15,0,2022-05-03T16:38:07.000Z,"Welcome to Season 2 of The Tongue Tie Experts Podcast! 

We are kicking off season 2 by breaking down the 6 reasons why breastfeeding could be causing you pain and offering simple solutions for the common discomforts of nursing.

In this episode, we go beyond the well-known causes of nipple pain like thrush, and tongue tie.

 As one of those moms who had nipple pain, but didn't get through it and actually failed at breastfeeding with my first two kids, I am going to be sharing with you all of the information that I have learned over the years that I wish I had known then.

This episode is the cliff notes of my book, ""It Shouldn't Hurt to Nurse Your Baby"", link in bio. 

Podcast link is also in bio or listen in your favorite podcast app. 

#tonguetieexperts #Lactation #breastfeedingproblems #newmom #newparent #breastfeedingtips #tonguetie #newborntips #IBCLC #CLC #lactationconsultant #breastfeedingeducation #nipple pain #thrush #liptie #slp #midwife #pediatrician 
#latch #engorgement #pumping #triplefeeding",,,,,,
kindestmilk,15,2,2022-02-12T21:47:51.000Z,"Triple Feeding is a treatment method used to increase supply in the breastfeeding person and to ensure adequate nutrition and weight gain in the infant. 
Triple feeding may become necessary when the baby is not transferring enough milk at the breast. This may be due to latching difficulties, insufficient breast stimulation, low milk supply or a medical reason such as prematurity. 

The goal is a temporary intervention as triple feeding is very demanding and exhausting for the breastfeeding parent and not sustainable long-term. 

It is called triple feeding because the breastfeeding person will do 3 things approx. every 3 hours.  
✅1.Direct breastfeeding 
✅2. Giving additional supplement (expressed milk, donor milk or formula). The required amount is individually different and should be elaborated in discussion with your health care professional based on evidence of intake at the breast, weight development and overall health status. 
✅3. Pumping both breasts, ideally with a hospital grade pump using techniques such as hands-on pumping to maximise milk output 

The main goals are: 
Feeding the baby enough milk so that they are gaining weight appropriately and have enough energy & strength to effectively feed from the breast 

Protect direct breastfeeding through increasing milk supply with additional stimulation typically from a hospital grade pump 

•And continuing to put the baby to the breast 

Depending on baby’s latch and medical condition, a supplemental nursing system should be considered for baby to receive the supplement at the breast. 
 
Ideally, the cycle of breastfeeding, pumping and supplementing shouldn’t last longer than 1 hour on average, so mum and baby can get some rest before the next feeding.If the baby is receiving the supplement through cup feeding or paced bottle feeding, it is helpful for the support person to feed the baby so that the breastfeeding person can focus on pumping. 

Did you triple feed for some time of your breastfeeding?

#triplefeeding#pumping#supplementing#cupfeeding#sns#pacedbottlefeeding#supplementingatthebreast#expressing#prematurity#hospitalgradepump#directbreastfeeding#breastmilk#formula#latch#milkremoval#weightgain",,,,,,
lowmilksupplyfoundation,15,0,2021-08-05T21:46:26.000Z,"At-breast or at-chest supplementation is an option if bottle feeding isn't right for you. Talk to your lactation consultant or find a peer group for help!

#lowmilksupplyawarenessday

#lowmilksupplyfoundation
#igtandlowmilksupplysupportgroup #igtandlowmilksupply #igt #lowmilksupply #lowsupply #normalizebf #normalizebreastfeeding #worldbreastfeedingweek #wbfw  #chestfeeding #sns #atbreastsupplementation #breastfeeding #bf #ibclc #bottlefeeding #donormilk #mixedfed  #pacedbottlefeeding #lactaid #bottle #triplefeeding #breastfeedingproblems #breastfeeding #supplementalnursingsystem #breastpump #pumping #milkbank",,,,,,
lowmilksupplyfoundation,15,0,2021-08-05T22:00:50.000Z,"Tongue and lip ties can severely impact milk supply, as well as causing physical damage to nipple and breast tissue. We recommend seeking a specialist as soon as possible after birth to have baby assessed for oral restrictions, and working with an IBCLC to learn exercises and positioning to make things more comfortable and effective for everyone.

#lowmilksupplyawarenessday

#lowmilksupplyfoundation
#igtandlowmilksupplysupportgroup #igtandlowmilksupply #igt #lowmilksupply #lowsupply #normalizebf #normalizebreastfeeding #worldbreastfeedingweek #wbfw  #chestfeeding #sns #atbreastsupplementation #breastfeeding #bf #ibclc #bottlefeeding #donormilk #mixedfed  #pacedbottlefeeding #lactaid #bottle #triplefeeding #breastfeedingproblems #breastfeeding #supplementalnursingsystem #breastpump #pumping #milkbank",,,,,,
breastfeedingdiabetic,15,6,2021-03-02T19:11:03.000Z,"Part 4 | Breastfeeding journey

We took Hopi home at 3 weeks old & continued triple feeding until he was 10 weeks. During those weeks there were times that he completely refused the breast. He would scream & arch his back until I gave him a bottle. When he did latch, it was still extremely painful for me & he would struggle to stay latched. It was like he was slipping or sliding off my nipple, and our nursing sessions were lasting for over an hour and he would be so upset when we were done nursing, almost like he was starving. As soon as he got a bottle he would be content & nap for an hour until we started the process over. 

I cried so many days & nights wanting breastfeeding to work, but I felt in my heart that something still wasn’t right with how it was going. My supply was horrible & I kept attributing it to me being diabetic, but I also felt he wasn’t transferring well since he was always so hungry after every nursing session. I was desperate for answers so I started researching anything & everything I could think of related to breastfeeding. Symptoms of oral ties kept popping up & we were both matched up for almost every. single. symptom 😭 

I researched heavily the process of having them revised & made an appointment with a pediatric dentist that specializes in oral ties. We went in for our consult & he was diagnosed with a severe lip tie & posterior tongue tie. [I don’t blame any of the LC’s that missed his ties, as many are not trained in oral ties & they are easily missed] [Also ties are more about oral function than just being tied, which he clearly had issues with] He had them laser revised that day & we had our first pain free breastfeeding session immediately after his procedure. It was the most beautiful thing & I cried tears of thanks.

[Continued in Comments]

#breastfeedingdiabetic #breastfeedingwithdiabetes #mypostpartumjourney #diabeticmama #lactationconsultant #triplefeeding #breastfeedingjourney #pumpingmama #gestationaldiabetes",,,,,,
mindysohl,15,5,2020-10-08T19:46:49.000Z,"**Postpartum Anxiety** (trigger warning)
I wish mammas would talk about postpartum anxiety. So today I'm opening up about my journey through it with both my children's births. No woman should suffer alone or feel like a bad mom because they can't snap out of it. We need each other and we need to normalize our journeys (even the rocky and rough ones).

While post partum mental health is talked about, it still seems to be a subject that gets skimmed over. Postpartum depression is usually the focus but I never once heard anyone I knew (or had doctors) talk about post partum anxiety. With my first I found myself blindsided days after bringing my sweet babe home with post partum anxiety and I didn't know what to do. I was sleep deprived, recovering from high blood pressure and a pretty traumatic birth, triple feeding, just trying to navigate how to get my baby to eat and on top of that (unbeknownst to me) had a partner dealing with anemia and was exhausted all the time no matter how many naps he had. It was a perfect storm.

Fast forward to my second baby (they are 15 months apart) and things looked a lot different. I still found myself hit hard with post partum anxiety the day I brought my baby home, but this time I had a plan in place that helped me through. 

I'm sharing over in my stories today all about what preplanning I had in place and the teams of people I asked to help me. This is the first time I'm sharing this but I plan on talking more about post partum anxiety in this space because I want to help other women be better prepared with tangible plans they can put in place. I wished someone had shared these same simple things with me when I had my first because it would have made a world of difference!

photocredit: Lindy Hargrave",,,,,,
ottawacea,15,0,2022-04-23T13:00:12.000Z,"Did you know that OCEA has THREE overnight doulas available to support those early first few days or weeks home with your newborn?

We offer an opportunity to support birth recovery, support you in your feeding goals, assist with triple feeding and answer questions.

#OCEA #nighttwo #birth #newborn #triplefeeding #twins #mbfa #doula #nightdoula #postpartumdoula",,,,,,
nellyduprat_healthcareboss,15,2,2020-05-01T13:19:18.000Z,"“Let them be little” ...✍🏻As I look at my baby I see that she’s growing so fast and I cannot believe I now have a toddler running 👣around asking for snacks all the time, when not too long ago she couldn’t  transfer more than one oz each breastfeeding session and we had to supplement after each feed. 🍼
•
That triple feeding was one of the toughest things I had to do.. At the moment it seemed like forever and I hated being stuck to the couch, to the pump, nothing else but FEEDING . 🍼
•
It was all about changing diapers, feeding and pumping, and too little sleep.👱🏻‍♀️
•
Now that I look back I can’t say I love those hard moments but I love the lessons I’ve learned and they surely made me the mother I am today.👧🏼
•
•
•
#mominspiration #momquotes #motivatedmom #breastfeedingmom #toddlersofinstagram #raisingchildren #breastfeeding #lifestyleblogger #momoftoddlers #inspiration #encouragement #supplementing #raisethemright #passion #mondayotivation #livewithpurpose #reasonstolive #childdevelopment #lifewithchildren #unforgetablemoments #loveyourself #familybond #parentingsupport #familygoals #conciousparenting #triplefeeding #gentleparenting #familyfirst #parenthood #lusciousletdown",,,,,,
ohmysweet.mama,15,0,2020-07-15T09:27:05.000Z,"👶🏼 1 1  d a y s  o l d 👶🏼
 
Yesterday Lili turned 11 months. Every month I look back on her newborn days and weeks and soak up all that squish.
💛
At 11 days we were triple feeding. Lili was still not gaining much weight, she was super sleepy and had started to refuse the bottle. It. Was. Stressful.
 
I wish I could go back and tell new mumma me to pause for one moment, take a deep breath, give that little baby a big cuddle and have faith that you and squishy are a match made in heaven and you will both be ok.
💛
#daughter #11daysold #baby #triplefeeding #nicubaby #postnatalanxiety #youwillbeok #newmum #newbornlife #motherhood #wortheveryminute",,,,,,
babyavaryleigh,15,0,2019-05-31T03:23:54.000Z,"6 Days Old ☺️🥰😘
When I grew up, I wanna be sexy and smart! Thats why I am starting it early as now.. I ended up sleeping and really filled up with lots of milk from the hospital, good thing they discharge me today.

First Restaurant: Korean BBQ in SJ

I didnt mind the smell of the korean food, i was droggy in milk hahahaha 
My momma and grammy had a celebratory dinner. momma said the food in the hospital was sad 😢 but I say the milk is pretty 😎 awesome!! Triple feeding is the bomb. It made me grew fat overnight. I hope my momma takes a rest as I sleep and wait for my next milk 🥛 
#avaryleigh #breastfeedingproblems #triplefeeding #firstrestaurant",,,,,,
r_enevoldsen,14,0,2024-09-27T14:13:15.000Z,"Hvor blev min lille 🐻 af? 

Han er allerede blevet så stor.
Nogle dage og især nætterne, kan være lange. Dog er de sidste 7 uger fløjet afsted💙

#baby #babyboy #newborn #Nymor 
#førstegangsforældre #nyfødt #mor #mom #momlife #barsel #barselslivet #triplefeeding #firsttimemom #livetpåbarsel #når2blivertil3 #amme #amning #compofeeding #breastfeedingmom #breastfeed #breastfeeding #newborntraining #babymotorik",,,,,,
growing__paynes,14,2,2024-02-26T13:34:01.000Z,"Building up a nice fridge stash - not so much that I'm massively over supplying, but enough for a back up if I have a dodgy pump session. 
#pumping #triplefeeding #feedingjourney #feedingstory",,,,,,
flow_lactation,14,0,2023-03-28T13:00:21.000Z,"#TestimonialTuesday is back to share your experiences with Flow Lactation.

IBCLCs at Flow Lactation help with ALL types of infant feeding, not just latching baby to the breast/chest. We understand that VAST MAJORITY of feeding plans include pumping and bottles at some point. 

We can help you find a bottle that your baby will take, and give strategies to streamline bottle feeds. Flange fitting, pump selection, and working through pump settings to get you the most of each pump session is often part of a consult. 

Thank you, Sarah, for the kind words!
.
.
.
#CrozetMoms #CrozetFamily #CvilleMoms #CvilleFamily #CharlottesvilleBaby #PumpingIsBreastfeeding #PoppinBottles #PumpLife #TripleFeeding",,,,,,
breastfeedingnorfolk,14,0,2022-12-31T09:50:11.000Z,"I would love all those who recommend that breastfeeding mums also express their milk to bottle feed, plus add in formula top ups, to really consider where this feeding plan is going. Thought about how to break into this exhausting cycle of feeding is essential for these families. “Triple feeding” sounds so glib and completely undermines what this so called feeding plan involves. These babies usually start out exclusively breastfeeding because that’s what the parents have chosen. For goodness sake they need help to get back to their choice. This has been on my mind all year so that’s my hope for next year, and could be a New Year’s resolution for others.  That would be awesome ❤️ #triplefeeding  #topups  #breastfeeding  #breastfeedinghelp  #breastfeedingsupport  #feedingplan  #breastfeedingfamilies",,,,,,
milkylove.co,14,2,2022-06-10T16:19:06.000Z,"i hope you find this as heart breaking as i do…🥺🥺 

this is a no judgement zone here so please feel free to share bc I guarantee someone else has had or currently is in the same situation…share with us what was the cause if you stopped breastfeeding earlier than you actually desired….",,,,,,
samfostermidwifelc,14,1,2022-03-03T20:18:25.000Z,"“Squeeze then swap” is usually my mantra for young babies with slow weight gain or sleepy at the breast or jaundiced and sleepy or needing top-ups and you’re triple feeding (breastfeeding, topping-up and expressing). 

The squeezing part means doing breast compressions to increase milk flow and therefore increase milk intake until you no longer notice frequent swallowing.

The swapping part means swapping sides once the swallows are not frequent even when doing the squeezing for a few minutes.

This can be continued many times during a feed until the baby is satisfied (hands relaxed, open and floppy) or a top-up if needed as the baby is still not frequently swallowing and is still hungry.

Putting a time on this is not helpful as mums and babies are unique.  Each person can have different amounts of milk ducts/capacity for carrying/making milk, different milk volumes at different times of the day and night, different milk flow, some fast and some slower and each baby can suck differently with more or less strength and coordination and latch differently due to many reasons. 

Babies respond to milk flow and so watching and responding to signs of actively drinking milk is much more helpful than watching the clock.

Dr Jack Newman has some great videos and information:

https://ibconline.ca/information-sheets/breast-compression/

Supply lines or supplemental nursing systems can work great in low supply situations when babies are latching well but needing top-ups.  Check out the great information on the ABA website:

https://www.breastfeeding.asn.au/bf-info/using-breastfeeding-supplementer

“Squeeze and swap till the hands flop”. 👋

I’ve just thought of that as new improved mantra! Do you like it? 🤣🤣

Repost from @carolsmyth_ibclc_cbt 🙌
•

-
#samfosteribclc  #lactationconsultant  #lactation #breastfeeding #breastcompressions #switchfeeding #expressedbreastmilk #formulafeeding #expressing #triplefeeding #squeezeswaptilltheyflop #dontwatchtheclock 
#aba #drjacknewman #ibc
#carolsmythibclc",,,,,,
samfostermidwifelc,14,0,2021-08-01T21:04:32.000Z,"Happy World Breastfeeding Week 2021 for all the expressing mums whether you are mix feeding, triple feeding or exclusively expressing ✨💞

Repost from @pump_momma_pump
•
HAPPY WORLD BREASTFEEDING WEEK! 
Here’s your reminder that pumping IS breastfeeding, mommas! This week is for YOU, too! So how are you going to celebrate? I encourage you to take a moment this week to tell someone how much breastfeeding means to you. Sometimes people don’t understand why we do all this work, why we chose this path. Sometimes all it takes is a conversation to help others realize how much it means to us. You might have some really cool exchanges talking about your journey with others this week! 
.
SHARE what breastfeeding (especially pumping) means to YOU in the comments here!😁
.
.
Pictured: Baby Buddha pump- Save with code PUMPMOMMA10 

#wbw2021 #wbw #worldbreastfeedingweek2021 #worldbreastfeedingweek
-
#bubsandmilk  #samfosteribclc  #lactationconsultant  #lactation  #infantfeeding  #breastfeeding  #baby  #4thtrimester  #parenteducation #exclusivelyexpressing #mixfeeding #triplefeeding #breastmilk #ebm #supplyline #supplylinefeeding #bottlefeeding #chestfeeding #handsonpumping #powerpumping",,,,,,
lowmilksupplyfoundation,14,0,2021-08-05T21:44:46.000Z,"It takes a village!

#lowmilksupplyawarenessday

#lowmilksupplyfoundation
#igtandlowmilksupplysupportgroup #igtandlowmilksupply #igt #lowmilksupply #lowsupply #normalizebf #normalizebreastfeeding #worldbreastfeedingweek #wbfw  #chestfeeding #sns #atbreastsupplementation #breastfeeding #bf #ibclc #bottlefeeding #donormilk #mixedfed  #pacedbottlefeeding #lactaid #bottle #triplefeeding #breastfeedingproblems #breastfeeding #supplementalnursingsystem #breastpump #pumping #milkbank",,,,,,
midwife_caroline,14,0,2020-08-04T04:40:26.000Z,"Happy #InternationalBreastfeedingWeek to all the people that feed tiny babies. However you do it, you do it best. I was so [silently] judgy about feeding babies/toddlers/ children before I had my own. I thought that I could take a slice of time as I walked past someone’s dinner table and know their full story and deem their feeding choices not good enough. 🤦🏻‍♀️Gah. I had no idea. Your body, your baby, your boobs, your bottles, YOUR choice. Sustaining tiny humans is HARD and no one gets to judge you until they’ve had squash purée in their hair, stepped in avocado, and had #liquidgold spilled across the kitchen floor. And then, hopefully, they judge you only to be worthy of a 🥂. For however long you breastfeed or chestfeed- whether a day or a decade- celebrate your tatas this week.
.
.
.
.
.
#normalizebreastfeeding 
#judgymoms #nonjudgementalparenting #doula #midwife #breastfeeding #boobs #lactation #bottlefeeding #triplefeeding #infants #tinyhumans #mothering @feliciasaundersphotography",,,,,,
milkmap,14,2,2019-07-03T23:28:54.000Z,"#Repost @grace.saving.grace ・・・
524 ounces. 12 bricks of solid gold. My sweet friend @lesliemelledge donated her leftover #breastmilk to me since her son is done nursing. I did not even consider before Elias was born that #breastfeeding might be a struggle. My recently-#postpartum friends only talked about the engorgement when milk comes in, and the pain of having too much. 
At 5 days old, my baby boy was admitted to the #NICU for #dehydration, and stayed 4 days until his electrolyte levels finally rose to normal. For the first SIX WEEKS of his life, I had to “triple feed” — that is, nurse, supplement, then pump— EVERY 2 HOURS to try and build my supply. It was at least an hour long process, so if you do the math, I wasn’t sleeping much.
I. GAVE. UP. After 6 weeks with no improvement in my supply deficit, I decided to stop the #triplefeeding  and if my baby needed #formula ,so be it. (As if that’s the worst thing ever... #smh 🤔 #newsflash #fedisbest) And by the grace of God, my supply steadily rose as a direct result in the reduction of stress I was putting on myself. Sometime around 8-10 weeks old, Elias was #exclusivelybreastfed with NO SUPPLEMENTATION. That was after extensive bottle use and a using a #nippleshield. (According to our NICU Drs, #nippleconfusion is not a thing, #btw). I was a “just enougher” for a few months, as long as I stayed with him to nurse directly. My supply always dipped when I was away from him, even after just a single day of pumping for work. At 6 months we started supplementing again.  He nursed for the very last time the day he turned 9 months old. My supply was completely dry by 10 months.
#Donormilk carried us through almost to 12 months, and formula was helpful for much longer after that as he fully transitioned to solid food. 
I hope and pray that my #breastfeedingjourney looks much different with #baby2. I learned a lot the first time, and I have high hopes that I will be able to supply enough on my own, or even more than enough!! But just in case, this #freezerstash is enough to ease my stress and provide for my baby. 
WHY is it #worthit , you may ask?... Because I wouldn’t trade anything in the world for this.",,,,,,
the_baby_allergy_dietitian,13,0,2024-09-08T11:40:04.000Z,"Let’s talk Non-IgE food allergies! 🥛

The most common is Cows Milk Protein Allergy (CMPA) or  Food Protein Induced Allergic Proctocolitis (FPIAP). 

Other Non-IgE food allergies include: 
• Food Protein-Induced
Enteropathy
• Food Protein-Induced
Enterocolitis Syndrome  (FPIES)
• Other enteropathy: coeliac
disease
(RCH.org.au)

Awareness of non-IgE allergies is growing, allowing more parents to get the support they need. These allergies can be challenging to diagnose and manage, especially in young babies!

Symptoms may include blood or mucous in your babies stools, among others.

If non-IgE food allergies are suspected, a doctor may:

    •    Conduct tests to rule out other causes like infections or gastro issues.
    •    Recommend eliminating trigger foods from the breastfeeding mother’s or babies diet or change formulas. If symptoms improve, the food will later be reintroduced to confirm the diagnosis.

For more info visit: https://www.allergy.org.au/patients/food-other-adverse-reactions/proctocolitis-fpiap

As always, this is for informational purposes only—please consult with your doctor before making changes to your little ones diet.

#allergybaby #cmpa #cmpi #fpiap #dairyfree #soyfree #eggfree #foodintolerance #colic #colicbaby #allergymum #allergymom #fpies #sleepcycle #gentleparenting #sleeptraining #startingsolids #blw #babyledweaning #breastfeed #breastfeedingmama #pumpingmom #triplefeeding #lactation #foodintolerance #dietitian #babydietitian #babynutrition",,,,,,
3_bambinos_and_us,13,0,2024-04-28T20:57:31.000Z,"9 years ago today, I took my beautiful firstborn home for the first time ❤️ 

We had an awful night and the following afternoon the community midwife visited us, weighed her and discovered she had lost 13% of her birth weight. She sent us back to the hospital where we were admitted to a children's ward where there was no breastfeeding support. Had being admitted back to the postnatal ward, where support was available, been possible, things may have been different.

I was told to triple feed on a 3 hour schedule, (meaning there was no time for me to sleep) to protect my milk supply until the breastfeeding specialist could come and see me. Several days later, on the Friday of the early May Bank Holiday weekend, and now suffering from postpartum psychosis, probably due to the severe lack of sleep, the person I was waiting to see still hadn't been to see me and I discovered she did not work weekends or Bank Holidays.

I knew I couldn't survive another 3 days with no sleep so I asked if I could go home and was told that would only be approved if my baby was getting milk (i.e. if I gave her formula as she wasn't able to latch to me despite me having loads of milk). 

I felt my choice to breastfeed had been stolen as I sadly agreed to give her formula milk and I was hysterical on the way to the car and all the way home.

The days, weeks and months that followed were full of guilt and depression and I can't imagine ever really recovering from the pain this caused me but it led me to change my life totally. I successfully breastfed my next two children, after finding great support, and I now have a career supporting as many women as I can to feed their babies in the way they choose. 

Whilst my eldest child may feel sad about not having the early start that she's seen me give her brother and sister, hopefully she will know that the passion and drive I have for my work is all for her.

Happy birthday A, I love you very much ❤️ 

#triplefeeding #postpartumpsychosis #breastfeedingsupport #breastmilk #peersupporter #breastfeedinggrief #grief #parenting #motherhood #humanmilk #pumping #milksupply #newbaby",,,,,,
expat_fitlife,13,1,2024-09-25T20:58:12.000Z,"This song.

It’s the most sacred song of my life. 

And I’m choosing to share it now because it was during this week 8 years ago that it became burned into my life forever.

I was just one week #postpartum after having my first baby. 

Let me set the scene: RAVISHED by sleep deprivation. My baby could NOT be settled. And when she latched, I’d have to bite down on a belt each time because the pain I felt was so horrific, it was like someone was scrubbing my nips with steel wool for each suck she took.

But it wasn’t just that. We had our one week check up and when the nurse came in, she didn’t even sit down - she looked at our baby and told us to go immediately to the hospital. Turns out Macy was massively jaundiced (how did I think it was normal to be so yellow!?)

It was in the hospital that I learned I basically had no milk supply and I had been starving my baby, and in my chaotic postpartum state I was so enraged at my body (#PPD) that I wouldn’t even look as my husband gave my starving yellow baby a bottle.

For the next 8 days I’d be in hospital with Macy and I would go through the most gruelling experience of #triplefeeding + weighted feeds every two hours around the clock until her weight went up and bilirubin went down. 

It was during those lonely, indescribably exhausting and emotional nights that I had a playlist with this song on it going while I cried and pumped and nursed and bottle fed over and over. 

Those silent, dark, excruciating nights.

But somehow this song became an anthem to me. It summed up all the beauty of that time that I didn’t get to experience except retrospectively in memory. 

Those silent, dark, *magnificent nights…

…when my body went into full warrior status at a time that I thought I was at my weakest.

…when I was so tired and depleted that I thought I was going to die when in reality I was so fully alive that I was living for two people, not just one.

•

That’s #motherhood, isn’t it 🤍 I thought it would be a full orchestra symphony, but rather, it’s been the most hauntingly beautiful single chord piano breathing life into the silent spaces 🩵
•
•
•
___________________________________________________
#motherhoodunplugged",,,,,,
serenalouth,13,1,2024-09-05T06:51:36.000Z,"Jude’s birth tale 🫶🏻

In today’s episode we’re hearing from Rochelle about the birth of her son, Jude. Despite having had a previous early pregnancy loss, she felt confident and intuitively very positive right from the beginning of her pregnancy. Thanks to minimal symptoms she was able to stay busy with work, but as a result feels she might not have prepared for the birth as much as she would have liked.
When her labour began a few days after her due date, Rochelle noticed meconium in her waters so was advised to attend the hospital. Whilst her labour had been progressing nicely at home, things slowed down after a long wait in triage so she had her remaining waters released to help things along. After some concerns around her blood pressure and the baby showing signs of distress, Rochelle accepted an epidural and Jude was born not long after.

Rochelle shares how positively she feels about the experience despite things deviating so far from what she hoped for, plus a little about Jude’s feeding complications in the early days. And as she was 38 weeks pregnant at the time we recorded, she tells us a bit about her plans for the upcoming birth of her second child.

Thank you @roshiimcinscottii 💘",,,,,,
nurturecolumbus,13,2,2024-08-29T16:23:21.000Z,"Our stories help us connect with and encourage one another.  This is especially true as we enter parenthood and navigate all the new changes it brings. Thank you, Katie, for sharing your story with us! 

Tell us a little about your feeding journey

Our journey started with challenges. Our lactation consultation at the hospital was not very hands on and we left feeling overwhelmed with the opinion we needed to supplement because my milk was too slow. I hadn’t researched breastfeeding in advance and felt so lost. I had taken a birthing course prior, and they suggested Nurture. We went from triple feeding to nursing (still with some pumping) and 9 months later we are still going. Our experience is unique as we have used the nipple shield from the start. Some may think it’s unconventional, but it has worked for us. With the support of Angela from Nurture and the shield, we have continued a sustainable and satiated nursing experience. I truly had no idea how difficult our journey would be, but to see our baby thrive, grow, and play has been the greatest award. Our bond is unmatched and I’m so thankful for Angela and all of her help.

How did IBCLC lactation care impact you?

Angela was always kind, respectful, and honest with me. I felt so encouraged and supported, even in times where I felt alone in the experience. She has also been there for us through email and in person visits throughout the months of navigating how to feed our busy baby, the beginning of my period, and any random dip in supply. Our family is grateful for her guidance and for all of her grace along the way. Anyone is lucky to have Angela alongside them for their breastfeeding journey.

What advice would you want to pass along to an expecting parent?

I wish I was more educated before about breastfeeding and would encourage others to do some groundwork before giving birth. Also to be patient with yourself and know when to ask for help. At the end of the day, your baby’s nutrition is most important, and it’s okay to do what’s right for their growth.

#parentsupport #breastfeedingsupport #parentstories #inhomelactation #ohioibclc #triplefeeding #nipppeshields #breastpumping #infantfeedingsupport",,,,,,
kissingdaylite,13,0,2024-08-04T16:22:23.000Z,"Breastfeeding 

Something I fought for, tooth and nail. 

It was almost completely taken away as an option for me after Elaina’s NICU admission. They said that term babies had more eating struggles than premies, and boy were they right. As soon as she was fed from a bottle, she learned that it was the easy thing to do, and breastfeeding did not happen. But I did not want to give up trying. After 5 years of trying to have a baby, IVF, having a natural birth that ended up in the trauma of a NICU stay, I just wanted one thing. One thing. Breastfeeding. 

After we got home, I made lactation appointments. One after another. For weeks. We tried so hard. It started to look like I was going to have to make peace with exclusively pumping, but then she started to show signs of wanting to try. After some more hard work, triple feeding, and weeks of weighted feeds, we finally got to the point of being able to “pull the bottle” and switch to exclusively nursing. She was 10 weeks old at this point. And unfortunately I would have to return to work in two weeks, and the bottle would have to come back 😢

Fast forward to today, Elaina is 11 months old and still exclusively nurses unless Im at work. It all paid off, and it is both of our favorite thing. It is part of our unbreakable bond, and I am happy to continue as long as she wants to at the moment. It is such a privilege to be able to continue to comfort and nourish her this way. 

I see others stopping at 1 year old to prepare to transfer another embryo, and it makes me a little sad. I don’t have another embryo to transfer, but I think even if I did, I would not feel comfortable stopping at this point in Elaina’s life. She is still so little. I am not ready to take it away from her yet. 

So we will continue to nurse, and comfort each other 🩷

#worldbreastfeedingweek #wbw2024 #waba #closingthegap #worldbreastfeedingweek2024 #breastfeedingsupportforall #breastfeeding #exclusivepumpingmom #exclusivenursingmom #triplefeeding #weightedfeeds #lactationeducation #breastfeedingsupport #breastfeedingmom #breastfeedingjourney",,,,,,
madeofgoldlactation,13,2,2023-08-26T14:42:39.000Z,"Triple feeding means you breastfeed, then pump, and then bottle feed the pumped milk or formula and press repeat 8 to 10 times per day. 

While triple feeding takes lots of physical and emotional energy, there are some upsides, especially if your baby hasn't gained much weight or if your trying to get to the road of Exclusively breastfeeding!

Some reasons why we recommend triple feeding are:
Weight loss concerns for baby Jaundice concerns for baby 
Oral anatomy concerns
 (lip, tongue, buccal ties)
Goal is to exclusively breastfeed 
and plans to eagerly return to exclusive breast milk feeding once baby concern has been remedied.

Triple feeding has no specific timeline. Some women do it for a week and are able to re-establish supply and exclusively breastfeed. Some do it for months or throughout the duration of their breastfeeding journey. 
It works for some moms and not always for others. Triple feeding needs to be individualized to tailor your goals and your length of time. 
Usually, triple feeding is a short term solution. Which is why it’s so important to reach out for help from a lactation professional.

I was a triple feeder with my first 🙋‍♀️
Let me tell you for the first two weeks, I was on the most positive mom mental vibes I could be at. After a few weeks went by, I pretty much cried everyday! I could not meet my babies needs with everything I was doing for weeks and weeks. Sadly, I didn’t have lactation support and my journey. One day a pediatric nurse had the unfortunate luck picking up my triage call and she was my mental health savor! She reminded me that I had done everything I could! 
That I had given the best to my baby and that I was going to be loved by my baby no matter what. 
I just needed those words, the next day I slowly transitioned to a new way of breastfeeding my baby with supplements. I was okay with that!
If you are a triple feeding, you are not alone! You are amazing for taking this path and if your goals have to change… you are STILL AMAZING!
Tell me your triple feed story below! 

#triplefeeding #triplefeedingissoexhausting #triplefeedingplan #pumpingmom #pumpingmommas #breastfeeding #infantfeeding #breastmilk #baby #momlife",,,,,,
more.than.mom.yxe,13,0,2023-06-13T13:28:16.000Z,"✨Tuesday Tip✨

If you are triple feeding for an undetermined amount of time or for a short term goal, please seek help or different support! 

Triple feeding is offering the breast first, then supplementing with a bottle (either expressed milk or formula) and then also pumping for 10-20 min with every feed. 

It is a ton of work and does have its benefits for the short term if needing to increase amounts baby is taking while also protecting or increasing your milk supply. But with this plan, also comes a reevaluation plan in a short time frame - this is not something any Mom should be doing for multiple weeks on end. This is a bandaid fix while the root cause is determined and/or fixed. 

So many Mommas lose so much time with their babies (not to mention their sanity) and that time is too precious to spend triple feeding!

If this sounds familiar and you are stuck in this cycle - please reach out. 

DM for home visits or call @thrivechiropracticyxe to book an appointment with me. - 306-250-7776

#yxe #ibclc #lactationsupport #breastfeeding #triplefeeding #holistichealth",,,,,,
unimomus,13,3,2022-09-06T16:13:25.000Z,"Triple feeding is when you are breastfeeding, giving your baby a bottle, and then pumping for every feed. This is typically recommended in situation when the baby can't get enough milk from the breast because the baby is pre-term or have a tongue tie, or the lactating parent couldn't have enough milk. If your lactation consultant recommended that you do triple feeding, ask these questions first...

Join our Unimom community to get more tips & support: https://www.facebook.com/groups/unimomustipsandsupport

#breastfeeding #baby #breastmilk #motherhood #breastfeedingmom #pregnancy #momlife #newborn #postpartum #normalizebreastfeeding #maternity #lactation #pregnant #breastfeedingmama #breastpump #handsfreepump #breastfeedingjourney #unimomus #breastfeedingsupport #newmom #nursing #mom #love  #breastfedbaby #liquidgold #approvedbylactationconsultants #lovedbymoms #triplefeeding",,,,,,
midwifeshannon,13,0,2022-08-17T12:06:47.000Z,"A week ago I was in the throes of labor… and now our littlest one is a whole week old. 

It will probably be some time before I have time to share about her journey, so for now it’s quick little posts. When they come 5-6 weeks early, the triple feeding cycles are incredibly trying and exhausting, and I have to say she is probably my most challenging one out of the littlest three to get the intake in and the weight gain is very slow. 

But for now… here is a picture of our week old, 4lb 12oz little peanut… and feel free to pray for us that things get easier!

#sacredjourneymidwifery #midwifelife #thoughtsofamidwife #postpartumlife #breastfeeding #breastfeedinglife #triplefeeding #mothersmilk #pumpinglife #fourthtrimester #sweetbabygirl #newbornlife #momlife #breastfedbaby #breastfeedingjourney #breastfeedwithoutfear #postpartumjourney #postpartummom",,,,,,
mon.crocker,13,1,2021-11-22T02:28:28.000Z,"New milestone reached: 500 ounces of breastmilk in its own chest freezer! Having a crash section preterm delivery, PCOS, and a baby in the NICU put us on an unbelievably challenging road to now. A month and a half of triple feeding while pumping every 2 hours, eating lactation cookies supplements with Body Armor drinks, all while meeting with the lactation nurse every week finally paid off. Now I take a big sigh of relief looking at the reserve and look forward to donating to the babies that need a bit of extra help like Nate did. 
.
.
.
#breastfeeding #breastisbest #fedisbest #nicumom #12weekspostpartum #oversupply #milkdonor #pcos #crashsection #triplefeeding",,,,,,
milkandcradleva,13,5,2021-09-09T12:02:46.000Z,"""I was having issues getting answers from my healthcare provider, and I was convinced that I'd have to stop breastfeeding my son. I was having issues with my milk supply (related health issues), and I was generally having difficulty believing that we could find something that would work for us. Tikara allowed me to do an emergency weekend session (virtually) and gave me so many helpful tips and things to try. Two weeks later, we are still breastfeeding + pumping and I feel much more secure with the entire process. She gave better answers than the lactation consultant that I visited with a few days later in the clinic! She was wonderful!""⁣
⁣
Thank you to this mama and baby boy!  So proud of the confidence that she was able to build while trusting the process. ⁣
⁣
#lactationsupport #lactationcounselor #breastfeeding #lactationsupport #lactivist #triplefeeding #postpartum #mom #confidence #reassurance #postpartumjourney #combinationfeeding #newbaby",,,,,,
exclusivepumpinginstitute,13,9,2021-08-16T12:46:07.000Z,"2ND TOP EP COMPLAINT IN HOSPITAL...THE PUMP DELIVER & DASH.

You have just birthed a baby and experience latching issues.

Your anxiety, fears and panic sets in.

I'm a failure, how will I bond with my baby, you tell yourself. 

On top of that they wheel in this big pump, and say ""if you want to breastfeed, here you go. Just fiddle with the knobs.""

SAY WHAT? 😳

This is a class II top of the line medical device and that's all you have to say? 🥺

What about flange sizing or even talk about flange size availability just exists?

What about education on the differences between stimulation and expression modes, with what they are supposed to do?

What about education on resetting the card so I don't get my nipples chewed off with someone else's strong settings when I start the pump? 😧

How about just normalizing what's happening here, with some sort of latching hope?

This can be a traumatic experience. All they are doing is dropping it off like it's a pizza delivered hot and ready to your room. 

If this has happened to you, you are not alone. In working with EPers, I can assure you this is some what of a common practice. The chances of pumping education is still scarce. 

I hope we can have positive change in how symphony, platinum, elite and carum pumps are being introduced to enable success in our human milk feeding journeys, no matter the direction it takes. ❤️

#exclusivepumpinginstitute 
#exclusivepumpers 
#exclusivepumping
#exclusivepumpingmama 
#exclusivepumpingmom 
#pumpingmoms 
#pumpingmom
#pumpingmama
#latchingissues 
#breastfeedingdifficulties 
#supplementalnursingsystem 
#triplefeeding 
#exclusivelypumping",,,,,,
mandydiers10,13,1,2021-08-05T23:10:37.000Z,"We're done being dismissed by our providers. We're done accepting the myth that breastfeeding has to be all or nothing, and the myth that true and low supply doesn't exist.

WE. DESERVE. BETTER.

Chronic low milk supply is NOT in your head.
It is NOT your fault.
Your body has NOT simply “failed.”

Rather, parents who suffer from chronic low milk supply have been failed by the false dogma that suggests lactation is a naturally “perfect” process, and a medical establishment that consistently diminishes and dismisses women’s health concerns.

The bottom line: in the absence of breast surgery or mismanagement, chronic low milk supply is a red flag for a hormonal, structural and/or anatomical issue with the lactating parent, the infant, or both. There are things you can do to investigate the possible root cause(s) as well as to have a better breastfeeding experience. And just as with any chronic health condition, you deserve support, validation and answers – even if the problem can’t be fixed. Because #everydropcounts.

#lowmilksupplyawarenessday

#lowmilksupplyfoundation
#igtandlowmilksupplysupportgroup #igtandlowmilksupply #igt #lowmilksupply #lowsupply #normalizebf #normalizebreastfeeding #worldbreastfeedingweek #wbfw #chestfeeding #sns #atbreastsupplementation #breastfeeding #bf #ibclc #bottlefeeding #donormilk #mixedfed #pacedbottlefeeding #lactaid #bottle #triplefeeding #breastfeedingproblems #breastfeeding #supplementalnursingsystem #breastpump #pumping #milkbank",,,,,,
lowmilksupplyfoundation,13,0,2021-08-05T22:02:46.000Z,"Formula is wonderful and safe and healthy for babies, but some of us choose to go a different route. As long as baby is fed, healthy, and happy, we're all good!

#lowmilksupplyawarenessday

#lowmilksupplyfoundation
#igtandlowmilksupplysupportgroup #igtandlowmilksupply #igt #lowmilksupply #lowsupply #normalizebf #normalizebreastfeeding #worldbreastfeedingweek #wbfw  #chestfeeding #sns #atbreastsupplementation #breastfeeding #bf #ibclc #bottlefeeding #donormilk #mixedfed  #pacedbottlefeeding #lactaid #bottle #triplefeeding #breastfeedingproblems #breastfeeding #supplementalnursingsystem #breastpump #pumping #milkbank",,,,,,
theomahababynest,13,0,2020-08-01T20:04:44.000Z,"It's AUGUST! During this month we celebrate boobs, and the milk they make! 

Breastfeeding is a journey that looks different for everyone! All this week we will be making some special announcements, doing a giveaway, and bringing special treats to some of the best lactation professionals in our area! Follow us on our Instagram @TheOmahaBabyNest and Facebook! 

In the meantime, drop your breastfeeding photos, questions, success stories, and struggles below! We celebrate all ways of feeding babies. Let's see yours!

TheOmahaBabyNest.com
.
.
.
#breastfeeding #breastmilk #boobs #breastfeedingmothers #breastfeedingsupport #milkmaker #worldbreastfeedingweek #nationalbreastfeedingmonth
#pumping #sns #triplefeeding #infantfeeding #toddlernursing #tandemnursing #bottlefeeding #newparents #clc #ibclc #omaha #doulasinomaha #ournest #theomahababynest #inhome #breastfeedingcounseling",,,,,,
linda.m.potter,13,5,2020-07-18T12:03:17.000Z,"I felt unprepared as a new mom. Don’t get me wrong, I bought all the books and consumed a lot of advice, but I was full of doubt and worry that I would be good at this mom gig. I didn’t seem to have that intuition as a mom to know what to do when he cried. I struggled with nursing. The most fundamental thing we are supposed to be able to do: feed your baby. I couldn’t do it. I gave up after 3 weeks...

All because a scale told the doctors he wasn’t getting enough. So we switched to pumping and bottle feeds so we can monitor how much he was eating and I still couldn’t get him to consume more than 13-14 ounces a day. My life became consumed with his eating. I’d feel like a good mom if I was able to get him to eat the proper amount and a bad mom if I couldn’t. Which was 90% of the time.

When he was one we held him down screaming for blood draws and tests because he was still only 16 pounds and we had to rule out different things he might be sick with...just in case.

All because he was small. My gut told me he was healthy. God just made him little and he didn’t need a lot of food to grow and develop.

But I hadn’t learned to trust myself as a mom yet. I didn’t know what I didn’t know. All I know is after many failed attempts at getting a needle into his tiny arms for no real reason with tears running down my face I said no more. And I gathered up our things and I left that office, confused and angry.

I just spent his entire first year consumed with his eating and pooping and forgot to bask in the smiles and the laughter. I forgot to enjoy him growing up. I always had a dark shadow hanging over me. And I was desperate for change. It didn’t happen right away, but it’s the first time I knew that we as moms have to be empowered. We have to advocate for our children. Even if we aren’t as educated or have the credentials behind our names. Even then, we can have a voice. And our children are counting on us to use it.

When did you grow your mama bear heart for your kids? Was it right away or did you have to grow into it like I did?!?",,,,,,
happy.mama.healthy.baby,13,0,2016-12-30T01:39:29.000Z,"A surprising amount of mamas start out with the wrong flange size when they first start pumping. Does pumping hurt? Do you have blanched nipples or a white or red ring at the base of the nipple after pumping? Are your nipples swollen after pumping? Your flanges may be either too small or too large, respectively. If this is you, check your pump manufacturer's website for proper sizing guidelines. Once you're in the correct size, adjust the suction to a place where you feel and see movement and a ""tug,"" but no pain.  Not only will this be more comfortable, but you'll remove more milk!
#breastfeeding #workpumprepeat #exclusivepumping #triplefeeding #milksupply
📷: complied from helpful images at medela.com",,,,,,
auntmcrae_llc,13,4,2019-12-03T08:00:50.000Z,"#haakaa 
#Repost @abcdoula_andnewborncare
• • • • • •
Listened to a webinar from United States Lactation Consultant Association this weekend while prepping my upcoming CLE training, and came across this little gem. The concept is to add a pump while baby is breastfeeding, in the early days to help get baby maximum milk intake.
Because breasts work in tandem with their letdowns (great for twins when you are tandem feeding) you can both capture a let down on the pump side, and also encourage let down on the baby's side. Double win right there.
The extra milk can be used to supplement a sleepy or jaundiced new baby after the feed, saved for the next feeding if a supplement is needed, or stored for later use. 
Many families ask me when they can start pumping, and especially those who are going back to work as they are feeling the pressure to start collecting milk. If breastfeeding is going well, you can start pumping anytime. If it is not going well, you will likely need to start pumping right away. So it pays to have a pump that you can easily use that works well for you.
I just loved this concept because it doesn't interfere with breastfeeding, but it gives parents that option of capturing lost milk that leaks on the other side, utilizes both breasts at each feeding (even if baby will only take one) and it has numerous applications for babies who need supplements, such as triple feeding which can be so exhausting and overwhelming for everyone in the family.
For this approach you can use any electric pump, a hand pump, or even a silicone pump like a Haakaa. 
Have you tried it? What was your experience?

#parallelpumping #pumpingwhilebreastfeeding #pumpingmom #makingmoremilk #capturingthemilk #haakaa #triplefeeding #breastfeedingsupport #gethelp #IBCLC #abcdoula",,,,,,
madeofgoldlactation,12,0,2024-02-17T13:24:15.000Z,"Triple feeding means you breastfeed, then pump, and then bottle feed the pumped milk or formula and press repeat 8 to 10 times per day. 

While triple feeding takes lots of physical and emotional energy, there are some upsides, especially if your baby hasn’t gained much weight or if your trying to get to the road of Exclusively breastfeeding!

Some reasons why we recommend triple feeding are:
* Weight loss concerns for baby Jaundice concerns for baby 
* Oral anatomy concerns like tongue ties!
* Goal is to exclusively breastfeed 
and plans to eagerly return to exclusive breast milk feeding once baby concern has been remedied.

Triple feeding has no specific timeline. Some women do it for a week and are able to re-establish supply and exclusively breastfeed. Some do it for months or throughout the duration of their breastfeeding journey. 
It works for some moms and not always for others. Triple feeding needs to be individualized to tailor your goals and your length of time. 
Usually, triple feeding is a short term solution. Which is why it’s so important to reach out for help from a lactation professional.

I was a triple feeder with my first 🙋‍♀️

#triplefeeding #triplefeedingissoexhausting #babyfeedingplan #madeofgoldlactation #breastfeeding #breastfeedingtriplets #breastfeedingmom #breastfeedingmama #breastmilk #newborn #newborns #pregnancy #pregnant #prenatal #momlife #newmomgroup #moms #lactation #lactationeducation #lactationsupport #lactationcounselor #lactationconsultant #nicu #premature #breastfeedingmyths
#chestfeeding #baby #pumping  #ibclc #ibclclife",,,,,,
ourvillageslp,12,0,2023-11-01T21:52:43.000Z,"It’s 3 am. You’re going on 4 weeks of broken nights and trying to learn this new little face. You are pumping while feeding, and trying to somehow use the paced bottle feeding techniques you learned from your lactation consultant, while using your 3rd and 4th hands to readjust the ill-fitting flanges because your nipples are still sore. Also feeding yourself some oatmeal (with your 5th hand) while you pump/feed because you heard that will bump your milk supply. You somehow remembered to grab the remote and your water of course. You write everything down meticulously in your feeding log. You’d never forget that. And you make a mental note to order a real pumping bra tomorrow because you are still using that old sports bra with holes cut in it per the NICU nurses suggestion. Because why would you need a pumping bra before going back to work? You were planning to breastfeed… 

This is triple feeding. If you’ve ever heard someone say they are doing this…this is what they mean. Breastfeed pump bottle. Repeat. Every three hours indefinitely. It doesn’t feel like your goal.

But remember the mantra, This IS breastfeeding ♥️ 

But it can’t be your forever plan. Please reach out if you need help transitioning from supplementation to a more sustainable plan. We can’t do all three forever🍼🤱🏽📝

#triplefeeding #latenightnursingfeed #lactationeducator #lactationconsultant #slpbaby #breastfeedingtipsandadvice #breastfeeding",,,,,,
annwattsibclc,12,27,2024-01-25T08:12:21.000Z,"I’m writing some training for Health Visitors on expressing breastmilk. Give me your “what I wish they knew” top tips!
Expressing is a new skill, it can take time, confidence and determination.  Whether you pump once or twice or exclusively pump for your baby, what would have helped to know beforehand? Did you get support from your #hv?  #pumping #pumpingmums #breastfeeding #IBCLC #expressingmilk #breastpump #breastmilkbath #triplefeeding #breastfed #bristolbabies#wbpd",,,,,,
faaboulosfive,12,2,2023-08-04T12:13:46.000Z,"As I watch Soleil and Soryn lay here milk drunk after our AM breastfeeding session I can't believe it's been 6 months! Gone are the days when I had to triple feed both!! That meant breast feed then pump then feed the pumped milk in a bottle just to get the food into them! Every two hours, around the clock! I didn't sleep and did this for 10 weeks before they finally gained enough weight at their weekly weight checks. Ten weeks. Now they're thriving and I'm so proud. And at the time big brother was still 2 and still very much comfort nursing. At times triple feeding was me nursing all three!! We did supplement at first but from weeks 3-12 it was all breastmilk and it made the difference. (Twins didn't tolerate formulas, poop explosions, spit ups,etc). But now they can take whatever I feed them which means I guess soon we start baby led weaning to introduce solid foods 😱

#milkdrunk #milkdrunkbabies #breastfeeding #breastmilk #triplefeeding #breastisbest #fedisbest #thebreastlife
#twins #twinsofinstagram #twinlife #SorynAndSoleil #SorynMikaela #SoleilMalaika #faaboulosfive #SpicySoryn #SweetSoleil #identicaltwins #seeingdouble #fierceandfaaboulos  #norestforthewicked #momsohard  #3threeandunder 
#3threeandunder💙💗💗 #three3andunder
 @twinzpillow_onezpillow #worldbreastfeedingweek #wbw",,,,,,
lo_nigrosh,12,1,2023-07-10T11:52:42.000Z,"If you ever struggled to breastfeed, we’re put on a triple feeding plan, resisted formula feeding out of a sense of fear or because you just really wanted to do the right thing, struggled to find the root causes for why you had low milk supply, ever had to triple feed, or ever exclusively pumped—-this is the episode for you.

#breastfeeding #breastfeedingmom #breastfeedingmama #breastfedbaby #pumping #exclusivepumping #entrepreneur #triplefeeding #breastfeedingsupport #breastfeedingstruggles #exclusivelypumping #lowmilksupply #painfulbreastfeeding #womenengineers #makingmotherhoodeasier #makingadifference #creatingchange",,,,,,
bloomlactation,12,1,2022-08-25T14:15:25.000Z,"✨TRIPLE FEEDING✨

Triple feeding is often prescribed by providers as the ""solution"" to issues such as slow weight gain, jaundice, poor latch, etc. It can be a great tool to help maintain nursing while resolving an issue, with the end goal being to have baby transferring milk successfully directly from the breast without supplementation. However, triple feeding is not usually sustainable long term. 

So what is triple feeding? It is where a mama will nurse baby as much as possible, then, provide baby with a bottle of either pumped breast milk or formula, and pump to signal the body that more milk was needed. This is to be done at EVERY feeding session while you are using this method.

These are my top 3 tips to make triple feeding suck less:
1. If possible, have someone else do the bottle feeding step so that you can focus on pumping.
2. If that is not a possibility, try to feed baby a bottle and pump at the same time to cut down on time (that next feeding can come quick- especially with triple feeding!)
3. Use a hands free pumping bra! Game changer!

Have you been advised to try triple feeding before? 

#triplefeeding #nursingmom #pumpingmom #nursingandpumpingmom",,,,,,
midwifeshannon,12,4,2022-08-23T20:21:40.000Z,"Someone is 13 days old today…. And hit her birth weight today (5lbs 2ozs)… and had her first chiropractor appointment! 

Chiropractic care can help a cascade of issues with babies including but not limited to digestive issues, breastfeeding issues, recovery from birth, sleep issues, etc. 

It was so wonderful to be able to connect with a chiropractor that works so well with babies… and that is also an IBCLC… and worked in Houston so we know many of the same people! It was refreshing to be able to have my baby worked on with someone like minded… and Gwendolyn seemed to relax so well as tensions were released! 

I also had to drive today which has been a daunting task as it’s a bit challenging compared to driving in the states. I find it takes way more mental concentration to drive here, so I was exhausted after getting home! 

I also scheduled her revision for the end of September, to give ample time for body work before going through the procedure. For all my Houston people who have complained driving across town for a good provider, please note that for me to have this done by a provider who practices similar to the way my other kiddos have been revised, I have to go ten hours to London. So it will be quite the endeavor! 

#sacredjourneymidwifery #midwifelife #thoughtsofamidwife #chiropracticcare #momlife #fourthtrimester #postpartum #postpartumlife #tonguetie #breastfeeding #breastfeedinglife #breastmilk #triplefeeding #sweetbabygirl #twoweeksold #inveruriechiropracticclinic #newbornadjustment",,,,,,
ottawacea,12,4,2022-04-18T15:40:44.000Z,"There is really no way to appreciate the time, love and commitment that goes into triple feeding. 

This is the term used when babies need a little more support; and we need a little more time to get feeding established. Characterized by alarms, bottles, sterilizing, hospital grade pumps, hands free pumping bras, and patience. 

Share your time saving tips if you found yourself triple feeding

#OCEA #birth #breastfeeding #triplefeeding #pumping #milkstorage #IBCLC #lactation #babysteps",,,,,,
mybabybeginningsire,12,1,2022-01-27T12:51:32.000Z,"It's World Breast Pumping Day! Today (and everyday!) we should acknowledge the time, effort, and dedication that pumping breastmilk requires. Some mothers pump by choice to feed their own baby or to donate to the milk bank. Others pump by necessity because their baby can't feed directly at the breast or inadequate support mean breastfeeding at the breast never got established, sometimes this leads to difficult feelings towards pumping. Whether pumping has been a wonderful experience or a challenging experience or ad own right devastating experience - I see you and I support you. What would you like other parents to know about pumping? 

#WorldBreastPumpingDay  #PumpingMamas  #exclusivepumping #triplefeeding #workingmoms",,,,,,
theuntiedlatch,12,0,2022-02-17T13:07:11.000Z,"TRIPLE FEEDING
 
It’s the tiresome task of breastfeeding, bottle feeding, and pumping to feed your baby. You might have been told to triple feed in order to protect your milk supply while your baby is supplemented by bottle. Maybe your baby has a difficult time latching and you can’t get enough food into your baby, so you’ve had to introduce bottle feeding. 

Whatever the case is, triple feeding is a tool used to support your baby to getting enough food while protecting your milk supply. It is NOT meant to be a long term solution. 

The support that parents need when triple feeding can be intensive and can be required for weeks. This is why I have made my Triple Feeding Support package 4 weeks in length. (and honestly, you get more than 4 weeks 😉) 

We first have to find out WHY you’re struggling with the issues you have and settle on the STRATEGIES you want to try. Sometimes these strategies take time. We also want to make sure you have a pump that is going to serve your needs for the short term intensive pumping that you have to do. This is why we set up a pump rental service – for those who just don’t have the resources to purchase an expensive pump with the kind of motor that can sustain frequent pumping.

Throughout our weeks together, we have check-in visits that allow you to pivot when you need to. Because if there’s one constant of newborn life, it is change! Things change from week to week and we are there to help you know when to pivot. 

Our ultimate goal is to help you bring your baby back to the breast. We want you to experience your own version of success – because success is different to everyone. There’s no “one-size-fits-all”. 

If this sounds like something you need, put a ❤️ in the comments and I’ll message you. 

#triplefeeding #winnipegbreastfeeding #winnipegbreastfeedingsupport #manitobabreastfeeding #winnipegmoms",,,,,,
kindestmilk,12,0,2022-01-17T11:21:08.000Z,"COLLECT MORE MILK WHEN PUMPING is the title of my new #youtubevideo which I've just uploaded.
Whether you are pumping for your sick or premature baby, you are trying to build a freezer stash or you are expressing at work, in the video I'm looking at some tried and tested ways to maximise your pumping experience.
It's less than 5min long so I may upload it yo IGTV too...
Find the link in ky stories.
#pumping#expressingbreastmilk#maximisingmilkoutput#exclusivepumping#returningtowork#ibclc#lactationsupport#prematurebaby#electricbreastpump#triplefeeding#milksupply#pacedfeeding",,,,,,
mamalactea,12,0,2021-11-04T18:52:16.000Z,"#casestudy: A seven-day-old baby was brought to consult, as parents notice that she’s “constantly” looking for the breast. Mother wants to breastfeed exclusively and avoid formula as much as possible, but at the same time, she’s worried about starving her baby.

Baby did a good deep latch at our session, and nutritive sucking was observed for most of the time she was on the breast. However, I could only notice a few swallows. The pre and post weight-check revealed a milk transfer of less than an ounce. Clearly, something was going on here.

The oral examination showed a posterior tongue tie and a lip tie. Mom was pumping once a day and supplementing the baby with formula on every feeding after offering the breast. Thus, milk supply was low due to insufficient stimulation of the breast.

In this case, before I sent the family for a tongue tie evaluation, I decided to set them on triple feeding care.

 #triplefeeding is a technique with three main purposes:

1️⃣Bring the baby back to the breast.
2️⃣Increase or preserve mommy’s milk supply.
3️⃣Keep baby fed.

⚠️It is very demanding and requires professional supervision and close follow-up to see results. The reason we set a time frame is to make the process efficient and prevent those overlapping feedings.

🌈After two weeks of this mommy working hard on a triple feeding schedule, she was able to see an increase in her milk supply and a baby more willing to come to the breast. At our follow-up appointment, the baby was transferring more at the breast, and the milk supply increased. Now that the baby was in a better position to breastfeed, it was time to begin the process for a tongue-tie release.

🌟Triple feeding is an efficient technique that works in many cases, but it’s a TEMPORAL solution while we find out the root cause of the problem preventing that baby from nursing.
.
#mamalactea #breastfeedingsupport #virtualbreastfeedingsupport #lactationconsultant #breastfeeding #lactanciamaterna",,,,,,
feedwithloveinfants,12,3,2021-08-01T18:25:11.000Z,"Triple feeding. This is a commonly recommended practice when exclusive breast/chest feeding is the goal, but for some reason isn’t able to happen right away. This may be due to latch or transfer issues, supply issues, or even anatomical issues with the lactating person or baby. 

It involves attempting to directly feed baby, working on latch or transfer as needed. After direct feeding, baby is then immediately bottle fed either expressed human milk or formula to ensure adequate intake. Finally, the lactating person is to express (usually with pumping) to stimulate further milk production. This whole cycle can take over an hour, and when baby is eating every 2-3 hours it leaves little to no time for anything else. 

Triple feeding isn’t bad, but it IS exhausting. It shouldn’t be recommended without a finite, measurable, short term goal. And if that goal isn’t met then a plan to stop needs to take its place. It is vital that the lactating person has adequate support while triple feeding: someone to ensure they are eating, someone who can bottle feed baby, and ensuring at least one 5 hour stretch of sleep in a 24 hour period. 

Let us know your experiences Triple Feeding - did it work? How long did you do it? What issues needed to be corrected to be able to exclusively breast/chest feed? 

#triplefeed #triplefeeding #pumping #fwl #feedwithlove #infant #baby #infantfeeding #formula #formulafeeding #bottle #bottlefeeding #breastfeeding #fedbaby #happybaby #tubefeeding #evidence #evidencebased",,,,,,
exclusivepumpinginstitute,12,2,2021-08-07T17:36:14.000Z,"As this week's World Breastfeeding Week comes to an end, I believe it's equally important to provide a diverse language that is, or should be adopted as ""breastfeeding"" practice, or encompassed within the ""breastfeeding"" umbrella.

Exclusive pumpers have been insistent for many years that exclusive pumping is breastfeeding. However, as I found myself going to download the logo shared on lactation profiles everywhere, I read the fine print. It indicated it shouldn't be used on a number of photos/projects including bottles. 

As exclusive pumpers, we use bottles (for the most part)! There are some that will say, but they mean bottles for the use of breastmilk/human milk substitutes. 

As an individual with a Doctorate in Human Sexuality, I know how important the use of specific terms can be. I wanted to ensure as many people who in some shape or form are providing/using/donating human milk are recognized. If your method of feeding human milk isn't mentioned here, please feel free to comment so that I can ensure you too feel included. 

Happy World Human Milk Feeding Week!

#exclusivepumpinginstitute 
#exclusivepumpingmama 
#exclusivepumping 
#exclusivelypumping 
#chestfeeding 
#breastfeeding 
#surrogatepumping 
#milkdonation 
#supplementalnursingsystem 
#ngtube 
#triplefeed 
#triplefeeding 
#infantloss 
#maternalmentalhealth 
#widenerpride",,,,,,
lowmilksupplyfoundation,12,0,2021-08-05T21:55:39.000Z,"Birth trauma can impact your milk supply in many ways: separation from baby, blood loss, stress, and more. Connecting with your baby through this journey can be very healing.
(but if it's not for you, that's okay too!)

#lowmilksupplyawarenessday

#lowmilksupplyfoundation
#igtandlowmilksupplysupportgroup #igtandlowmilksupply #igt #lowmilksupply #lowsupply #normalizebf #normalizebreastfeeding #worldbreastfeedingweek #wbfw  #chestfeeding #sns #atbreastsupplementation #breastfeeding #bf #ibclc #bottlefeeding #donormilk #mixedfed  #pacedbottlefeeding #lactaid #bottle #triplefeeding #breastfeedingproblems #breastfeeding #supplementalnursingsystem #breastpump #pumping #milkbank",,,,,,
breastfeedingdiabetic,12,3,2021-02-25T15:12:55.000Z,"Part 2 | Breastfeeding journey

The next 24 hours were the same struggles. I continued with the same plan & was mostly syringe feeding at this point. It was recommended that I start 
un-swaddling him to feed so that he would be more alert & hopefully interested in nursing more. Everyone kept reassuring me he was extra sleepy because of the jaundice. We were discharged the next night at 3 days old with a “bili light blanket” & instructions to follow up with his pediatrician first thing the next day.

Once home, I noticed overnight that he wasn’t showing hungry cues anymore, I set timers to wake him to eat & did the same routine of getting him undressed & my husband would fan him with a paper & rub his legs to arouse him a little more. 

We went to his pedi appointment that morning & he had lost 10% of his birth weight, I was heartbroken b/c they told me if I didn’t agree to start formula that morning we would be going back to the hospital. As a first time mama, I had no idea to ask more questions or that I could request another visit from a LC. I wanted him to thrive, so I started the formula immediately & kept pumping to replace his nursing sessions. When I brought it to the doctors attention that he was no longer showing hungry cues & that I had to wake him to feed, they blamed it on him being ‘early’/his severe jaundice. Hopi had a difficult time getting the formula down & I assumed it was from him getting used to a bottle.

Overnight I noticed he was sleepier than he had been, his pee’d the same amount, but was orange-ish now & he was still having meconium poops. He took much longer to drink his formula bottles & a lot of it would spill out of his mouth [same with my milk & syringes] leading me to think that he was having trouble swallowing.

[Continued in comments]

#breastfeedingdiabetic #breastfeedingwithdiabetes #mypostpartumjourney #diabeticmama #lactationconsultant #triplefeeding #breastfeedingjourney #pumpingmama #gestationaldiabetes #jaundicebaby",,,,,,
mel_buczek,12,4,2020-04-30T00:47:59.000Z,"Jambalaya...because I need a quick meal I can reheat and eat in the perpetual chaos, too bad my kids don’t like most one pot meals like this one. Are there any make ahead meals that your kids love?? #help .
#mykidsaretoohighmaintenance #stayathomemomlife #newbornlife #motherofthree #virtuallearning #aintnobodygottimetocookeveryday #perpetualchaos #healthyeats #dairyfree #glutenfree #eatinbalance #breastfeeding #triplefeeding #9weekspostpartum",,,,,,
heartfeltbeginnings,12,1,2020-01-30T20:14:12.000Z,"Let’s talk about nursing. My daughter was a preemie - born at 35 weeks, 5 days old, and she struggled to nurse. The lactation consultant in the hospital suggested trying a #nippleshield - something which in looking back I want to share was a double edged sword. The nipple shield allowed my daughter to latch, and to nurse, which was wonderful, but we were unable to transition away from it. In addition, whether it was the shield or the size of her mouth or her energy or a combination, my daughter never figured out how effectively nurse. What did this mean? •
•
1) We triple fed. I’d nurse B, then after she finished I’d pump and she would get “topped off” with a bottle. This was the majority of our day, every day, and all of my energy. It also never became easier for her to fill up via breast alone.
•
•
2) Nursing wasn’t sustainable as our only method of feeding. My daughter could spend an hour on the breast and still need to have a bottle afterwards! •
•
•
For weeks, I met with different lactation consultants, asking questions, asking for help, frustrated and devastated at how difficult feeding my daughter felt.
•
•
I’ll share more about this in the next few posts. •
•

#postpartumjourney #postpartumdoula #postpartumdoulasupport #thisispostpartum #newmomlife  #motherhoodsupport #ivfsuccessstory #maternalhealth #maternalhealthmatters #everymomcounts #motherhoodunhinged #doulasupport #chicagodoulas #doula #doulalife #doulasupport #breastfeeding #triplefeeding #pumpingmama #nursingmom",,,,,,
doula_kimhunter_ibclc,11,0,2024-05-23T01:52:28.000Z,"Just in case you were tempted 💙 

Breastfeeding can be hard but it’s much harder without support.

#neverquitonabadday #breastfeeding #breastfeedingmom #breastfeedingsupport #lactationsupport #exclusivepumping #breastmilk #lowsupply #triplefeeding #bottlefeeding #tonguetie #oralfunction #infantfeedingspecialist #ibclc",,,,,,
gingerlymama.clc,11,0,2024-01-08T20:38:14.000Z,"HEY ‼️

Sometimes breastfeeding looks like some of this🤱🏻, with a boost of that 🍼. 

Just a reminder that not every journey is the same or completely as envisioned. Some mamas do EVERYTHING right and yet the results aren’t exactly as they dreamed. 

This mama DID. IT. ALL. and worked so hard! However, there came a day she embraced her truth. This baby loves to nurse and comfort feed 🥹, but in order to make proper weight gain and be the happy-sweet boy he is, we needed to call in reinforcements. 

Look at their bond no matter the way she feeds 😍.

#gingerlymamallc #gingerlymamaclc #breastfeedingjourney #breastfeedingstories #lowsupply #pcos #pumpingmama #bottlefeedingmama #bottlefeeding #supplementingmama #supplementing #triplefeeding #babyweightgain #gingerlymama #breastfeeding #breastmilk #babyfeedingjourney #lowsupplystories #breastfeedingsupport #enoughmilk #support #empowerment #clc #clcsupport #feedyourbabyyourway #humanmilk #humanmilkforhumanbabies #breastfeedingmoms #breastfeedingconfidence #breastfeedingconcerns

*posted with permission*",,,,,,
growing__paynes,11,2,2024-02-16T00:56:22.000Z,"Settling in for the night (sleeping in the rocking chair until my discomfort from the wound improves) and finally appreciating having a sink in the bedroom. Middle of the night pumping and sterilising sessions are back with a bang, and earlier than I expected. We did have some success with @mambaby_uk nipple shields tonight - as suggested by a feeding specialist today. He was latching and sucking, but not swallowing. 
#csectionbirth #feedingstory #triplefeeding",,,,,,
faaboulosfive,11,2,2023-04-24T18:57:45.000Z,"That face you make when you both finally pass a weight check. On mama's milk too 💪🏾

#twins #twinsofinstagram #twinlife #SorynAndSoleil #SorynMikaela #SoleilMalaika #faaboulosfive #identicaltwins #seeingdouble #fierceandfaaboulos #breastfeeding #breastisbest #triplefeeding #norestforthewicked #momsohard #physicianmom #mommyphysician",,,,,,
joinmahmee,11,0,2023-04-19T17:01:04.000Z,"Meet your breastfeeding goals. With Mahmee, you’ll receive compassionate guidance on positioning and latching, advice on issues such as low milk supply, pain and infections, and education on pumping, formula feeding and milk sharing. Support is catered to you and your baby’s needs virtually and in-person in certain locations.

#birthequity #breastfeeding #chestfeeding #healthequity #lactationconsultant #IBCLC #nursing  #postpartumdepression #mom #momlife #mama #fertility #babyledweaning  #mastitis #clog #haakaa #pumping #powerpumping #DMER #breasatfeed #chestfeed #bloodynipple #bleedingnipples #poorlatch #liptie #tonguetie #frenotomy #triplefeeding",,,,,,
mamasboobiebox,11,7,2023-02-22T10:57:57.000Z,"Breastfeeding Stories Ep.9 with Sharon from @milkitmama.ie 

3 babies, all with tongue tie, but all babies responded differently to tongue tie treatment. 

A lovely story from a fabulous mama

#breastfeedingstories #breastfeedingtips #breastfeedingmama #breastfedbaby #tonguetiebabies #breastfeedingireland #silvercups #breastfeedingsupport #combifeeding #pumpingmama #triplefeeding #combinationfeeding #nursingmums",,,,,,
gingerlymama.clc,11,1,2024-01-17T15:36:53.000Z,"I think we all need to feel some warm and fuzzies on this cold day! ☀️🧸

Your start does not determine your journey!

Liz reach out when baby girl was 1 week old. She struggled getting her to latch, and then eventually baby was completely refusing the breast. Mom was triple feeding and working so hard to get her to gain adequately while maintaining her milk supply. 

Together we worked through breast refusal, milk transfer, weaning from the nipple shield, and oral ties (with the amazing help of Tricia @mymyomama ). They took each obstacle head on and defeated them one by one!! 

They have now conquered the final major obstacle, which was weaning from supplementing 👏🏻👏🏻👏🏻. I cannot say enough how proud I am of them. This was not an easy road, but she took all of our guidance and stuck to it. 

#gingerlymamallc #gingerlymamaclc #breastfeedingjourney #breastfeedingstories #pumpingmama #pumping #bottlefeedingmama #bottlefeeding #supplementingmama #supplementing #triplefeeding #gingerlymama #breastfeeding #breastmilk #babyfeedingjourney #lowsupplystories #breastfeedingsupport #enoughmilk #support #empowerment #clc #clcsupport #feedyourbabyyourway #humanmilk #humanmilkforhumanbabies #humanmilksaveslives #breastfeedingmoms #breastfeedingconfidence #breastfeedingconcerns 

*posted with permission*",,,,,,
advancedlactationcarewinnipeg,11,2,2022-09-25T15:32:35.000Z,"Because let’s be real here. Things often don’t go as we expect them to. Postpartum is rarely the experience we dream of. And being prepared and knowing where to get help in those tender postpartum days/haze can make our goals much more attainable. 
Please please please take into consideration the wisdom in this #repost from my friends over at @mbmilkdocs :
Did your reality match your expectation? 

Having honest conversations with pregnant families is important. 

Although it can be overwhelming to think of all the possible things that can get in the way postpartum- 

Having a health team you trust and know, will show up for you to educate, advocate and guide you can make all the difference. 

Challenges are more common than families realize- 
We are seeing an increase in more complex pregnancies and deliveries which then translate to more complex and challenging feeding experiences. 

When your doctor says “see you in 2 weeks” then “see you in 6 weeks”, this is the bare minimum of follow ups if everything goes ok. If you have challenges you will need closer follow up. 

in pregnancy 

✅ Ask your doctor or midwife what things in your personal history can make your postpartum/ breastfeeding experience challenging.
✅ Educate yourself in pregnancy about breastfeeding and caring for a newborn. 
✅ Know where help is before you need it. 

#pregnancy #prepareforbaby #breastfeeding 
#gestationaldiabetes #preeclampsia #inductionoflabour #newbornweightloss #perinatalmentalhealth #pretermbaby #newborn #mom #dad #parent #triplefeeding #supportedisvital #normalizeaskingforhelp #askforhelp #ibclc #breastfeedingmedicine #pediatrics #wpgIBCLC #wpglactation #wpglactationconsultant",,,,,,
midwifeshannon,11,0,2022-09-16T11:33:40.000Z,"Our first milk donation from this breastfeeding journey… this is the blessing of oversupply is being able to help feed another baby! This sweet lady had a double mastectomy and relies on donor milk, and I was so blessed to pass off 300ozs of liquid gold to her this morning. 💪🏻💪🏻

#sacredjourneymidwifery #midwifelife #thoughtsofamidwife #momlife #mothersmilk #fourthtrimester #postpartum #postpartumlife #breastfeeding #triplefeeding #oversupply #breastfeedinglife #milkdonation #donormilk #fromtexastoscotland",,,,,,
mamaleclt,11,2,2022-02-18T12:15:07.000Z,"Do only first-time parents benefit from a postpartum doula? 

👉Absolutely not!!! 👈

Supporting growing families means caring for and helping with older siblings, so mom can rest, recover, and bond with her baby. 

When did you get fourth trimester support? 

Read full testimonial 👇 

""I cannot begin to express the difference it made to hire Galia as my postpartum Doula for my third child. Even though I have two older daughters, hiring Galia for my son was a complete and total gamechanger. Maybe even a miracle. It was the only newborn/infancy stage that I truly loved and thrived in. That time period was so challenging with my first two daughters, and I would say it was a significantly (!) more enjoyable, peaceful, and loving time this time. Having Galia to attend to my needs, our needs, made all of the difference. Even my older daughters were huge fans and miss having her around. Beyond cooking meals, helping with the laundry and dishes, her loving and gentle support of my needs and the babies needs were essential. She reminded me about all of the newborn nuances, taught me all the things that had changed since my last daughter eight years ago, introduced me to some of my favorite products, and helped me when I had some breast-feeding issues and needed to “Triple feed“. Just having her presents with me after my partner went back to work, made the experience so much more enjoyable and not lonely. I had a loving and maternal helper by my side to share the time and space with. I will be recommending her to every new mama, friend, and I’m definitely going to hire her for my sister when she has a baby. It makes all the difference in the world and I will always look back on the first three months of his life with extreme fondness. We will miss her so much and she will always be a part of our family.""
•
•
•
#postpartumdoula #thirdtimemama #4thtrimestersupport #familycare #love #babyboy #siblingcare #triplefeeding #lactationsupport #doulawhocooks #recoverafterbirth #bondwithbaby #nourishyourbody #mamaleclt",,,,,,
nursinglittles,11,3,2021-11-19T16:18:15.000Z,"⚠️ TRIGGER WARNING ⚠️

I say trigger warning because for some of us in this space, triple feeding brings back memories of guilt and feelings of inadequacy, anxiety, stress, and depression. 

I've done it, I've been there. And hope to NEVER have to do it again. 

I've also recommended it in lactation care plans, BUT not without a ton of other resources, explainantions, and referrals to other professionals and specialists.

So let's discuss, what is triple feeding and why is it recommended in breastfeeding care plans? 

❔WHAT---
The act of nursing, pumping, and supplementing all in the same feeding session. Typically first nurse the baby, then pump and simultaneously bottle feed if you have leftover milk or formula from a previous session, or pump first and bottle feed after.
THE GOOD: can help to increase supply, can help littles gain weight
THE BAD: super exhausting and time consuming
THE UGLY: often not something mother's chose, usually in response to low supply concerns, little not gaining which leads to ugly tears for everyone involved and sometimes a spin out into PPA and PPD; triple feeding can be too much of a mental overload and has been known to cause PTSD associated with breastfeeding thus causing many mamas to stop

❔WHY--
Well that's a loaded question so here's the scoop. When recommended as a part of lactation care appropriately, triple feeding is a SHORT term solution to a (hopefully) short term issue i.e. secondary low supply, little not transferring well, TOTs revision(s), weight gain concerns etc. However, some providers will suggest continuing triple feeding past a few weeks thus causing mamas to feel even more discouraged, stressed, guilty...all of the above. 

🩹Triple feeding is not a sustainable means to continue breastfeeding. That's why it is so important to find a provider that understands your goals as well as how to get to the root of why you are having breastfeeding issues...as opposed to just slapping the triple feeding band-aid. 

Has triple feeding ever been recommended for you and your little? Do you feel it was done appropriately? Share you experience below if you are comfortable. 

As always, I'm here for support if needed. ♥️",,,,,,
polarislactation,11,0,2021-07-26T14:07:05.000Z,"TRIPLE FEEDING

Let’s get this out of the way, Triple Feeding is a band aid. It is NOT meant as a long-term solution. 

So what’s the point?

The purpose is to assess overall milk supply and assess baby’s ability to remove milk. Triple feeding can be used to increase milk supply (if necessary), promote weight gain, and boost energy to nurse. 

Depending on the goal, the steps can be switched up a bit. So triple feeding can look like…

Nurse -> Pump -> Supplement  OR  Nurse -> Supplement -> Pump

Sounds great, but what’s the catch?

Triple feeding is EXHAUSTING! Imagine nursing for 30 minutes, pumping for 30 minutes, feeding pumped milk/donor milk/formula via bottle or SNS for 30 minutes… then… cleaning all pumping parts and bottles while baby sleeps. And repeating at least every 3 hours. 

This isn’t sustainable long term. Don’t get me wrong, triple feeding can be a great tool. But, there needs to be a plan to move past triple feeding. 

Work with your pediatrician and a lactation professional to ensure you have as much support as possible!

If you’re concerned about your baby’s intake, your supply, or baby’s weight, reach out! I’m here to help!
*link in bio*

#lactation #lactationsupport #infantfeeding #pregnancy #breastfeeding #chestfeeding #pumping #nursing #donormilk #formula #exclusivepumping #certifiedlactationcounselor #clc #breastmilk #chestmilk #humanmilk #bottlefeeding #support #supportnetwork#helpinghand #yourenotalone #prenatal #prenataleducation #pregnancysupport #empowered #triplefeeding #supplement #formula #donormilk #expressedmilk",,,,,,
sydneyperinataldoctors,11,0,2021-08-07T01:00:12.000Z,"Let’s talk about #triplefeeding - some mums need to breastfeed, then pump, then give the extra expressed milk by bottle in order to increase their supply and make sure baby is growing properly. This can be a gruelling experience for the Mum and can feel like a 24/7 job with no rest (even more so than normal parenting!). If there’s ever a time she needs support in her breastfeeding journey, this is it.  We love this photo of Dad feeding his baby the #ebm using #pacedbottlefeeding while Mum is #pumping - awesome support and great daddy-baby bonding. #wbw21",,,,,,
lowmilksupplyfoundation,11,0,2021-08-05T21:51:39.000Z,"PCOS, thyroid dysfunction, insulin resistance, diabetes, and many other chronic health conditions can impact your milk supply. We see you, and we support you!

#lowmilksupplyawarenessday

#lowmilksupplyfoundation
#igtandlowmilksupplysupportgroup #igtandlowmilksupply #igt #lowmilksupply #lowsupply #normalizebf #normalizebreastfeeding #worldbreastfeedingweek #wbfw  #chestfeeding #sns #atbreastsupplementation #breastfeeding #bf #ibclc #bottlefeeding #donormilk #mixedfed  #pacedbottlefeeding #lactaid #bottle #triplefeeding #breastfeedingproblems #breastfeeding #supplementalnursingsystem #breastpump #pumping #milkbank",,,,,,
northgeorgiabreastfeeding,11,0,2021-04-19T10:33:27.000Z,"#Repost @kellyibclc with @make_repost
・・・
Yes, to a point we need to turn the suction up on our pumps to get milk out, but it should never hurt and all pumpers respond to the pump differently.  Here are some things to think about when it comes to pump suction:

💧If your suction is up so high that it is hurting, it will hurt your milk supply.  Pain blocks the hormone oxytocin which releases milk so if it hurts.  Therefore, if it hurts it's hurting milk removal (also if it's hurting, get a flange fitting consult!!)

💧Some pumpers respond better to lower suction and higher speed, some respond better to higher suction lower speed.  Everyone is different.

💧Many pumpers find that after a certain level of pump suction, they don't get more out if they crank it up higher.

💧Sometimes a higher suction means the milk will come quicker, but you will not actually get more milk.

💧Sometimes cranking the suction up to the highest level can cause damage to your nipples.  Be gentle to yourself!

💧If you feel like your pump is not removing milk as it should, instead of cranking it up, see an IBCLC. It could be the pump, it could be the flange, it could be a breast issue. 

#breastfeeding #supplementing #mixedfeeding #supplementingbreastmilk #supplementingformula #liquidgold #pumpsuction #lowsupply #breastfeedingstrike #breastmilk #normalizebreastfeeding #ibclc #lactationconsultant #pregnancy #pregnantmom #4thtrimester #3rdtrimester #breastfeedingprep #breastfeedingplan #breastfeedingproblems #breastfeedinghelp #pumping #pumpers #breastpumpsuction #breastpump #breastmilkpump #triplefeeding",,,,,,
breastfeedingdiabetic,11,0,2021-02-18T18:11:37.000Z,"I am thankful for my healthy, growing babe and my ability to exclusively feed him from my body. But it wasn’t always this way.

I have done all of the above and felt most comfortable AND confident in my choices when I received support and education about each option available to me and my son.

There were times when breastfeeding felt impossible. I didn’t think it would ever click for us, and so I pumped with a side of nursing AND supplemented with formula when what I could pump was not enough. I also used donor milk and praise be to the mama’s with a generous supply that are willing to share their precious liquid gold. 

We triple fed for 8 weeks and it is no joke, but I did what was necessary to keep my baby fed. The saying ‘fed is best’ gets tossed around a lot, and I do think it’s a lovely saying and idea, however, fed is not optional. It is a basic human need. So we do not need to minimize a new mama’s feelings of frustration or confusion about her method of feeding her baby, by saying ‘fed is best’. In my opinion, that saying undermines a mama that may have made a choice to formula feed. Formula is an amazing resource available to moms who may not be able to breastfeed, or don’t have the desire to. 

So please know, no matter how you choose to feed your baby, you have all of my support.

#breastfeedingdiabetic #breastfeedingwithdiabetes #breastfeedingeducation #breastfeedingsupport #breastfeedingisaskill #pumpingmama #formulafeeding #triplefeeding #donormilksaveslives",,,,,,
andersenwhalley,11,0,2020-10-02T16:34:52.000Z,"I feel so lucky and so grateful that I am able to do a job that I love and feel passionate about. Last month I started doing a limited number of face to face infant feeding consultations in the home as a private IBCLC (LactationConsultant) and today I received the following feedback from Erica White: 

“I came to Lee for help after having a low birth weight baby who needed tube feeding and topping up with bottles. We had been maintaining milk supply by expressing and bottle feeding, but I was struggling to get my little one to latch and breastfeed and also concerned about my supply. 

Lee was absolutely brilliant, she offered lots of advice on latching and also increasing my supply, which produced quick results meaning I’ve been able to give my daughter breast milk exclusively since we have been home from hospital. I’ve also had much more success in getting my daughter to latch on and feed directly from the breast by following Lee’s advice. I’m hopeful by continuing to do so, my daughter will soon be exclusively breastfed. 

Lee is really supportive and keeps in touch to make sure everything is going to plan. She was always available when I had a question, no matter how small and I felt she really cared that my daughter and I had the best chance we could to continue our breastfeeding journey. I would not hesitate to recommend Lee to anyone who needs extra support”.

THANK YOU Erica and Verity, it has been a privilege. 💗 
Please do not hesitate to get in touch if I can support you on your breastfeeding journey. Call Lee on 07968483373 or email me on: lee@babyfeedingspecialist.co.uk #lowbirthweightbaby #earlytermbaby #learningtobreastfeed #triplefeeding #expressingmilk #responsivefeeding #pacedbottlefeeding #breastfeedingsupport  #ibclc #ibclclife #teamwork",,,,,,
woodhallaimee,11,3,2019-08-06T21:42:03.000Z,Quite the party. #milkdrunk #babiesofinstagram #triplefeeding #worldbreastfeedingweek #pumpingmama #lowmilksupply,,,,,,
abcdoula_andnewborncare,11,0,2019-12-02T15:39:30.000Z,"Listened to a webinar from United States Lactation Consultant Association this weekend while prepping my upcoming CLE training, and came across this little gem. The concept is to add a pump while baby is breastfeeding, in the early days to help get baby maximum milk intake.
Because breasts work in tandem with their letdowns (great for twins when you are tandem feeding) you can both capture a let down on the pump side, and also encourage let down on the baby's side. Double win right there.
The extra milk can be used to supplement a sleepy or jaundiced new baby after the feed, saved for the next feeding if a supplement is needed, or stored for later use. 
Many families ask me when they can start pumping, and especially those who are going back to work as they are feeling the pressure to start collecting milk. If breastfeeding is going well, you can start pumping anytime. If it is not going well, you will likely need to start pumping right away. So it pays to have a pump that you can easily use that works well for you.
I just loved this concept because it doesn't interfere with breastfeeding, but it gives parents that option of capturing lost milk that leaks on the other side, utilizes both breasts at each feeding (even if baby will only take one) and it has numerous applications for babies who need supplements, such as triple feeding which can be so exhausting and overwhelming for everyone in the family.
For this approach you can use any electric pump, a hand pump, or even a silicone pump like a Haakaa. 
Have you tried it? What was your experience?

#parallelpumping #pumpingwhilebreastfeeding #pumpingmom #makingmoremilk #capturingthemilk #haakaa #triplefeeding #breastfeedingsupport #gethelp #IBCLC #abcdoula",,,,,,
lifeofalouise,10,5,2024-02-10T16:00:34.000Z,"One day I'll tell you how hard it was to breastfeed again. ❤️

Not in a way that makes you feel bad. Not in a way that blames you. In a way that honours the women of la leche that helped, the peer supporters and the unpaid volunteers who had more time to sit with me than the health professionals did. 

In a way that reminds you that there can be ways to reach your goals, but that they might take time and tools like the pumps I borrowed, hired and eventually bought. 

In a way that I hope brings memory of our tired feeds, our feeds in so many places and the expressed milk when I had to work or attend appointments for our loved ones. 

-- 

I almost felt embarrassed to open this parcel today from the wonderful Clayful. 

Where would I put it? 
Am I alienating friends I love? 
Why didn't I stop? 
Why do I care so much about being able to feed? 

But then she looked at the figure and I thought, this is what matters. Me and her, we're one when she feeds and both of our oxytocin levels rise. So wherever this figure goes, she'll remind me that I tried and trusted my body could do this, even when some professionals didn't. She'll remind me that I sought help out, even though I felt like I should know this by now, having done this before. She'll remind me of women who gave up their time for nothing in return, and she'll remind me that I do have a voice and can say what I need.",,,,,,
preserve_nutrition,10,1,2024-08-04T09:15:18.000Z,"💕Reflecting on my (almost) 4 year #breastfeedingjourney this #breastfeedingawarenessweek 🤱. With 2 years on maternal elimination diets for babies with food allergies ❌🥛🫛. 

Working in the food allergy, intolerance fertility and prenatal nutrition space I am grateful for the knowledge I had to prepare me for #breastfeeding - but that in no way made it an easy journey!

🤱My son was born with an immature suck and it took me 6 weeks to teach him how to breastfeed. Around the clock #triplefeeding, using a supply line, sleep deprivation, x3 a week hospital appointments with a lactation consultant and the beginning of COVID lockdowns with my only outing being to the community child family health clinic for weight check ups was not the start I had in mind! 

He struggled gaining weight despite all the expressed top up feeds 🥺 and at 6 weeks his poos started becoming mucousy, green and blood streaked. I eliminated #dairy and #soy from my diet (after consulting with our GP, child family health nurse and also being a dietitian), he began improving and we had an incredible paediatrician that diagnosed him with a #cowsmilkproteinallergy. 

I triple fed for 6 months…it was exhausting. 

I donated 5 litres of breastmilk to the Red Cross Milk Bank 🍼 to pass onto preemie and low birth weight babies in need 💕 @lifebloodau. 

I was able to reintroduce soy with no reactions, but was not able to reintroduce dairy back into my diet until 2 weeks before his first birthday. 

I continued breastfeeding until he self weaned at 23 months when I was 13 weeks pregnant with his sister 🤰. He outgrew his #dairyallergy just after his second birthday🎉. 

Second time around was a bit like deja vu. My daughter started out with some ineffective sucking and swallowing, but despite picking it up much quicker still struggled with weight gain 🥺. 

At 2 weeks her poos became mucousy and I eliminated dairy from my diet, her weight gain was not improving and I eliminated soy as well (this was all done with consultation with our GP, child family health nurse and me as a dietitian so please seek advice from healthcare professionals experienced in the area). 

Continued in comments ⬇⬇⬇",,,,,,
helpwithfeeding,10,0,2023-05-25T14:03:03.000Z,"Is your newborn super sleepy? Does he fall asleep all the time during feeding? Does he go from totally asleep to crying with no in between? Does he scream when the breast is offered and will only take a bottle?

Babies need to be in a certain “state” to be successful with feeding, either with breast or bottle, and so many babies struggle with this in the first several weeks of life.

Much of this can have to do with labor and delivery, postnatal issues such as jaundice or respiratory struggles, but the impact on feeding goes on long after they are “healthy”. 

State regulation, or your baby’s ability to move through the 6 states (deep sleep, light sleep, drowsiness, quiet alert, active alert, crying), is totally intertwined with their ability to feed. 

Poor transfer at the breast can have more to do with state regulation than sucking skills.

Limited intake or prolonged feedings can too.

Inability to latch can be due to your baby’s inability to stay calm and organized.

There are so many reasons for early feeding difficulties and getting the right strategies in place as soon as possible is so important in order to meet your feeding goals.

If any of this sounds like your baby and what you are going through, reach out today to get your personalized, research-based feeding plan in place with an expert by your side.

#feedingbaby #postpartum #lactationsupport #tonguetie #exclusivepumping #newmom #newborn #maternalmentalhealth #fourthtrimester #formulafeeding #triplefeeding #breastfeedingmom #bottlefeeding",,,,,,
embracinglactation,10,1,2022-12-09T15:35:36.000Z,Open slots are filled and off we go for some lactation visits! Joining me is my student Ashley with @fullcirclebirthandfamily #ibclc #nhibclc #lactationconsultant #lactationvisits #breastfeeding #bottlefeeding #pumping #sorenipples #triplefeeding #tonguetiesupport #chestfeeding #lowmilksupply #oversupply,,,,,,
mamasboobiebox,10,4,2022-09-05T19:00:11.000Z,"We held a wonderful Insta live series of breastfeeding stories in June as told by you our followers and we are bringing it back in September.

Think you could help another mum to consider breastfeeding and share your journey with us.
I am looking at you @milkitmama.ie 

Pop us a DM or an email and we will get back to you as soon as we can to arrange a date.
If you are not keen on going live we can record a video separately and I can upload it afterwards, let me know what works for you.

Listen back here to one of our stories;
www.instagram.com/tv/CeyMVVrokt9/?utm_source=ig_web_copy_link

#shareyourstory #breastfeedingstories #breastfeedingjourney #breastfedbaby #supportmumsbreastfeeding #breastfeedingireland #newmum #pregnant #expecting #instalive #breastfeedingbusiness #breastfeedinggifts #breastfeedingproducts #supportingthebreastfeedingjourney #nursingmama #combifeeding #pumpingmama #extendedbreastfeeding #triplefeeding #colic #reflux #cosleeping #breastfeedingmums",,,,,,
madison.cleckler,10,0,2022-08-03T16:51:05.000Z,"My breastfeeding journeys were.... complicated. 
⠀⠀⠀⠀⠀⠀⠀⠀⠀
If you've been here a while, you know that I have low supply and combination fed all of my kids. 
⠀⠀⠀⠀⠀⠀⠀⠀⠀
With my first, I breastfed for around 3 months- mostly supplementing and doing my best to increase supply as a new mom still in college. 
⠀⠀⠀⠀⠀⠀⠀⠀⠀
With my second, I assumed my problems with the first were circumstantial and that I'd be a milk making goddess.... and boy was I wrong. I struggled with the fact that my milk-makers just weren't like other people's. I struggled with severe postpartum depression and anxiety, partially due to feeling like a failure because I couldn't fully breastfeed. I felt less than, unworthy, and ashamed of my body when I fed him a bottle for the longest time. I breastfed my son for 8 months while supplementing formula. 
⠀⠀⠀⠀⠀⠀⠀⠀⠀
With my third, I went into it knowing that for my mental health- I needed to give myself- and my chesticles- a well-deserved break from all the pressure, guilt, and shame. I still struggled with thoughts that my body wasn't good enough or something was wrong with it, but I had a support system in place to help me cope with these thoughts and feelings. I shared my stories and connected with others like me. I breastfed for 18 months, with supplementation until 7-8 months (my goal was not to wean from supplementation- it just happened that way)
⠀⠀⠀⠀⠀⠀⠀⠀⠀
Your journey, no matter what it looks like, is worthy of celebrating. 
⠀⠀⠀⠀⠀⠀⠀⠀⠀
Now go get some boob cookies and celebrate, you amazing creature you! 
⠀⠀⠀⠀⠀⠀⠀⠀⠀
P.S. I'll be sharing some of my best nursing, pumping, low supply, exercise myths and tips, and my fave supplies here over the next week and month. Make sure you're following me here @madison.cleckler for more! 
⠀⠀⠀⠀⠀⠀⠀⠀⠀
#breastfeeding #pumpingjourney #supplementingformula #triplefeeding #worldbreastfeedingweek #breastfeedingjourney #chestfeeding #fedisbest",,,,,,
flow_lactation,10,0,2022-07-11T11:05:37.000Z,"Every mom worries that they won’t have enough milk to feed their baby. Every mom. 🙋🏼‍♀️🙋‍♀️🙋🏻‍♀️🙋🏽‍♀️🙋🏾‍♀️🙋🏿‍♀️

But if you get the news that your baby isn’t gaining well, or you see that your pumping session isn’t as productive as you had hoped, it can be heartbreaking.

❤️Today’s #MamaHeartMonday recognizes all of you who are struggling with low supply.  For the mamas who are…

💧watching slow drops from a tired pump

🔍measuring life in milliliters instead of ounces

⌛️waiting for milk to “come in” 

🍪wondering which lactation booster will finally help

We see you. We are proud of you. And your baby is too. 

🔠We honor the moms who are pushing through to make sure their baby grows well and adjust to a feeding plan B, or even a plan C.

🔄We honor the moms who understand their original feeding plan can have a temporary detour, and work hard to get things back on track. 

📣We honor the moms who understand  the frustration of trial and error to see what works and what doesn’t, and we are cheering you on with every drop.

Because every 👏drop 👏 counts 👏

.
.
.
#crozetmoms #crozetfamily #cvillemoms #cvillefamily #cvillelocalbusiness #cvillehealth #crozetva  #charlottesvillefamily #ibclcinpp #lactationconsultant #cvillebaby #lowmilksupply #lowsupply #IGT #PCOS #supplementing #triplefeeding #normalizebreastfeedingsupport",,,,,,
mamma.snow,10,5,2023-01-03T10:21:53.000Z,"Just before Christmas I decided to stop pumping. I started about a week after F was born on the advice of the midwives. She had dropped too far below her birth weight and was not gaining it back quickly enough. So F was triple fed from then on - formula, expressed breast milk and she breastfed on demand. Seven months later, F decided to stop breastfeeding, so I took that as my cue to stop pumping. If it wasn’t for these pumps I would not have lasted as long as I did! 

#triplefeeding #combinationfeeding #combifed #breastfeeding #breastfedbaby #formulafeeding #expressedmilk #pumping  #lowmilksupply #lowmilksupplyproblems #freezerstash #breastpumping #breastmilk #breastfeedingcontent #nursing #pumpingmama #pumpingmilk #breastpump #fraupow #wearablebreastpump",,,,,,
dawnbower_ibclc,10,0,2021-10-01T00:56:05.000Z,"Closing out September with some well written info on PCOS.

Reposted from @lowmilksupplyfoundation We couldn’t let September pass by without discussing Polycystic Ovary Syndrome (PCOS), one of the leading causes of infertility and a commonly seen disorder among those with chronic low milk supply. 

PCOS is thought to be the most common hormonal disorder among women of childbearing age, affecting as many as 1 in 4 women between the ages of 18 and 44. As a “syndrome,” PCOS can vary in the way it presents; symptoms can also change over time. It is also incredibly underdiagnosed.

PCOS is fundamentally a women’s health issue that can have profound long-term mental and physical health impacts. And it is unacceptable that a condition that affects so many women is so little understood. We must join together to demand better from our healthcare providers, and our healthcare system in general -- better understanding, better research, better support and better treatments! 

#lowmilksupplyfoundation
#chroniclowmilksupply #igt #lowmilksupply #lowsupply #breastfeeding #bf #chestfeeding #ibclc #lactationsupport #bottlefeeding #donormilk #combofeeding #pacedbottlefeeding #sns #supplementalnursingsystem #atbreastsupplementation #lactaid #bottle #triplefeeding #breastfeedingproblems #breastfeedingsupport #breastpump #pumping #exclusivelypumping #milkbank #health #pcos #pcosawareness",,,,,,
hope_and_wine,10,0,2021-09-09T22:40:25.000Z,"The Nurse Mama Diaries is coming soon! We are busy getting everything ready for you to enjoy. 💗 

We will be posting weekly Diary Days chronicling our journey of all the things we have been through. From receiving an infertility diagnosis, to IVF, pregnancy, laryngomalacia, feeding tubes, a 20 day hospital stay with our newborn, and so much more. 

There will also be monthly recipe newsletters and posts for you to enjoy so you can treat your family to some new and easy to follow recipes! 

We will also be sharing with you tips and tricks I have learned along the way as both a pediatric emergency room nurse for close to 10 years and as a new mother. 

Visit the website to sign up for announcements on when The Nurse Mama Diaries will be live! Link in Bio or:

www.thenursemamadiaries.com 

#nursemama #motherhoodunfiltered #infertilityawareness #familyrecipes #comingsoon #laryngomalaciababy #laryngomalaciawarrior #ivfwarrior #diarydays #babylove #newmama #ngtube #ittakesavillage #thenursemamadiaries #thegoodthebadandthemessyofmotherhood #triplefeeding #exclusivepumping #failuretothrivenomore #momrecipes #easyrecipes #lifewithanewborn",,,,,,
littlepumpling,10,1,2021-07-17T12:54:36.000Z,"🎉Little Pumpling is Back!🎉

After a week of broken WiFi and uneven mobile phone signal - Little Pumpling is back. I've still been replying to messages and checking in on your lovely journeys but now I'm able to create and upload again. 

WOOOOH. 

Please feel free to comment topics & questions you'd like to be covered. I've got some planned but I always love your input. This community is ours after all and the more we cover the more we are all supported 🙂

Chloe x 

Ft product - tommee tippee bottle with variflow teat in white cap. White in my house is for breastmilk. 

Colour coding is a great way to know what's in there, how long it can be used for and how or if it needs to be sterilised. 

#formula #breastmilk #breastmilkstash
#breaktime #breakfastpump #babybottle #breastmilkbottle #colourcoding #combifeeding #triplefeeding #exclusivepumping #exclusivelypumping #pumpedmilk #pumpingmom #expressing #morningpump #pumping #pumpmommapump
#normalizepumping #normalisepumping #expressedmilk  #breastpump #parenton #booblife #babymilk #milk",,,,,,
rebeccaatkins22,10,3,2021-08-08T03:35:31.000Z,"This picture is the beginning of the hardest thing I’ve ever had to do.

Our journey started out in the hospital, where I was told I had to feed her every 2 hours to help get her bili levels down. We would literally scrape the colostrum out of the pumping equipment just to fill a syringe so we could tube feed her after she would try to breastfeed.

Then it turned to many sleepless nights because she’d wake up almost every hour to eat. Finally, we realized she was just wanting to cuddle with momma rather than eat.

That led to triple feedings, exclusive pumping, back to triple feedings, then eventually it led to whatever she wanted to do & felt comfortable with. If she wants mommy & wants to breastfeed, we do. If she wants a bottle, we make a bottle.

My life now centers around when she needs to eat & when I can pump. It’s hard. It’s tiring. It makes life so much more complicated than it use to be.

At the same time, it’s amazing to be able to give my baby the nourishments she needs to survive. I’m grateful to be able to have those special moments with her, and to have been able to be on this journey with her for almost 5 months now.

I’m so thankful for my mom, aunts, and cousins who’ve helped me so much along the way. I’m thankful for friends who don’t mind me pumping before we go places. I’m thankful for coworkers who step up so I can pump in between procedures. I’m thankful for my husband who learned all the things we needed to know about pumping & didn’t care if I pumped or breastfed.

For all the mamas out there struggling through this journey, too, no matter how long your journey was, I applaud you! For all the mamas out there who decided this journey wasn’t for you, I applaud you too, because let’s be honest, fed is best!
.
.
.
.
✨Happy World Breastfeeding Week✨",,,,,,
thedoulainyourcorner,10,1,2021-04-17T10:46:48.000Z,"5 days to go until the release of Mixed Up, a book of information, compassion and tools!

You can order the download to arrive on Thursday or buy the physical book on Thursday to arrive soon after

#MixedUpFeeding
#TripleFeeding 
#CombinationFeeding 
#BreastfeedingSupport
#LucyRuddleIBCLC
#BreastfeedingBanbury",,,,,,
mamaitsok_,10,12,2020-10-19T03:24:11.000Z,"LETS TALK ABOUT BREASTFEEDING! 
Disclaimer: This is my personal experience breastfeeding my baby. Please dont comment that breast is best. We all know how amazing breastmilk is & yes breastmilk should be a parents first choice. BUT FED IS BEST! 

Ever since I could remember I wanted to breastfeed my baby. I had dreams when I was pregnant of breastfeeding my baby. I did all the research, read all the books, watched all videos and we still had a ROUGH experience. To begin, when he was born, I had a rough afterbirth which led to a postpartum hemorrhage and a retained placenta. Looking back, this delayed alot of things regarding milk production for me. Considering the release of your placenta signals your body to make prolactin(your milk making hormone) 🤷🏻‍♀️ Anyways, he latched right away after I recovered from that. 40 min after he was born was when I first started feeding him. We fed every 2 hrs after that. I thought he was getting something and in hindsight he wasnt getting enough(even though babies have small stomachs that young, yes I know. He still wasnt getting enough) Anyways, We had latch issues the whole time in the hospital. The day we left I asked for formula because I had a feeling he wasnt drinking enough. He gulped the formula down so fast.... I felt soo terrible. My baby was hungry 😥 Regardless, I made sure he was always fed appropriately after that. He was admitted the next day back to the hospital for jaundice which is probably related to him not getting enough the first two days. 

I have to skip over the part of him being admitted back into the hospital for jaundice because thats another story. 

I have seen so many LC and only one told me he had a tongue and lip tie. So we went and got them both clipped. Poor baby still couldn’t latch properly to get milk even after that. Maybe 1 oz after 30 min. He took 3oz a feed at this time so 1 oz doesnt cut it. I triple fed for a week till I couldnt do it anymore. If you know what triple feeding is you’d understand.  So I went to exclusively pumping.... EP ISNT FOR THE WEAK(it is not the easy way, its the hard way) I pumped 8x a day for 8 weeks.",,,,,,
theuntiedlatch,10,0,2020-08-23T23:44:59.000Z,"Posted @withregram • @kellyibclc Breastfeeding Bandaids can be needed, but should always be a short term solution while the root cause of the issue is figured out.⁠ Bandaids can help symptoms but not solve problems. 
⁠
🔶NIPPLE SHIELDS:⁠
Nipple shields are often used when a baby can't latch or when there is pain with latching.  Neither situation is normal and the cause should be figured out in order to make a plan to get off the nipple shield.⁠
⁠
🔶PUMPING AFTER BREASTFEEDS⁠
Sometimes parents pump after feeds at the breast in order to increase supply so the baby has more easy milk.  Again, this can be effective short term, but the baby should be able to maintain milk supply on his own and often there are simple solutions to help baby do this and decrease that workload for mama.⁠
⁠
🔶TRIPLE FEEDING⁠
Triple feeding is when you feed at the breast, pump and then feed that milk back either via bottle, finger feeding, cup feeding etc.  Triple feeding, like other bandaids, can be needed short term.  However, it is too much work to be a long term solution. ⁠
⁠
🔶REFLUX MEDS⁠
True acid reflux in babies is rare and usually only seen in preterm babies.  More commonly I see reflux due to swallowing air either because of a bad latch or because of an uncoordinated swallow OR reflux due to a food sensitivity.  Either way reflux meds are a bandaid to cover up why it is happening and this bandaid is not benign.  These meds were never studied on babies for safety, but retrospective research has shown that when given as a baby, they increase the baby's chances of broken bones as a child.⁠
⁠
🔶NIPPLE CREAM⁠
There are some great and not so great nipple creams out there for damaged nipples, but either way, they shouldn't be relied upon long term to keep pain or damage at bay. 
⁠
If you are using a bandaid and want to stop, find someone that is willing to dig in the weeds with you and figure out the root cause and also a way to fix that root cause!⁠
⁠
#breastfeedingtips #breastfeeding #babyreflux #pumping #triplefeeding #lowsupply #ibclc #lactation #breastmilk #lactationconsultant #postpartum #nippleshield #liquidgold #pregnancy #birth #normalizebreastfeeding #winnipegbreastfeeding",,,,,,
theoxytocinn,10,0,2020-09-29T15:32:09.000Z,"It's been awhile since I posted properly.  Life has been... Hectic? Since the children went back to school!!! But, I'm hoping to get back into the groove, and thought I would start with a little bit about silicone suction pumps! 

They really ARE pumps. 

They can stimulate your supply and in some people can lead to issues with oversupply if you are not careful.  I'm not saying don't use one, far from it, they are a great tool that has its time and place.  I used mine whilst triple feeding littlest miss if I didn't have time to get the double electric out, or for when out and about / nighttime expressing it was great.  But please use them with support, and learn a little about them first.  If you are prone to blocked ducts/mastitis/oversupply please speak to a infant feeding Supporter before hand.

It's also handy to remember, that just like ANY form of expressing, a silicone pump might not work for you!  Some breasts just do not react to a pump like they do a child, and for some people that can be completely normal! 

#breastfeeding #chestfeeding #peersupport #infantfeeding #expressing #humanmilk #lactationeducation #siliconepumps #oversupply #blockedducks #mastitis #seeksupport #thesearepumps #ebm #triplefeeding #InformedFamiliesAreEmpoweredFamilies",,,,,,
jnelmetherell,9,4,2024-05-25T15:53:00.000Z,"Yes, we see people posting full bottles of pumped milk and compare ourselves and, once again, find another reason to beat ourselves up, BUT remember that, for the most part, pumping is hard and not something that comes easy to even the most seasoned breastfeeder. 

🙋🏾‍♀️ I breastfed for 11 years, my children had no issues with milk intake and gain, but it would take me 2 days of several pump sessions to get one bottle of 4oz (120ml). And so I never bothered much with that sort of thing.

If you're struggling to pump milk, there are tips and tricks that can help. But also, I often ask, ""Is it a headache you even need to be dealing with?"" Because most people are stressing to pump a bottle so that they can have a break...but maybe not pumping would be the break?

#Breastpumps #BreastfeedingHelp #ExclusivePumping #BreastfeedingMama #FeedingParent #PumpingMama #NewBaby #LowSupply #DadBonding #PostpartumSupport #BreastfeedingInPublic #TripleFeeding #SlowGainBaby #TongueTie",,,,,,
healing.birth,9,0,2024-04-18T23:54:51.000Z,"✨NEW PODCAST EPISODE OUT NOW✨

Pregnant with her first baby in Australia, Grace @modern.village did her doula training and was planning a gentle home birth. She had an epic support team who she fully trusted, but then at 36 weeks of pregnancy Grace had to make the excruciating call to move to NZ for her partner’s work. 

Aside from the struggles with leaving behind her wonderful home birth midwife and having to find a new match, Grace was also met with a few other challenges during her labour, the key one being a swollen lip of cervix and having the near impossible instruction to stop pushing. Not long thereafter, Grace succumbed to a hospital transfer, followed by an epidural and then a c section.

The biggest struggle was yet to be faced though. It makes heartbreaking listening, hearing Grace describe the trauma she was met with as a new mum dealing with a low milk supply, a lack of bond with her baby, and isolation during Covid lockdowns in a town where she knew no one. Being advised that her baby required a formula top-up at 3 days of age, culminated in massive breastfeeding hurdles for the next five months.

Her next birth was an entirely different experience, as was her breastfeeding journey. Hear how Grace navigated her healing and prepared for an empowering home birth.

Also included in this episode:
* stretch & sweep
* 42+ week pregnancy
* deflexed head
* triple feeding (pumping)
* nipple shields
* doula care
* PPH
* birth debrief
.
.
.
.
.
.
#birthstories #birthstoriespodcast #healingbirth #healingbirthtrauma #breastfeeding #breatsfeedingtrauma #nursingtrauma #triplefeeding #postpartum #maternalmentalhealth #birth #csection #homebirth #hbac #vbac #waterbirth #lowmilksupply #epidural #doula #birthdoula #midwife #birthdebrief #birthdebriefing",,,,,,
wovenpediatrics,9,0,2024-09-10T19:51:17.000Z,"If somebody can find some scientific evidence that proves #triplefeeding is the road to breastfeeding success... please let me know.

Otherwise, please schedule an appointment at Woven Pediatrics.

#triplefeedingissoexhausting
#denvermom",,,,,,
byyoursidelc,9,2,2024-03-27T00:56:47.000Z,"Triple feeding is a very common recommendation that is made to many parents in the early days of feeding your infant. 

Perhaps baby isn't latching well or weight gain isn't what we expect.

Nursing your baby then pumping and topping up with that pumped milk and/ or formula encourage your supply to increase and your baby to gain weight. 

But its EXHAUSTING

When a client tells me that they have been triple feeding for any amount of time I ask how they are doing with it and then talk about options. 

A feeding tube at the breast, or SNS, can be used to cut down on the time triple feeding takes and to get baby feeling full while nursing. They receive the supplement and your breastmilk at the same time all while stimulating supply. 

#feedallthebabies #ibclc #byyoursidelc #internationalboardcertifiedlactationconsultant #sns #breastfeedingeducation #triplefeeding",,,,,,
growing__paynes,9,0,2024-02-15T21:23:53.000Z,"Milk is in and the pump is a go! Using my trusty @elvie for now, but I've ordered a @medela_uk hospital grade pump to hire for a fortnight while I build up my supply. 
#pumping #triplefeeding #feedingstory",,,,,,
helpwithfeeding,9,1,2023-04-24T23:35:56.000Z,"Does this sound familiar????

You had a great pregnancy, delivery went pretty well, and you’re feeling pretty good about all the prep you did over the past 9 months to get to this point…

And then, 

out of nowhere, 

you’re hit by the unexpected challenge of feeding your baby.

This is supposed to be so natural and you are supposed to KNOW how to do this. Right?!?!

We are so quick to blame ourselves as mothers when things don’t go well, but there are SO MANY reasons why babies might have trouble with feeding. 

The good news is there is help - and the sooner you get connected with support, the better! 

Whether your baby isn’t gaining weight well, 
you’re having trouble waking her up to feed or keep her awake during feeding, 
or she is coughing/choking during feeding…

these are all reasons to get help as soon as possible.

The right support in the first few weeks of your baby’s life can be a game changer! 

If you are the type of mother who wants to understand what’s happening with feeding and learn strategies to help your baby learn the skills she needs AND take the stress out of feeding, then I’m your person!

Schedule a free consult today or a 1:1 session so we can figure out what’s going on and plan next steps to make big changes in feeding your tough-to-feed baby. 

It’s as easy as that - I’m here for YOU and your baby!

#postpartum #breastfeedingmom #exclusivepumping #bottlefeeding #newbornbaby #fourthtrimester #lactationsupport #triplefeeding #combofeeding #maternalmentalhealth",,,,,,
wildflowerlactation.llc,9,0,2023-02-07T13:35:44.000Z,"Tip Tuesday! 

Establishing your feeding plan may take some time. While you work on it, with a lactation professional, take the time to ensure that you are receiving adequate stimulation to protect your milk supply. 

Have questions? Send me an email. I am here to help you reach your infant feeding goals! 

Email: info@wildflowerlactationllc.com
Web: www.wildflowerlactationllc.com 

#lactationconsultant #ibclc #blackibclc #infantfeeding #breastfeeding #pumpingmom #triplefeeding #combinationfeeding #latching #pumpassist #flanges #motherbaby",,,,,,
carlycashman3,9,0,2023-01-31T18:29:01.000Z,"As we near Stella’s birthday, my first thoughts are all she has done, how much she has grown, all she has accomplished and conquered….but I would like to take a small moment for US. Stella and I have accomplished almost a year of breastfeeding together. Now, I don’t see an ending point for us just yet, but a year was always my minimum goal. 

Anyone that knows us well, knows for nearly 2 months we struggled with breastfeeding 🤱🏽, from latching not going well, to not happening at all, to syringe feeding, engorgement, over supply, special nursing pillows, nipple shields, loads of help from The Nest….and of course the six appointments that brought me to a speech language pathologist that discovered Stella had three abnormal tongue, cheek, and lip ties. 😿 This made her whole life and wellbeing harder. 

After that revision, things improvised drastically. I was eagerly and joyfully feeding my now plump baby every 2-3 hours for the last almost year. Now we are about 4 hours apart but happy. 
The extreme work we both put in, the teamwork, all of it, was well worth the special bond we share. I’m so thankful for my breastfeeding journey so far. Every minute has been worth it. 

(I’m a crazy mom that records everything so)

Estimated minutes of breastfeeding: 
46,800 minutes 

Estimated hours of pumping: 
10,800 minutes 

All together about 960 hours that I recorded. Probably more than that…

Estimated amount of oz pumped:
Hard to say, some days were 10-22 ounces a day on top of feeding her 8-10 times too. 
I think I’ve pumped about 15 ounces on average and pumped every day for 8 months soooo about 3200-3600 ounces. 
(Planning to donate)

So grateful for this blessing God has given me to feed my daughter. I’ll always support any mamas choice on how they feed their babies but I will also take a moment to celebrate us and what we have done!

And huge thanks for my husband @robcashmancrespo  who has been super supportive, helpful, and needed in this whole process. Couldn’t do it without you! 

#breastfeeding #breastfeedingmom #breastfeedingjourney #breastfeedingmama #bfmom #pumpingmom #exclusivebreastfeeding #triplefeeding #breastfeedpumpbottlefeedrepeat",,,,,,
theomahababynest,9,0,2022-10-04T21:27:35.000Z,"One of the best parts of being a Doula is the creativity. How can we help you heal and recover from birth with easy-to-reach, nutrient dense food? How can we simplify your infant feeding plan to make your overwhelm decrease, and sleep increase? Are there ways we can help you bond with your baby that also boost your confidence as a new parent to a 6 day old? 

All of these questions are ones we get to answer all the time supporting families of one baby, or five!! 

While our calendar is close to booked for birth and postpartum support, it’s not too late to hire one of our amazing Doulas to add to your support team. It makes ALL of the difference 👣 🎉 

#doulas #omaha #birth #pregnancy #postpartum #motherhood #infant #lactation #doulasinomaha #fatherhood #babies #breastfeedingsupport #triplefeeding #babybottle #latch #sleep #overnight #protein #proteinballs #ournest #theomahababynest",,,,,,
helpwithfeeding,9,0,2022-09-19T00:37:00.000Z,"Just a quiet reminder on this warm Sunday night! 

#newmothers #bottlefeedingbaby #postpartum #refluxbaby #tonguetie #babyformula #bottlerefusal #triplefeeding #breastfeeding #pumping #feedingbaby #tonguetiebabies",,,,,,
followmysparkles,9,1,2022-03-04T11:33:17.000Z,"don't mind me holding my own BREASTMILK FILLED bottle at 16days old 🤱🍼 like my shirt says.....""I got it from my mama"" .....being I-N-D-E-P-E-N-D-E-N-T that is 🤣❤
#16daysold #newborn #breastfeeding #breastmilk #newmomlife #triplefeeding",,,,,,
this.motherhood.journey,9,3,2021-03-02T00:16:20.000Z,"Durning pregnancy, and even before pregnancy, I never even considered how much of a challenge breastfeeding can be. I have caught myself in multiple acts of jealousy in these last five weeks post birth. Jealous of the moms that can just ""whip out the boob"" and feed their baby. My breastfeeding journey with my daughter has been an ongoing struggle. I struggle with producing enough milk for Magnolia. It's something I have to put .uch effort in to. She also has a tongue tie and a very weak latch, making it difficult for her to transfer the milk from my breast to her mouth. She was losing weight and we were having a hard time getting her back to her birth weight in the first couple weeks. 

After seeing lactation consultant, whom we now have been seeing almost weekly, we came up with the plan to do triple feeds. Althouhh its been successful in helping her gain weight, putting her to the breast, then offering her a bottle, then pumping is extremely time consuming and not to mention exhausting & overwhelming. It's a daunting task when you think about it. My nipples were bleeding, scabbing and ever so sore but I decided to keep pushing on because I want my baby to consume my breastmilk for as long as my body is willing to produce it. 

My mind keeps asking, is this worth it? I answer yes & no. Yes, because my daughter is getting food that my amazing body is making just for her. That in itself is incredible. No, because all this time I spend worrying about my breasts and extracting milk from them, I could be spending that time snuggling with my baby girl. It's honestly a mindfuck.

We just have to remember that our worth is not measured by how many ounces we produce or how our babies are fed. I salute any mama out there that is feeding their babies. Whether its formula, exclusively breastfeeding, exclusively pumping, triple feeding or any other method- you all are rockstars. Our babies will love us no differently at the end of the day. 

#breastfeesing #babyfood #breastmilk #breastfeedingstruggles #triplefeeding #fedisbest #babygirl #daughter #formulafed #breastpumping #postpartum #5weekspostpartum #thismotherhoodjourney #mother #motherhood #breastfeedingjourney",,,,,,
mamahoodtruths,9,2,2020-09-17T06:40:46.000Z,"As promised here is my list of products that I used while I was triple feeding and a few pumping accessories that I swear by. Also including the three pumps that I’ve used and  pro/con list for each of them. ********************************
• my breast friend nursing pillow: it’s soft enough to keep your baby comfortable but firm enough to give you plenty of support while nursing. It also have a Velcro/clip strap that goes all the way around your waist so you don’t have to set it aside when you stand up and is great for cluster feeding. 

• mother love nipple ointment: works wonders on sore, chapped nipples and is safe for baby to ingest.

• nursing bras and tank tops: my favorite nursing bras I found on amazon and still use them today and most of my nursing tank tops come from motherhood maternity.

•hands-free pumping bra: my favs are the pink lansinoh hands free pumping bra and the black simple wishes pumping bra found on amazon both are very similar in style the only difference is that the simple wishes bra had an extra zip in panel in the front for an even closer fit.

• coconut oil: for use as lubrication for pumping and safe for baby to ingest. You can also use Lanolin or any other nipple ointment but I found that when it gets on your pump parts it’s a real pain to get it off. Coconut oil comes off pump parts easily with no residue. 

• lactalite clip on pump lights: a godsend for night pumping! It was so nice to be able to check the positioning of the flange or my milk flow without having to turn on the lights in the middle of the night. You can find them on amazon.

• Medela microwave sterilizer bags: super great for quick sterilization of pump parts, bottles and nipples.

• Medela breastmilk bags: For storing that liquid gold. I have tried every breastmilk bag out there and the Medela is the best by far. 

• Rolling cart (pictures): for hauling your pump and all of your supplies around, storing snacks, water bottle etc. I also kept extra onesies, burp cloths and pacifiers. 

Drop a comment with questions! #postpartum #triplefeeding #newbornstage #pregnancy #nursing #pumping #newmomlife",,,,,,
wanderluster_mom,9,1,2019-02-23T08:37:06.000Z,Night pumpings. 😴. #BreastMilk #SpectraBreastPump #SpectraS1 #MomsMilk #BreastPump #HumanMilk #BreastfeedingAndPumping #TripleFeeding #PreemieMama,,,,,,
adelaidelactation,9,1,2021-11-16T23:01:04.000Z,"It is common for women in the early days to find themselves triple feeding their newborn. 
Triple feeding is when baby breastfeeds, mum expresses milk after and then supplements the baby that expressed breastmilk via syringe or bottle.  Or in some instances formula may be used if mum's supply is still coming in.

This can be daunting for new families.

The idea is that 'stimulating' the breast intensely will encourage more milk and therefore boost baby's weight gains or flush jaundice levels out or help a newborn that cannot successfully get everything they need at the breast.

Having to do this requires much effort, is physically exhausting and prolongs feeding times. 

It is not a long term solution. 

If you are discharged from hospital with this type of plan, seek help quickly from an IBCLC to assess your situation.  An IBCLC will be able to offer alternatives, assess your feeding technique and offer solutions for you.

Get in touch with us today if this is what has been suggested for you.

*
*
*
*
*
#breastfeeding #supportnewmums #medicarerebates #postpartum #postpartumbody #postpartumjourney #skintoskin #mumsofadelaide #newborn #birthbumpandbeyond #birthsa #woman #adelaide #knowledge #empowered #fourthtrimester #postnatalmidwife #homevisits #adelaidemums #connection #normalisebreastfeeding #expressing #lowmilksupply #adelaidelactation #newmumsofadelaide #triplefeeding #notforever #exhausting",,,,,,
mothersjoylactation,9,4,2020-05-07T00:47:33.000Z,"Being a new mom is tough. When you are trying to breastfeed for the first time, it’s even tougher. I remember how difficult it was for me to wrap my head around all my issues breastfeeding. As a new mom, I encountered low milk supply due to milk transfer issues, tongue tie, supplementing, triple feeding, exclusively pumping every 2 hours, several IBCLC appointments, chiropractor, OT and two tongue tie revision surgeries. The problems seemed endless as if we don’t have enough to deal with as a new mom! You can definitely have emotional turmoil. As we get close to Mother’s Day here’s how you can really support the new mom in your life in those first couple of months postpartum:
.
- Listen to her, but don’t try to fix all her issues. Sometimes (most of the time) we just want to be heard, we want to vent without judgement as we share our emotions and struggles. .
.
- Make her life easier. This could mean cooking her a meal, helping her clean, sending her a care package, changing a diaper.
.
- Encourage her and tell her that she is resilient! You have no idea how a few words can empower someone who is so vulnerable. .
.
- If you see her be inpatient, angry or sad…let her be, for a moment. At times we need to exhibit our emotions as they come, raw and pure without fear of being criticized. Being a new mom is hard, remember that. .
.
- Help her discover her mama instinct! This is so important. As new moms we question our decision making so often, but there is something inside us all that helps us guide this new life we just birthed. Help her realize that her gut instinct means the best for her baby, and she should listen to it.
.
- Support her. Just be there. Hold her hand as she slowly and naturally becomes a Mother. Love her through this transition and watch her transform, you’ll be amazed. .
.
.
.
#newmom #mamabear #breastfeedingjourney #ibclc #lactationconsultant #breastfeedingmom #breastfeedingmama #triplefeeding #tonguetie #postpartum #mothersday",,,,,,
cathy_walker_ibclc,9,0,2019-04-07T23:56:02.000Z,#Triplefeeding #breastpumpbottle #breastfeeding #pumping #bottlefeeding #buildingmilksupply #breastmilk #breastfeedingchallenges,,,,,,
eszterboveibclc,8,0,2024-06-01T18:42:16.000Z,"As an #ibclc I see many many mothers who triple feed their babies.
Triple feeding, in case you don't know:
- direct breastfeeding as much as possible
- pumping breastmilk
- supplementing with formula or expressed milk 
all alongside each other. 

A REAL KILLER! Totally unsustainable for long periods of time. Hands up in the comments if you have triple fed and tell us how long. 
How did it/ does it feel? Does it feel like you have zero time to look after your own needs? Like you are drowning in washing and sterilising bottles, pumping and feeding and actually have no time to enjoy your baby? Like this is NOT what you signed up for?

I see you! You're not alone. 
I have worked with family after family where this type of feeding was getting the better of them and they cried out for help!

The confusion is real. How much milk do you give as a supplement? How long do you pump for? Do you have to sterilise after each feed? How long between weighing sessions? Is it safe to reduce top ups or are you risking baby's health? Is it OK to let baby sleep for longer periods of time? And the questions just go on and on...

It was really hard to put this post together because I feel like I am NOT helping at all. It is IMPOSSIBLE to write a one size fits all post about triple feeding. 
Every case is so very unique and individual. 

I will need to check baby's general health history, alongside the mother's. 
I will need to get some idea of baby's feeding patterns and efficiency at the breast/bottle.
I will need to watch your breastfeeding and bottle feeding technique. 
I will ask you how much you pump and how much formula you use daily. 
We will check your pump flange fit.
Your lifestyle, diet and mental health, medication etc etc.

Don't suffer alone. 
Reach out for skilled support!

 #ibclc #breastfeeding #lactationconsultant #infantfeeding #infantfeedingsupport #triplefeeding",,,,,,
motherhoodedition,8,0,2024-02-21T18:11:45.000Z,"Why I don’t recommend triple feeding.

Ultimately for most Moms it will end in burn out and studies show Moms who triple feed end breastfeeding early. 

Triple feeding can be a useful SHORT TERM tool if Mom has a lot of support at home. Most Moms who triple feed spend on average 45 minutes to 1 hour to complete the triple feed cycle. Can you imagine spending 8-12 hours a day on feeding!

 It’s a bandaid. Instead we should focus on the root cause of why Mom needs to triple feed. 

✨bad latch
✨Tension
✨Tongue tie
✨Perceived low supply

Always ask questions, get help, there are solutions! 

#TripleFeeding #breastfeeding #chestfeeding #lowmilksupply #newborn #firsttimemom #firsttimeparent #baby #doula #lactationcounselor #momlife #momsofinstagram",,,,,,
growing__paynes,8,0,2024-02-16T12:10:29.000Z,"A bit of @opry on the TV for our next feeding session. He's a country music fan. (That isn't the baby in the photo!)
We've had two feeds of spitting out after sucking from the bottles, but this last one has been more successful: 15ml EBM and 30ml F taken. Phew! 
#triplefeeding #feedingjourney #feedingstory",,,,,,
m.j.alleyy,8,2,2023-09-19T19:45:10.000Z,GiGi loves meeting new friendos 💖 also could be a similac Ad 💕 #combofeeding #triplefeeding #fedisbest,,,,,,
flow_lactation,8,0,2023-08-14T13:01:41.000Z,"#MamaHeartMonday here to remind you that the goal is progress, not perfection.

If you're facing challenges with feeding, or this stage of parenting isn't looking the way you had envisioned, know that we are celebrating every little step of progress you're making. 

You're doing a beautiful job of learning, and no one is expecting you to be an expert parent from the start. 
.
.
.
#CrozetMoms #CrozetFamily #CharlottesvilleMoms #CharlottesvilleFamily #CvilleBaby #InfantFeeding #TripleFeeding #NewbornLife #Matresence #NormalizeBreastfeedingSupport #NormalizeLactationSupport",,,,,,
atomheartmomma,8,0,2022-12-01T18:20:24.000Z,"Z turned 14 months a couple of days ago, which means I’ve pumped 86 hours in 14 months.

I predominantly breastfeed, but: 

~ pumping helped me increase my lower supply in the beginning. I power pumped 3x a day and triple fed (which meant every time I fed her, I gave her a bottle and pumped as well).

~ since she started eating solids vigorously and since I started cycling, pumping helps me maintain my supply.

now, I pump at night before bed for about 20-30 min (varies depending on whether there’s a letdown or not, which I never ever interrupt). it’s not fun, but it’s a must while breastfeeding! (especially if you want to store up a freezer stash—more on that another time).
🐮
🐮
🐮
#breastfeeding #breastfeedingmom #spectra #breastfeedingmama #spectrabreastpump #powerpumping #triplefeeding #breastmilk #breastmilkbaby #lactation #lactatingmom #breastfeedingmomma #breastfedbaby #breastfeedingjourney #momlife #momlifebelike #mommalife #momma #pumpthejam #motherpumper #parent #parenting #motherhood #dowhatyoulove #lovewhatyoudo #grateful #lowsupply #lowsupplymomma #lowsupplymom #chronicpain",,,,,,
midwifeshannon,8,0,2022-08-29T09:45:39.000Z,"19 long days into triple feeding with no potential end yet in sight. I am so drained but it’s one day at a time! 😭 I am grateful for a good milk supply that I have been able to once again protect until she is strong enough to fully nurse and that she tends to transfer 30-35mls at the breast pretty consistently when I do a weighted feed. 

However, it’s a tad stressful figuring out where to go with all this extra milk with two UK sized freezers, and a family of seven! I put all these milk bags in the freezer this morning that have accumulated the last 2.5 days… and the last picture shows what is already frozen and how it fits in the smaller freezer drawers! 

#sacredjourneymidwifery #midwifelife #thoughtsofamidwife #newbornlife #sweetbabygirl #postpartum #postpartumlife #fourthtrimester #momlife #triplefeeding #sotired #sendcoffee #breastfeeding #breastfeedinglife #breastmilk #fromtexastoscotland",,,,,,
taylorchinenere_ibclc,8,3,2022-08-14T18:52:35.000Z,"An assessment of breastfeeding quality and baby’s overall wellness should include more than a weight check and a sample of formula on your way out the door. Knowledge is power to advocate for yourself and your baby, and to access the support deserved to meet your breastfeeding goals.",,,,,,
breastfeeding.for.busymoms,8,1,2022-05-05T14:06:14.000Z,"There is nothing quite so horrible as going to your one-month pediatric check-up to find out that baby “isn’t gaining what we would like them to”. 

What does that even mean? Where do we go from here? You find yourself at a crossroads while simultaneously at peak exhaustion. You feel like your only two choices are a rigorous pumping schedule or supplementing with formula- or BOTH?! Also… what is the actual PROBLEM?! 

I love to catch these patients early, because we can often identify the underlying cause for slow weight gain and correct it. I’ve seen some babies turn around in as little as a week and get right back to on-demand breastfeeding. 

I’m here to say… don’t give up and don’t settle for bad/weird/nonsensical advice. We can make a feeding plan that works for you and your family, and I promise we won’t leave you hanging. 

You can book your appointment directly on the website from the link in bio. Some insurance accepted!

DM me if you have any questions 💜",,,,,,
sarahoakleylactation,8,5,2022-07-14T18:33:44.000Z,"Triple feeding (offering baby the breast, then topping up, then pumping) should be a temporary measure whilst latch issues, slow weight gain and low milk supply are addressed.
 
If you have been advised to triple feed this should be monitored and reviewed with you and your baby on a weekly basis. Seek advice from your Infant Feeding Team or an IBCLC if you have been left caught in the triple feeding trap.

#triplefeeding #breastfeedeeding #breastfeedingsupport #sarahoakleylactation #pumping #expressingmilk #expressedmilk #breastfed",,,,,,
latchingon.ie,8,0,2022-03-03T10:19:10.000Z,"We're BACK!!! After nearly 2 years, Abbeyfeale Breastfeeding Support Group is back!! We will have our first in-person group meeting on Wednesday the 9th March in our new venue in Fr Casey's GAA Clubhouse. 
Everyone is welcome, no matter what way you feed your baby. We want to support you. 
Also, if you are pregnant and wish to know more about breastfeeding, please come and join us. We love to share tips and help each other. 
See you there 😀

#breastfeedingsupportgroup #breastfeedingsupport #peersupportgroup #phnroleinbreastfeedingsupport #phnbreastfeedingsupportgroup #infantfeedingsolutions #combinationfeeding #triplefeeding #lactationconsultant",,,,,,
kindestmilk,8,0,2022-03-01T11:22:06.000Z,"#youtube video on triple feeding premieres this evening @6:30pm GMT

#triplefeeding#breastfeeding#pumping#supplementing#transitiontobreastfeeding#bottlefeeding#lowsupply#prematurity#combinationfeeding#maximisingbreastmilk",,,,,,
lactationhub,8,0,2022-02-10T15:00:14.000Z,"Let us help you, help your patients! 

We have the essentials to support your patient's or your own pumping journey.

Don't forget the pumping spray!
*Can you find the hiding emoji?*

#LactationHub #exclusivepumping #breastpump #combofeeding #backtowork #pumping #triplefeeding #pumpingsupplies #lactation #ibclc",,,,,,
lissadoulaservices,8,0,2021-10-08T00:26:03.000Z,"I've been having this conversation a lot with my clients lately so, I don't know who needs to hear this but here it goes: It's okay to not want to breastfeed your baby. 

Breastfeeding isn't for everyone and there's lots of reasons why. 

-You have anxiety and breastfeeding adds to that
-You don't like feeling like your body isn't your own or that you have to be on call all the time to feed
-You're going back into the workforce and it's too stressful or difficult to make time at work to pump
-You have low supply and it's stressful wondering if you're making enough
-You have too much supply and it's causing pain and issues like mastitis 
-Yoy don't have access to proper breastfeeding support
-Or you just plain don't want to

Whatever the reason is, you're allowed to not breastfeed and you're allowed to make a personal decision not to. Sometimes you have to put your own needs before your children's and that's okay. Your baby will be fine whether you feed them breast milk, formula, or both.  #doula #birthdoula #pregnancy #postpartum #doulalife #homebirth #childbirth #birth #baby #instapregnancy #breastfeeding #instabirth #coloradodoula #denverdoula #babies #newborn #doulasdothat #askadoula #formulafeeding #triplefeeding #fedisbest #parenting #newparents #chestfeeding",,,,,,
treehouse_essentials,8,2,2021-08-08T17:06:47.000Z,"If I could go back....

12 years ago, this month, I became a #nursingmomma for the first time! 💫

I was...
😳 Scared
😝Listening to the wrong people
❤️Oh, so in love with that little one...and all the ones that came after him

Today, I'm SO different! 💯

Lovely Ladies, the biggest piece of advice I can give 12 years later....just relax! ❤️

When I did, everything else came into perspective, and with time and experience came the wisdom for each #tinyhuman I was blessed to feed.

Are you currently #breastfeeding, #exclusivepumping, #triplefeeding, or #supplementing?...just know, you are doing great and sacrificial work! 💞

Follow me here for more #mominspo! 

#treehouseessentials #nicoleburch #megamotherhood #worldbreastfeedingweek #ebf #nicumom #nicugraduate #fedisbest #dreamfeed #exceptionalneedsmom
#childrenareablessing #momlifeisthebestlife #sahm #wahm #workingmom",,,,,,
flourishpediatrictherapy,8,1,2021-08-07T13:00:07.000Z,"""Triple feeding""....what is that?

Work and exhaustion, that's what it is.  Moms who have done it know the deal.

Triple feeding refers to a routine involving breastfeeding, pumping, then bottle feeding a baby.

It's recommended when there is an issue with milk supply or baby's weight gain/intake.

It should NEVER be a long term solution. 

It's labor, requires support around the mother, because her entire life will revolve around feeding.  Feeding newborns is intense when things are going well....add two steps to the routine, and the time it takes to feed exponentially increases.

It's effective....but there are a lot of ways to stabilize a breastfeeding situation.  If triple feeding is impossible for a family, there are other options. 

Seek skilled support by a lactation professional if you're having issues with supply or weight gain and have been advised to triple feed.  You should be given a plan to eventually STOP triple feeding.

#lactationsupport #ibclc #triplefeeding #lactationot #pediatricoccupationaltherapist",,,,,,
samfostermidwifelc,8,4,2021-01-25T02:19:47.000Z,"Repost from @lowsupplymom. My heart goes out to this beautiful Mum and thank her for sharing her story. For all those Mums out there in this situation, please reach out for support as this lovely Mum did especially from a knowledgeable IBCLC 🌸
•
“I’ve been super hesitant to post this photo. This was during one of the most difficult times of my life. Carl was a couple weeks old, 12% below his birth weight, and I was triple feeding (when you nurse, then immediately pump while bottle feeding supplement) 24 hours a day. I was probably getting a combined 3-4 hours of sleep. The IBCLC firm I’d worked with told me to provide 1oz supplement per feeding and prescribed a slew of supplements, telling me it would all work out. “If you want it, it will work.” A few days later he was 20% below birth weight and after 6 lab visits and a trip to the ER to monitor his rising bilirubin (breastfeeding jaundice) I was told in very clear terms that his supplement HAD to be adjusted. I felt worthless. I did everything right. How could it not have worked? 
I share this because I know this isn’t just my story. The heartbreak you feel when you do everything you can and are powerless to alter your condition is so real. It’s visceral. It’s a feeling of complete inadequacy. It’s something to grieve and it’s okay to be disappointed. In that moment I felt more alone than I’ve ever felt, and more than anything I felt I had failed my son.
I look back at this photo now and see a mother who loved her baby, and I want to tell her that it’s not her fault. There was nothing that could’ve changed her condition and I want her to know how sorry I am that there was so much pressure put on her. She shouldn’t have ever gone through that alone. I look at my son and I want to wrap my arms around him and tell him I’m sorry that the medical providers responsible for his care didn’t give him what he deserved. I want him to know he deserved better. We deserved better.”
-
 #bubsandmilk  #samfosterbubsandmilk  #lactationconsultant  #lactation  #breastfeeding  #baby #lowsupply #lowsupplymom #triplefeeding #igt #sns #supplementalnursingsystem #supplementfeeds #expressing",,,,,,
lidyaholiwono,8,2,2020-09-05T04:30:19.000Z,"Asip tak perlu slalu di panaskan..
#Repost @kellyibclc
• • • • • •
Hey Pumpers!! Want to save some time?  You don't have to warm up the bottle every time you give breastmilk!  It is just as good for them when it's cold. ⁠
⁠
If your baby is use to it being warmed up and rejects the cold, you may have to do a gradual change. ⁠
⁠
If the milk has been in the refrigerator for a few days, it may need to be heated just enough to mix in the fats.⁠
⁠
ADDED BONUS - If you are also feeding at the breast, having the bottle milk cold, makes the milk straight from the source that much more appealing, leading to less bottle preference. ⁠
⁠
If you are an exclusive pumper, I suggest getting them use to a range of temperatures, so when you need to (like when you are out and about) you can serve cold milk, but when your home and want more comfort out of the milk, you can serve it warm. ⁠
⁠
Times when it's a good idea to warm it up. ⁠
- Sleep time - they will go to sleep easier with warm milk⁠
- If they are sick - just like you, warm liquids when sick feel better.⁠
⁠
#breastmilk #breastfeeding #pumping #pumpingtip #pumpingmom #ibclc #breastfeedingtip #lactation #lactationconsultant #normalizebreastfeeding #bottles #bottlefeeding #warmmilk #postpartum #pregnancy #postpartumplan #triplefeeding #breastpump⁠ #asi #menyusui #pejuangasi",,,,,,
sweetlifewithronin,7,2,2024-08-29T16:43:13.000Z,"hi! 👋🏻 my name is sierra, I’m a first time mom, and so far I have loved every moment of my pregnancy, birth, and postpartum (except triple feeding 😅). hoping to show my less-than-carefully crafted life with my sweet baby that has brought me so much joy! no schedules, no lists, just some basic knowledge & the idea that going with the flow might just be a lifesaver! #firsttimemom #modernmom #firsttimemommy #firsttimemama #postpartum #pp #4monthspp #4monthspostpartum #90smom #90skid #triplefeeding  #gowiththeflow #parenting",,,,,,
samfostermidwifelc,7,1,2024-01-16T21:45:10.000Z,"Repost with permission from @nourishtonurturenutrition ✨

Thankfully awareness of non-IgE allergies is becoming more common-which means more parents are getting the support they need to manage them. This type of allergy can be hard to diagnose and manage especially in little bubs.

Unfortunately, we do have the highest rates of food allergy in Australia with 1 in 10 infants having a food allergy. 

The really tricky thing is that a lot of the symptoms we see in non-IgE allergy are also similar to “normal newborn fusiness” and the spectrum of what is “normal” for baby poo can also make it confusing for parents. 

I have lost count of the number of parents I have seen that were told that their baby was just “purple crying” and that it was usual behaviour to be crying all day and night. That as long as they are gaining weight gain “it’s okay”…..Yes- some babies are more unsettled as they find their way in the world (it is a lot to get use to!) but if you also see this alongside other symptoms we have flagged I would really suggest you look into support to explore food allergy or intolerance. 

Lastly- even if it isn’t an underlying medical condition causing your little one to be more unhappy this doesn’t mean you don’t need or deserve support. Babies need us deeply and some babies need a lot more support than others. This in turn means we need to be supporting these parents more. So no matter the “why” behind “why” you’re having a hard time- ask for help and support. Find a GP that listens and gets to know your family. See your Maternal Child Health Nurse and ask what supports are available. Talk to a lactation consultant if breastfeeding isn’t feeling right. Chat to a dietitian if you think food is an issue before you start cutting anything out. 

*not all symptoms here will be present or in the same degree. This is not an exclusive list. 

#allergy #allergymom #allergymum #allergybaby #cmpa #cmpi #dairyfree #soyfree #eggfree #foodintolerance #colic #colicbaby #purplecrying #sleepcycle #gentleparenting #sleeptraining #startingsolids #blw #babyledweaning #breastfeed #breastfeedingmama #pumpingmom #triplefeeding #lactation #foodintolerance #dietitian #babydietitian",,,,,,
nurtured_mamas_llc,7,1,2023-11-18T01:30:22.000Z,"Feel like there is too much against you to make breastfeeding work?

I get it. I had the same experience with my first two babies. Painful nipple trauma, slow weight gain, fear of low milk volume, triple feeding, ""tongue tie"", endless tears, stress, no sleep, and MUCH shorter breastfeeding journeys than I wanted.

I wish I would have found The Thompson Method sooner, because my breastfeeding journey with my third baby was the complete opposite, and lasted over 2 YEARS!

Because of it, I gained a deep understanding of why my previous breastfeeding experiences were unsuccesful, and was inspired to become a Thompson Method Practitioner- so I can offer personalized breastfeeding guidance and support to mothers who are at their wits' end- BEFORE they give up!

Do you want to reclaim control of your breastfeeding journey? 

I have a few openings left for 1:1 personalized breastfeeding consults in November, and am taking bookings now. DM to secure your spot. They go quickly! 💕

#painfulbreastfeeding #painfulbreastfeedingisnotnormal #nipplepain #nippletrauma #lowmilksupply #lowmilkvolume #triplefeeding #powerpumping #pumping #tonguetie #liptie #breastfeedingchallenges #breastfeeding #gentlebreastfeeding #painfreebreastfeeding #breastfeedingrescue #breastfeedingconsult #breastfeedingsupport #trustyourmaternalinstincts #thethompsonmethod #thompsonmethodusa #thompsonmethodpractitioner #nurturedmamas #nurturedmamasllc",,,,,,
flow_lactation,7,1,2023-03-31T13:01:31.000Z,"Two words: TRIPLE FEEDING

IYKYK

Professional scale rentals are finally available in Charlottesville!  Weighing baby with this sensitive scale before and after latching can be a powerful tool in ending triple feedings and the slippery slope of supplements. 

Rental includes doorstep delivery and pick up within the Flow Lactation service area. It doesn't get much easier to make an evidence-based feeding plan! Complete the Rental Request Form online.
.
.
.
#CrozetMoms #CrozetFamily #CvilleMoms #CvilleFamily #CharlottesvilleBaby #TripleFeeding #Pediatrics #GrowthPercentiles #BabysGottaEat #GrowBabyGrow",,,,,,
ros_mcfadden_ibclc,7,0,2023-01-27T13:28:21.000Z,"Happy World Breast Pumping Day 2023

Shout out to all you pumping Mummas and know every drop is to be celebrated.

This little bit of silicon is a major part of my tool box as an IBCLC but I recommend with caution. If you are struggling with over supply just use it to collect but don't actually fit it as it will increase stimulation and therefor supply.

If on the other hand you are looking for an easy way to reduce the time you are pumping this can be a great answer.

#WBPD2023
#triplefeeding
#pumping
#expressedbreastmilk",,,,,,
midwifeshannon,7,2,2022-08-22T12:21:18.000Z,"I have never been so exhausted in the early postpartum weeks as I have felt this time around as getting adequate rest is a bit of a challenge between triple feeding and with three under four, and an especially lovely four year old! The house is silent at the moment with Cullen down to nap and Gideon walked Aibhlinn to the playground…. And I may or may not have drank this entire cafetière of coffee for a midday pick me up. 

#sacredjourneymidwifery #midwifelife #thoughtsofamidwife #fourthtrimester #triplefeeding #breastfeedinglife #breastfeeding #postpartum #postpartumlife #bringonthecoffee #sweetbabygirl #sotiny #momlife #mothersmilk #scotland #scotlandlife #fromtexastoscotland #bringonthecoffee #drinkallthecoffee #postpartumexhaustion #momtired",,,,,,
midwifeshannon,7,0,2022-08-19T10:44:13.000Z,"The human body is incredible when you think about the design… how it adapts and works to birth a baby… how it not only makes milk to feed a baby, but that it adapts and makes the most perfect milk that your baby needs. I have been amazed at how white, thick, creamy my milk has been since it came in… and makes me think it’s got to be pretty calorie rich, knowing that our little one needs to put on the weight. Breast milk is really incredible! 

#sacredjourneymidwifery #midwifelife #thoughtsofamidwife #postpartumlife #postpartum #breastfeeding #breastfeedinglife #breastmilk #growbabygrow #newbornlife #sweetbabygirl #birthismiraculous #breastmilkmagic #triplefeeding",,,,,,
sleepoffaith,7,0,2022-09-06T23:31:04.000Z,"Don’t get me wrong, some of these things are absolute game changers. They save breastfeeding and sanity. 

But the problem lies in using them without investigating why it is needed. 

We are getting so good at treating symptoms these days. Baby can’t latch, try a nipple shield. Got a low supply, feed, pump and top up. Baby is gassy, try some herbal mix. Baby doesn’t sleep, try sleep training

But why can’t the baby latch? Why is the supply low? Why is baby gassy? Why isn’t the baby sleeping?

Treating the symptoms and not the root cause just masks a problem. There is a good chance that the thing causing that problem is probably causing other problems too. 

Wouldn’t it make the most sense to treat the problem at the source whilst managing symptoms?

That is exactly what I do!

To be perfectly honest with you, you will struggle to find someone to help with the root cause of poor sleep. The majority of sleep consultants and GP don’t actually have an understand of what it takes to improve issues that cause sleep disturbances. 

Part of what I do is give you the knowledge and the power to advocate for your child, using up to date science.

#sleepoffaith #rootcause #wellness #nippleshield #triplefeeding #pumping #breastfeeding #pumpingmums #reflux #refluxmedication #sleeptraining #nosleeptraining #nosleeptrainingneeded #sleepcoach #holistic #qualitymatters #mumsofperth #mumsofmelbourne #supportingmums #mumsofaustralia #sleepstruggles #sleepexpert #sleepadvice #sleepproblems #newborn #mumsofsydney #catnaps",,,,,,
thedoulainyourcorner,7,4,2021-04-23T20:58:23.000Z,"Well that was fun! Chatting about breastfeeding in pregnancy and tandem feeding with Steph @taboo_bie 

This has been a brilliant three days of great names coming together to do mini talks about breastfeeding and combi feeding with cmpa, twins, aversion, mental health, creating support network and all with tons of support for the families that deserve it. 

Please join the Facebook group 'mixed up feeding support' for peer support and trained infant feeding support where needed :) 

#banbury
#MixedUp 
#CombinationFeeding 
#TripleFeeding",,,,,,
parentlings,7,1,2021-03-26T15:56:35.000Z,"Just sayin 🤣🤣🤣
.
.
.
.
.
.

#breastfeeding #breastfeedingblogger #breastfeedingproblems #breastfeedingprobs #ttcwarrior #lactationcookies #firsttimemomtobe #firsttimemomover40 #firsttimemomproblems

latchtrainers

#ohheymama #littleloves #postpartumaxiety #

#firsttimemomtobe #firsttimemomproblems #letthembe #letthembelittle❤️ #engorgement #exclusivepumper",,,,,,
parentlings,7,1,2021-03-29T01:02:07.000Z,"Well... sometimes it can work out like that. Many times a deeper latch will make a world of difference😉
.
.
.
.
.
.
.
.
.
.

#breastfeeding #breastfeedingblogger #breastfeedingproblems #breastfeedingprobs #lactationcookies #firsttimemomtobe #firsttimemomover40 #firsttimemomproblems
#ohheymama #littleloves",,,,,,
breastfeedingbebe,7,1,2020-12-03T20:15:56.000Z,"Nope, it doesn’t mean going back for third helpings of tiramisu. (Though I highly recommend doing so, if you have tiramisu around...)

It *does* mean this, usually in this order:

1. Feeding your baby at the breast
2. “Feeding” your pump by expressing breastmilk with a breast pump or hand expression 
3. Feeding your baby the aforementioned expressed milk — usually via bottle

Triple feeding is often recommended to parents of babies with possible oral restrictions (tongue, lip, cheek ties) as a way to help make sure baby is getting fed. 

For us, it was an excruciating process and nearly broke me. The entire process took about 1.5 hours from start to finish (20 min painful breastfeeding, 30 min pumping, 20 min bottle feeding with diaper changes throughout) — and by then it was nearly time to start all over again with our hungry newborn. 

We saw a stellar IBCLC (heyyy @ashleybenzibclc) who recommended SNS feeding to help cut our feeding time in half. This meant we used a tube to feed our gal expressed milk AT the breast and THEN pumped for the next feed. The time saved was a lifesaver — I was finally able to sleep for more than 20 minutes! 

There’s a lot of controversy over whether triple feeding is necessary for babies with ties. I can’t speak to that — but I can say it was the hardest thing I’ve ever done. We triple fed for nearly two months. I wouldn’t have made it through without support from an IBCLC, my fella, and our doula @theandrewaugust. Support is VITAL. 

Did you end up triple feeding your bébé? How did it go for you? 

#breastfeedingbebe #breastfeeding #breastfeedingsupport #tonguetie #triplefeeding #nomnomnom #ibclc #ibclcsupport #doulasupport #postpartumsupport",,,,,,
maternalandinfantwellbeingmelb,7,0,2019-11-06T23:53:02.000Z,"What you need to know about triple feeding:
Triple feeding involves feeding your baby at the breast,  topping the baby up with expressed milk or formula,  then pumping.  It's a technique aimed at increasing mum's supply and getting more nutrition into bub to help with weight gains.  Sounds great,  right? The problem is,  when a newborn feeds for up to an hour, up to 12 times a day,  this means mum never leaves the couch! It's physically and emotionally exhausting and while it can be extremely effective, it's meant to be a short term solution.  I generally recommend no longer than 2-3 days. There are many ways to improve supply and promote weight gain in infants that also protect maternal wellbeing.  If you're considering triple feeding I would highly recommend a consultation with a breastfeeding specialist to ensure that you and your baby get the best possible start to breastfeeding. #triplefeeding #increasingsupply #breastmilksupply # infantweightgain #maternalwellbeing #ibclc #gplactationconsultant #miwm #dramberhart #breastfeedingmedicine",,,,,,
dearmomstherapy,6,1,2024-07-22T21:00:45.000Z,"What is a flange!? A flange, AKA a breast shield, is a key component to a breast pump. It is the part that fits directly over the nipple and areola. When the pump is activated, the flange helps to create a vacuum seal that mimics the baby’s sucking motion, facilitating the extraction of milk. Flanges come in many sizes to fit different nipple sizes and shapes, ensuring comfort and effective milk expression. Many pumps come with a standard size of 24 mm but guess what!! That is not the size most women will use. Average flange size is in the range of 13 mm to 19 mm! Using the wrong flange size can cause pain and inefficient milk collection. Proper fit is essential to prevent discomfort and maximize that milk output! To find more information on flange fit guidelines, check out https://www.babiesincommon.com/flange-fits-guide",,,,,,
lifeofalouise,6,1,2024-05-17T15:07:06.000Z,"2 weeks vs 8 months and 2 weeks 💖 

There were many days I didn't think we'd make it to here!

I sat next to a 3 week old today, and her brave mummy, at our @la.leche.league and remembered the sleepy early days. 

Desperately trying to wake her for feeds 
Driving to a support group 2 weeks postnatally when I'd have done with resting, for her to sleep all the way through 
2 days later going to LLL and the leader coming the very next day to help us out
The daily, then weekly weigh ins 
The pumping 
The hospital admissions
The prescription top ups 
The follow ups 
The clothes not being her age 

And today it was so lovely to see her rolling around and to share that we are not under paeds and be off the top ups, finally. That was the main reason I was able to carry on, from those hazy days of feeling like rubbish, to being able to sit with the tiny newborns today and tell them it can and does get better. With time, the right support and bucket loads of determination. She's teaching me all the time. 💖",,,,,,
wovenpediatrics,6,0,2024-09-29T06:00:05.000Z,"Triple Feeding. *big sigh*

Lots of dyads present to Woven Pediatrics on a Triple Feeding schedule: nurse, pump, bottle. (Top picture.) Nobody likes it. Nobody wanted to do it this way. And it is not necessary in almost all circumstances.

There are lots of ways to change up Triple Feeding to get baby fed better, increase supply and help baby's dynamics at the breast. (Maybe the bottom picture!?!)

If you are triple feeding, you need a lactation medicine consult at Woven Pediatrics.

#triplefeeding 
#denvermom",,,,,,
madeofgoldlactation,6,3,2024-08-30T11:19:54.000Z,"Paced bottle feeding is a technique designed to mimic the natural rhythm of breastfeeding. It involves feeding the baby in a more controlled and slower manner, allowing them to drink at their own pace, similar to how they would nurse at the breast. This method helps prevent overfeeding and encourages the baby to self-regulate their milk intake.

👶🏼Positioning: The baby is held in an upright position rather than lying flat. This helps them control the flow of milk more effectively.
 🍼Bottle Angle: The bottle is held horizontally, which slows down the flow of milk. The nipple is filled only halfway with milk, so the baby has to actively suck to draw out the milk.
🐌Pauses: Regular breaks are taken during the feeding to allow the baby to catch their breath, swallow, and decide if they want more milk. This mimics the natural pauses that occur during breastfeeding.

Why should you Pace Bottle feed:
1. Prevents Overfeeding: Babies have small stomachs and can easily be overfed if the milk flow is too fast. Paced feeding allows them to eat until they are satisfied, reducing the risk of overeating and discomfort.
2. Supports Breastfeeding: For breastfed babies who also take bottles, this method helps them transition more easily between breast and bottle. It maintains a feeding pace similar to breastfeeding.
3. Reduces Gas and Reflux: The slower feeding pace can minimize the amount of air a baby swallows, reducing the risk of gas, spit-up, and reflux.

💛Paced bottle feeding is a beneficial approach for all babies, whether they are exclusively bottle-fed, combination fed, or transitioning between different feeding methods. It supports their physical and emotional well-being by allowing them to eat at a pace that suits their individual needs.

#pacedbottlefeeding #pacedbottlefeedingtechnique #bottlefeeding #combofeeding #breastfeedingmom #triplefeeding #breastfeedingtips #bottlefeedingtips #firsttimemom #baby #mom #momlife #ibclc #viral",,,,,,
lowsupplylottaheart,6,0,2024-03-05T22:37:12.000Z,"Triple feeding can be an effective way to help preserve breast milk supply if there are any transfer issues such as lip tie, tongue tie, or latch difficulties. It may be preferable to first nurse then pump and use that pumped milk to bottle feed baby. If baby isn't one to wait after nursing for you to pump then you can switch up the order.

We also use triple feeding as a tool to try and up milk supply. People may see an increase after trialing for a week or so. I prefer to nurse, bottlefeed, then pump so that baby doesn't get impatient or to nurse then bottle feed while I pump to cut the time down.

Try to keep the time between the end of your nursing session to the start of your pumping session under 15 minutes; the body will then register it as one milk removal and as a signal to hopefully produce more from that feed. If longer it will register more like an additional removal- which can also have its benefits- but isn't as closely aligned with the triple feeding goal.

Triple feeding is temporary. We are either using it as a protective measure until we are able to transfer milk effectively while nursing or are trying to up supply. If using it to up production and you see an increase then you have your increase; baby can remove the additional milk and you can stop. If you see no increase then there's no need to continue. While triple feeding can be useful, breastfeeding should be sustainable. Triple feeding is an option- not a necessity- even with low supply or transfer difficulties. You know what works best for you and baby.

#lowsupplylottaheart #lowmilksupply #triplefeed #triplefeeding #liptie #tonguetie #latch",,,,,,
growing__paynes,6,0,2024-02-16T03:52:14.000Z,"The night time #triplefeeding tray has been reinstated. I'm glad in our new house it only has to go up and down one flight of stairs! 
#feedingstory #feedingjourney @elvie  #elviepump",,,,,,
caradoulasupport,6,0,2023-10-03T14:58:28.000Z,"Happy National Breastfeeding Week! The statistics for the number of mothers who breastfeed on leaving the hospital show that this is almost halved from the number who initiate breastfeeding. Triple feeding is a reality for many new mothers leaving the hospital, who have been thrust into this new world of cycling between breastfeeding, pumping, supplementing, either with expressed milk and/or commercial milk formula and then hopefully getting a little bit of sleep before starting all over again. This method is designed to keep the baby nourished while hopefully also building your supply at the beginning. This is not a sustainable method for a long period of time and you should definitely check in with a lactation consultant or other health professional if needed.

For many combination feeding is a good choice and they are very happy to continue with supplementing. For others who would like to reduce the amount of supplementation the baby receives and move more towards breastfeeding this is entirely possible and there are many innate reflexes that babies are born with that you can take advantage of to increase your chance of reaching a breastfeeding goal. 

Have you had experience with triple feeding? Let me know what your experience was like in the comments below!

The latest blog is now available to view on my website - the link is in my bio. 

https://www.caradoulasupport.ie/post/harnessing-your-newborn-s-innate-reflexes-to-increase-breastfeeding-and-reduce-supplementation

#newblogpost #nationalbreastfeedingweek #postpartumdoula #postpartumsupport #breastfeedingsupport #triplefeeding #biologicalnurturing",,,,,,
jennycharlesibclc,6,2,2024-01-19T21:13:06.000Z,"Sometimes parents find themselves triple feeding – feeding baby at the breast, offering a top-up of either expressed milk or formula and then pumping. If you have ever done this, then hats off to you; it’s ridiculously hard work!

Triple feeding can be suggested when a baby hasn’t gained sufficient weight. The idea is sound – you feed baby at the breast but then give them a little extra to boost their weight gain while pumping to increase or maintain your milk supply.
 
But the reality can be very challenging. We know that breastfed babies feed very regularly in the early weeks and so parents can find that by the time they’ve completed all three steps, it’s time to start over again. This can very quickly become overwhelming!

The good news is that triple feeding is meant to be a temporary strategy, and it is usually entirely possible to get to the point where top-ups and pumping sessions are slowly decreased to the point where they are no longer needed. 

There are some tips that can help while triple feeding:
• Getting someone else to give the top-up can mean that you can get on with pumping immediately after the feed at the breast. 
• If this isn’t possible then a hands-free pumping bra can allow you to feed baby their top-up while you pump. 
• Giving the top up at the breast using an at-breast supplementer may also be an option to combine two of the jobs
• Sometimes you may end up missing a pumping session – this is ok. Occasionally something has to give, and a little break can be the thing that keeps you going for the next day or two. 

However, my biggest tip, if you find yourself triple feeding is to seek out some specialist breastfeeding support. Slow weight gain is often due to ineffective milk transfer at the breast and so getting an IBCLC to do a full feeding assessment and support you to make changes is wise. If an ineffective latch isn’t the cause of the insufficient weight gain, then an IBCLC would be able to explore other possible causes with you and work alongside you to create a plan for going forward.

#breastfeeding #breastfeedingsupport #breastmilk #humanmilk #triplefeeding #topups #pumping #expressing #lactationconsultant #ibclc",,,,,,
athomelactation,6,0,2023-10-05T17:00:52.000Z,"Triple feeding is a feeding pattern that is often needed the first few days if your baby is losing too much weight, having inadequate wets and poops, and/or you have a low milk supply.  3️⃣🍼

✨The pattern: Nurse a limited time, pump right afterwards for 5-10 minutes, and then offer extra milk to help your baby gain. 

👉🏻Is it hard? Very! But it should only be for a limited time. 

👉🏻The goal is to build mom’s supply while ensuring the baby is getting enough milk. 

👉🏻Finding a clinically skilled IBCLC is crucial to help you navigate your individual situation. Each nursing mommy/baby dyad is unique. 

Give me a call!! With over 38 years of Postpartum, Newborn, and Lactation experience, At Home Lactation is ready to work with you! 📞

Visit the link in my bio 👆🏻 to check your insurance and set up a consultation! 

#newbornbaby #newborn #triplefeeding #lactationeducation #ibclc #breastfeeding #breastfeedingsupport",,,,,,
innovationslactation,6,0,2023-08-12T18:53:40.000Z,"Triple feeding is a feeding technique often recommended by lactation consultants to support breastfeeding when there are challenges with milk supply or a baby's ability to effectively latch and extract milk.

Read more about it: innovationslc.com/blog/triple-feeding-your-infant

#triplefeeding #lactationsupport #tulsa #CLC #IBCLC #breastfeedinghelp #breastfeedingsupport #milksupply #breastmilk",,,,,,
cnbpool,6,0,2023-03-31T18:06:38.000Z,"3 months breastfeeding…. But not exclusively. Noah’s weight gain was still very low, the gp agreed that it needed watching, but a week later on the advice of @milk_matters we presented at a+e Noah seemed to be loosing interest in breastfeeding and would not take a bottle. A week and an NG tube later Noah could take a premature baby bottle and we were discharged as we now had the ability to supplement him at home, with whatever I could pump, and topping up with formula. The NHS were great in a crisis but not interested in identifying or treating the reason behind all this, which was clearly his tongue tie, but the NHS think not…
Tongue tie divided, breastfeeding improving, here we are … still breastfeeding but bottle feeding aswell. I am still coming to terms with this twist in our journey! #tonguetie #combinationfeeding #triplefeeding",,,,,,
dani_k2196,6,3,2022-09-22T00:23:51.000Z,"Producing breastmilk takes up about 30% of the body’s energy. Your brain, for comparison, only uses about 20%. 

You’re not doing nothing. 
This is why you’re so tired at the end of the day. 
This is why you’re so hungry and so thirsty. 

So, if all you did was feed your baby today, don’t let your mind convince you that you didn’t do enough. You did enough. You did amazing. 🤱",,,,,,
breastfeedingdoctor.uk,6,0,2022-11-22T20:52:33.000Z,"Testimonial Tuesday

#testimonialtuesday #lowmilksupply #pumping #pumpingmum #triplefeeding #mumslife #supermum #breastfeedingmedicine #ibclc #internationalboardcertifiedlactationconsultant #lcgb #doctify #doctifyuk #privatedoctor #breastfeeding #firsttimemum #firsttimeparents #breastfeedingmum #lactation #lactationconsultant #hampstead #hampsteadgardensuburb #virtualconsultation #breastfeedingdoctoruk #drsilbersteinclinic #5starreview",,,,,,
wildflowerlactation.llc,6,2,2022-08-11T23:35:55.000Z,"🌻Good Evening Wildflowers🌻

How has your week been? 

I know, I know, it’s been a week full of many adventures, duties, lessons and hard moments. 

Did you know that even in your time of hard work or hard moments of parenting that you don’t have to do it alone? 

Spread some love to each other in the comments on how you overcame a hurdle this week…

#motherhood #parenthood #lactationsupport #infantfeeding #nursing #triplefeeding #postpartumcare #breastfeeding #informedchoice  #nicu #hardparentingday #yourenotalone",,,,,,
dontfeeldistressedbyabreast,6,0,2022-03-20T20:22:25.000Z,#breastfeeding #triplefeeding #bottlefeeding #formulafeeding #expressing #expressingmilk #normalizebreastfeeding #breastmilk #breastfeed #postpartum #nursing #breastfed #breastpump #birth #pregnancy #firsttimemum #breastfeedinghelp #breastfeedingsupport #breastfeedingmama #lactation #lactationsupport #breastfeedingproblems #breastfeedingawareness #breastfeedingjourney #liquidgold #newbaby #breastfedbaby #breastfeedingeducation #breastfeedingproblem #breastfeedingmum,,,,,,
specialaddition,6,1,2021-10-22T16:45:22.000Z,Just arrived!  Bravado’s Original Pumping & Nursing Bra.  Available in Black and Heather Gray.  Full cup sizes also available.,,,,,,
cheshire_baby_support,6,0,2019-08-06T06:17:17.000Z,"From IGT and Low Milk Supply Page ‘A doctor would never say ""Some just can't"" to a patient with erectile dysfunction. Our health issues deserve more than a shoulder shrug too. ⁠
⁠
You can DEMAND more. ‘
⁠
We can support you through this frustrating process, join via our Screening Group: https://www.facebook.com/groups/IGTSG/

#lowmilksupplyawarenessday #igtandlowmilksupplysupportgroup #igtandlowmilksupply #igt #lowmilksupply #lowsupply #normalizebf #normalizebreastfeeding #worldbreastfeedingweek #atbreastsupplementation  #breastfeeding #bf #perceivedlowmilksupply #ibclc #bottlefeeding #donormilk #mixedfed #pacedbottlefeeding #lactaid #bottle #triplefeeding #breastfeedingproblems #breastfeeding #postpartum #breastpump #pumping #milkbank #lactationcookie #lactation #galactagogues",,,,,,
_kjohnsonscott,5,1,2024-04-02T13:26:20.000Z,"Hi mamas!! So happy you found my little corner of social media. This is a page I’ve created to empower moms through every step of motherhood, from muddling through the early days to mastering the journey. Offering support through personal anecdotes for breastfeeding, navigating the working mom/SAHM life (more on this later) and embracing the adventure of being a first-time mom. Join me and let’s create a community with tips, tricks, and wisdom to figure out and master the art of motherhood. 💖",,,,,,
alicialappinibclc,5,9,2023-01-23T12:17:32.000Z,"Triple feeding.... a wonderful way to boost supply or a torturous trap?

#breastfeeding #breastfeedingsupport #nippleripples #breastfeedingnorthernireland #Northernireland #bfni #peersupport #lactation #lactationcounsellor #positioningandattachment #chins #skintoskin #nosetonipple #parenthood #support #ibclc #lactationconsultant #liquidgold #liquidlove #vitamins #infantformula #marketing #nomilklikemumsmilk #top up #topuptrap #triplefeeding #expressbreastmilk #formula #formulamum #hardwork",,,,,,
loreleiludoula,5,3,2022-09-16T16:54:41.000Z,"Warning: about to make a bold statement.
You know all of those nipple creams and ointments you’ve been researching the ingredients for, stocking up on, and desperately trying in between feedings, fighting through tears, as the what can be a vicious cycle of excruciating pain and trying to keep your new baby at the breast ensues? Ya, I remember that too. Go throw them all away - All of em and get yourself a set of these guys. See the info below for more information straight from the source of savior, I promise you won’t be upset with the outcome. 

Silverette® are the original silver nursing cups designed to heal and protect nipples during the pregnancy and breastfeeding journey. Silver – a naturally antimicrobial, antifungal, and antibacterial metal – contains potent anti-inflammatory properties that can be used to heal and prevent cuts, cracks, soreness, wounds, and infections.

Thousands of moms, doctors, and obstetricians swear by Silverette®. The one-and-only FDA-registered silver nursing cups made in Italy by fully-licensed silversmiths, Silverette® are your best friend in the fight against painful, cracked nipples caused by nursing or pumping. Their patented anatomical design hugs your breasts’ natural shape, meaning maximum relief with zero bulk or discomfort.

Just like you, Silverette® cups are all-natural. Their secret is their pure 925 silver composition – no additional creams or lotions are necessary to make them work! They’re comfortable, easy to use, and last forever, no matter how many children you have. When you’re ready to retire your Silverette® cups, you can send them back to us, and we’ll turn them into a timeless silver charm you can cherish forever. #silverettecups #breastfeedingstruggles #triplefeeding #pumpingmom #pumpingmama #newmom #lactationsupport #postpartumdouoa #birthdoula #breastfeedingmama #breastfeedingjourney",,,,,,
taylorchinenere_ibclc,5,0,2022-11-07T15:58:37.000Z,"Finding answers to breastfeeding challenges can sometimes be complex, which is why individualized care and ongoing support is so important.
If you are struggling, first know that it’s not your fault. Secondly, find an IBCLC in your area or virtually who can help assess and make a plan for reaching your goals.
It’s never too late to turn things around 💕

#breastfeeding #newborn #newborncare #breastmilk #lactation #lactationconsultant #lactationsupport #lactationeducation #IBCLC #lowmilksupply#milksupply #breastmilksupply #triplefeeding #supplementing",,,,,,
milkbarlactation,5,0,2022-01-08T01:20:00.000Z,"We are entering into a ✨new era✨of breastfeeding

Breastfeeding rates are rising, and efforts to normalize breastfeeding are beginning to pay off. It's becoming more common and supported. 🙌🏻

It's time we redefine what the term “breastfeeding"" really means. Typically, when people ask if you're breastfeeding, they are referring to nursing at the breast. Is your baby getting breast milk in any form?

Ways to breastfeed a baby:
🤱🏼Nursing is breastfeeding.
👩🏼‍🍼Exclusively pumping is breastfeeding
👩🏼‍🍼Using donor milk is breastfeeding too.
🤱🏼Plus any combination of these.

💜Breastfeeding can look different for everyone, and there is no one right way to do it💜 

#breastfeeding #combofeeding #triplefeeding #exclusivepumping #ibclc #lactation #milksharingchallenge #donormilk #supportwomen #positivevibes #pumpingmom #breastfeedinginformation",,,,,,
thriveathomemum,5,1,2021-08-08T00:39:50.000Z,🤍metric adaptation🤍,,,,,,
milkdup,5,2,2021-04-05T14:03:41.000Z,"Meet baby Zachary 👶🏼 and my breastfeeding scale 💕⠀⠀⠀⠀⠀⠀⠀⠀⠀
⠀⠀⠀⠀⠀⠀⠀⠀⠀
Baby Zachary has been around for 15 years and was my daughter’s most prized possession as a toddler.  Now, he is the breastfeeding doll that I l use to teach latch and positioning. ⠀⠀⠀⠀⠀⠀⠀⠀⠀
⠀⠀⠀⠀⠀⠀⠀⠀⠀
How does a breastfeeding scale work?  Glad you asked.  I weigh a baby before and after feeding and can tell how much the baby is able to transfer from the breast.  It’s a great tool to help wean off the dreaded triple feeding plan (breast, bottle, pump, oh my!) ⠀⠀⠀⠀⠀⠀⠀⠀⠀
⠀⠀⠀⠀⠀⠀⠀⠀⠀
Did you triple feed your baby?  How long?",,,,,,
parentlings,5,1,2021-03-28T22:18:40.000Z,"#Mombrain is a real thing!
.
.
.
.

#firsttimemomtobe #firsttimemomproblems #letthembe #letthembelittle❤️ #engorgement #exclusivepumper #scarymommy #lactationcookies #milksupply #triplefeeding #newbornbaby #happyonemonth #nursingcovers",,,,,,
aftergloservices,5,0,2021-02-14T17:24:50.000Z,"Triple feeding is extremely time consuming. Here are some hacks to make it a little more manageable. An SNS at breast can also help in providing a medically necessary complimentary feeding

#triplefeeding #triplefeed #supplementalnursingsystem #haakaa #breastpump #breastfeedingafterreduction #pumpinghacks #breastfeedinghacks #afterglo_services #lowsupplystruggles #triplefeedingissoexhausting",,,,,,
thedoulainyourcorner,5,0,2021-02-03T16:22:12.000Z,"Combination feeding?
Formula feeding?
Expressing?
Direct breastfeeding?

If you triple feed, you're just incredible. It can be hard work, however you choose to feed your baby.

 @lucy.ruddle.ibclc  has a book coming
: Info for families who combination feed their children
: doulas and midwives and professionals who support families
: Guidance where there just isn't any to start from, and work out your family's needs

#MixedUp
#CombinationFeeding
#TripleFeeding
#InformedIsBest
#AversionSucks
#SupportIsBest",,,,,,
stephaniesublettmd,5,0,2022-09-27T18:33:27.000Z,"Posted @withrepost • @mbmilkdocs 

When your doctor says “see you in 2 weeks” then “see you in 6 weeks”, this is the bare minimum of follow ups if everything goes ok. If you have challenges you will need closer follow up. 

In pregnancy: 

✅ Ask your doctor or midwife what things in your personal history can make your postpartum/ breastfeeding experience challenging.

✅ Educate yourself in pregnancy about breastfeeding and caring for a newborn. 

✅ Know where help is before you need it. 

Did your reality match your expectation? Share with a pregnant or postpartum mama 💕

#pregnancy #prepareforbaby #breastfeeding #lactation #lactationsupport 
#gestationaldiabetes #preeclampsia #inductionoflabour #newbornweightloss #perinatalmentalhealth #pretermbaby #newborn #mom #dad #parent #triplefeeding #supportedisvital #normalizeaskingforhelp #askforhelp #ibclc #breastfeedingmedicine #familymedicine #obgyn #pediatrics",,,,,,
wovenpediatrics,4,0,2024-08-13T22:10:19.000Z,"With #lowmilksupply the recommendation is often the dreaded #triplefeeding - this. is. exhausting.

Woven Pediatrics offers medical evaluations for moms with low milk supply. Once we know what we know what is causing the low supply, we can consider other treatment avenues (that don't involve triple feeds...)

#denverbreastfeeding
#lactationmedicine 
#denverpediatrician 

#de",,,,,,
lllc100milehousewilliamslake,4,0,2024-01-27T04:34:32.000Z,"Reposted from @lalecheleaguecanada Many nursing parents have questions about supplementation. One method is by finishing at the breast.
~Offer a limited amount (less than a full feeding) of supplement with the bottle, then offer the breast. Your baby may be more patient and calm at the breast with some milk from the bottle in her belly at the beginning of the feeding.
~End the feeding at the breast. This will help your baby associate feeling full and content with breastfeeding, rather than bottle feeding. Think 'dessert at the breast'.
~Know that it may take several feedings to determine how much supplement to give by the bottle.

More information about supplementation and breastfeeding:
https://www.lllc.ca/how-protect-breastfeeding-while-supplementing
https://www.lllc.ca/triple-feeding

#LLLC #lalecheleaguecanada #dessert #breastfeeding #chestfeeding #supplementation #triplefeeding",,,,,,
betterbeginningsibclc,4,0,2023-09-27T16:15:53.000Z,"😍 I am just ticked for baby L and his mom. This week at the end of our appointment I said, 

""well, I don't think you need a follow up."" 
And Mom's smile was beaming. 😊

She initially made an appointment because she was determined to breastfeed after struggling with her first child and not reaching her goals. This time around, they were at 6 days and feeling sore, primarily bottle feeding, not pumping much and giving frequent bottles of formula. Mom knew they were headed down a path she had already traveled with her first child. 😫

Through several appointments we worked together on getting a more comfortable latch, using correct pump flange sizes and creating a reasonable pump schedule, and finding the right bottle for baby L. Over the next month, mom's milk production slowly increased and the need for formula decreased. 💪🏆 🎉Her confidence grew and so did baby. 

Last week, mom stopped pumping at all and feed her baby at the breast whenever he shows her any hunger cues. 🥰 She continues to supplement with a couple of bottles a day. At any point on this journey, she could have stopped and switched to formula. She was tired and had to work doubly hard for awhile. But now she has a nearly full milk supply and her baby is thriving. And mom is smiling. 

🤗As always, I appreciate the opportunity to be a little part of  of her success story. (Shout out to Dr.Logan for encouraging her to see an IBCLC) (also, she had $0 cost for these appointments in her home)

#ibclc
#breatfeeding
#triplefeeding
#lowmilksupply
#lactationconsultant",,,,,,
danithemidwife,4,0,2024-03-10T10:06:28.000Z,"Repost with permission @nourishtonurturenutrition 

Thankfully awareness of non-IgE allergies is becoming more common-which means more parents are getting the support they need to manage them. This type of allergy can be hard to diagnose and manage especially in little bubs.

Unfortunately, we do have the highest rates of food allergy in Australia with 1 in 10 infants having a food allergy.

The really tricky thing is that a lot of the symptoms we see in non-IgE allergy are also similar to “normal newborn fusiness” and the spectrum of what is “normal” for baby poo can also make it confusing for parents.

I have lost count of the number of parents I have seen that were told that their baby was just “purple crying” and that it was usual behaviour to be crying all day and night. That as long as they are gaining weight gain “it’s okay”…..Yes- some babies are more unsettled as they find their way in the world (it is a lot to get use to!) but if you also see this alongside other symptoms we have flagged I would really suggest you look into support to explore food allergy or intolerance.

Lastly- even if it isn’t an underlying medical condition causing your little one to be more unhappy this doesn’t mean you don’t need or deserve support. Babies need us deeply and some babies need a lot more support than others. This in turn means we need to be supporting these parents more. So no matter the “why” behind “why” you’re having a hard time- ask for help and support. Find a GP that listens and gets to know your family. See your Maternal Child Health Nurse and ask what supports are available. Talk to a lactation consultant if breastfeeding isn’t feeling right. Chat to a dietitian if you think food is an issue before you start cutting anything out.

*not all symptoms here will be present or in the same degree. This is not an exclusive list.

#allergy #allergymom #allergymum #allergybaby #cmpa #cmpi #dairyfree #soyfree #eggfree #foodintolerance #colic #colicbaby #purplecrying #sleepcycle #gentleparenting #sleeptraining #startingsolids #blw #babyledweaning #breastfeed #breastfeedingmama #pumpingmom #triplefeeding #lactation #foodintolerance #babynutrition #babydietitian",,,,,,
herasmilkyway,4,0,2023-05-06T20:53:54.000Z,"Now I do it many times a day, almost automatically, but there are certain moments that I’m amazed that I make food from my body. This life that I grew inside of me, who is now a fully functioning tiny human, can sustain her life with the food I create from my body. Body is a miracle. Now I know so much more if I go back to the advanced biology class I didn’t life so much would be so fun. 

Our feeding journey haven’t been the easiest for both of us and somehow I ended up with triple feeding (nursing, pumping, and bottle feeding). I’m doing my best to provide everything she can to grow and thrive. I don’t know it’s enough but I guess the time will tell? 🤷🏻‍♀️ 

An early morning thought from a family cow 🐄 🥛. Now off to get a couple more hours of sleep until the next scheduled milking session. 

#breastfeeding #breastmilk #breastpump #nursingmom #pumpingmom #triplefeeding #momlife #parenthood #motherhood",,,,,,
maternalmentalhealthwellbeing,4,0,2022-09-29T12:31:35.000Z,"https://fedisbest.org/2019/12/mothers-describe-their-triple-feeding-experiences-and-the-impact-it-had-on-their-mental-and-physical-health/

What is triple feeding? What is it for? And what are the risks to mum and baby? 

This article looks at this commonly prescribed practice, when a family are experiencing breastfeeding difficulties.

I personally was advised to triple feed after the birth of my son, who was born prematurely at 36 weeks. 10 days of triple feeding, brought me to the brink of sanity (I don't say that lightly). I have worked with many women who have done it much longer (weeks and even months, rather than days) and have needed support following the impact this has had. 

The article discusses how triple feeding should be closely monitored and not suggested for longer than 5-7 days at a time. 

There is a place for triple feeding, but it most certainly is not a one size fits all solution and the risks and benefits need to be carefully weighed up for each individual mother, baby and their families. 

@fedisbestfoundation

#triplefeeding #breastfeeding #infantfeedinggrief #formulafeeding #materalmentalhealth",,,,,,
thelactationdoula,4,0,2022-04-12T08:45:23.000Z,"Posted @withregram • @olivia_lactation_consultant Make your maternity bra a pumping bra •

Love a hack 😊

#momhack #mumhack #pumpinghack #pumpingbrahack #triplefeeding #breastpump #breastmilk #bottlefeeding #breastfeeding #ibclc #lactationconsultant",,,,,,
flow_lactation,4,0,2023-10-30T13:00:49.000Z,"Any time changes are made to baby's feeding plan, or if you have a baby who has been dropping on their percentiles (gaining slower than normal), it may be helpful to have a newborn scale at home.

Flow Lacation offers professional and standard newborn scale rentals by the month. Rental includes doorstep drop off and pick up. 

Professional scales are the same model we use in a consult, and are sensitive enough to tell you how much milk baby received at a nursing session.

Standard scales are excellent for daily or weekly weight checks between pediatric visits.
.
.
.
#InformedChoices #FeedtheBaby #DataIsHelpful #CharlottesvilleFamily #CrozetFamily #CharlottesvilleMom #CrozetMom #CvilleBaby #TripleFeeding #WeightedFeed #BackToBreast #LowSupply #Supplementing",,,,,,
babycare8975,4,0,2021-12-14T05:23:07.000Z,"This position for paced bottle feeding is great for babies under 3 months old.  Paced bottle feeding is important for those going back and forth between breast and bottle.  However, I find that sitting them upright doesn't work well for all babies, especially tinies because they don't have enough support for their bodies.  I find that sometimes when parents or caregivers are trying to sit up newborns to pace bottle feed, the newborn collapses in and then isn't in a good position to feed.  This solves that problem. 

Reasons to Pace Bottle Feed:
💧You can keep a baby from eating too quickly and overfeeding
💧Baby is able to regulate their suck, swallow, breath pattern without milk dripping in their mouth
💧Baby can regulate their own feed
💧You can pace the feed similar to the pace at the breast
💧Baby will not prefer bottle flow to the breast flow - especially when milk supply isn't huge.  Humans will always choose the path of least resistance and if it's way easier to drink from a bottle, they will choose it even if, in the end, easier does not mean better for them.

Other things to think about when pacing the feed.
🍼Hold the bottle horizontal
🍼Make sure their chin is not tucked down toward their chest
🍼If they are going back and forth between breast and bottle, don't give them milk right away.  Make them work for it.  Tip the bottle down a bit, so there is no milk in the nipple. They should suck suck suck for at least 10 seconds before they are rewarded with milk.  When at the breast, it typically takes at least that long to elicit a let down.  This makes it so they do not expect milk right away at breast and keeps frustrations at bay. 
🍼Take breaks throughout the feed by tipping the bottle slightly down.

#pacedfeeding #pacedbottlefeeding #bottlefeeding #breastfeeding #pumping #pumpingmama #pumpinglife #pumpingmom #breastfeedinglife #breastfeedingtips #pumpingtips #triplefeeds #triplefeeding #ibclc #lactationconsultant #lactation #liquidgold",,,,,,
avitaarista94,4,0,2021-07-29T05:16:08.000Z,"Hallo moms
Pernahkah Anda mendengar / menggunakan Alat bantu menyusui demi penuhi nutrisi Bayi  selain botol susu/dot.

Nah dalam video ini  alat bantu yang digunakan untuk menyusui demi penuhi nutrisi bayi dinamakan Supplemental Nursing System (SNS) atau Bantuan Laktasi? 

SNS menggunakan selang makanan tipis, dengan salah satu ujungnya menempel pada tutup botol silikon atau dicelupkan ke dalam botol susu formula  dan ujung lainnya dimasukkan ke dalam mulut bayi saat mereka menyusu dan selotip untuk menahan atau menempelkan selang ke kulit.

Cara kerja SNS  meniru payudara. Ini memungkinkan bayi untuk diberi susu tambahan tanpa harus menggunakan botol dan dapat sangat membantu dalam kasus pasokan ASI Kurang, penolakan payudara dan juga pilihan yang bagus untuk orang tua angkat
Beberapa manfaat menggunakan SNS untuk menyusui bayi dibandingkan menggunakan botol dengan dot yaitu:
☆Memungkinkan ibu menyusui ketika mereka tidak dapat melakukannya
☆Membantu merangsang supaya ASI Ibu melalui isapan langsung pada payudara
☆Melatih bayi untuk mengisap dengan benar
☆Mendukung bonding ibu dan bayi
☆Mendukung keterlibatan orang tua
☆Memungkinkan bayi angkat disusui lewat payudara.

Jika Anda kesulitan menyusui dan ingin tahu apakah menggunakan SNS tepat untuk Anda atau opsi mana yg terbaik untuk buah hati anda, hubungi provider anda. ⠀
Semoga informasi ini bisa berguna dan bermanfaat ya, Bunda.️Tag setiap orang tua baru atau yang mengharapkan untuk mengikuti dan mempelajari banyak tips dan info bagus tentang pemberian makan bayi baru lahir🤱🏽⠀

📽 @welcomebabies_lactation

#lactationaid #supplementalnursingsystem #triplefeeding #breastfeedingsupport #lactationconsultant #lactationsupport #lowmilksupply #lowsupply #supplyanddemand #breastrefusal #pumpingmom #newbornfeeding #adoptiveparents #adoptivemom #breastfeedingpositions #breastfeedingproblems #newmomlife #breastfeedingmama #breastfeedingmoms #breastfeedingtips #chestfeeding #mamaanudbaby #nursingmama #fourthtrimester #uniteinmotherhood⠀
#postpartumsupport #doulalife #honestmotherhood #momstruggles⠀",,,,,,
abg_pp_doula_training,4,0,2020-10-20T01:01:14.000Z,"As postpartum doulas and educators, we support families in feeding their babies in the ways that work best for their unique needs and circumstances. This article will address exclusive pumping, which is one method of feeding baby.⁠
⁠
There is a wide range of reasons that families may choose to feed baby by exclusive pumping. Some of these include the following:⁠
⁠
- Challenges with traditional breastfeeding such as pain, soreness, latch issues.⁠
- History of sexual abuse or other trauma that may be triggered by breast or chestfeeding.⁠
- Preference. Some parents don’t want to breast or chestfeed.⁠
- Surrogacy. Some surrogate parents will pump for the baby they birthed or will donate.⁠
⁠
Keep reading on the blog (link in bio) for 8 tips for navigating exclusive pumping.⁠
.⁠
.⁠
.⁠
#exclusivepumping #triplefeeding #doulatraining #postpartumdoula #postpartumsupport #postpartumdoulatraining #austinbabyguru #austinwellness #birthwork #birthworker #birthworkertraining #letsdoulathis #onlinedoulatraining",,,,,,
musingsofmaria.old,4,1,2019-01-23T03:04:11.000Z,"For the girls’ first 6-7 weeks, I was “triple feeding” around the clock. That meant that every 2-3 hours I would bring each baby to the breast, then bottle feed (w pumped milk or fortified milk or straight up formula), then pumping to 1) give them nursing “practice”, 2) give them nutrition, 3) trick my body into making enough milk for two babies, every 2 hours. I felt like I barely got to hold them and was terrified at the prospect of keeping up with this feeding routine on my own once both our mothers left and husband went back for work. I had many dark moments being tethered to the pump, scooping out formula, and having to give babies a bottle. I had to keep going, though, in hopes that one day the mania feedings would end. And they did. #breastfeedingtwins #nursingtwins #latepreterm #triplefeeding",,,,,,
amy_naturally_nurture,3,0,2024-05-03T11:18:07.000Z,"Breastfeeding is often portrayed as a natural and effortless bonding experience between mother and baby. However, for many parents, the reality can be far from easy. From latch issues to low milk supply, mastitis and triple feeding - breastfeeding difficulties can test one's resolve and patience. Yet, amidst the challenges, there exists a profound strength and determination that deserves recognition and celebration.

Parents who persevere through breastfeeding difficulties demonstrate an unparalleled commitment to the well-being of their child. They navigate the frustration and exhaustion with unwavering determination, refusing to let obstacles derail their breastfeeding journey. Their resilience is awe-inspiring, as they seek out support, educate themselves, and tirelessly advocate for their breastfeeding goals.

Their journey is marked by countless hours of research, consultations with lactation specialists, and endless trial and error. Yet, through it all, they remain steadfast in their belief in the importance of breastfeeding for both their baby's health and their bond.

Each feeding/pumping/bottle session is a testament to their strength and dedication, a reminder of the love that drives them to overcome any obstacle in their path. Their journey is not just about feeding their child; it's a testament to the power of parental love, resilience, and unwavering commitment.

To all those currently battling through breastfeeding difficulties, or have battled through them - your strength inspires us all. You are my heroes.

 #breastfeedingwarrior #strengthandcommitment #resilience #dedication #exclusivelypumping #triplefeeding #ibclc #baby",,,,,,
milkearlyparentingsupport,3,0,2024-01-16T05:34:34.000Z,"If you're having a hard time with breastfeeding, don't worry, you're not alone! It's common for new mamas to struggle with latching and need some extra help. One solution is to pump regularly and frequently, which is known as ""triple-feeding"" when paired with bottle feeding and breastfeeding. But here's the thing: triple-feeding is only a short-term fix, and many mums end up burning out and giving up on breastfeeding and pumping altogether.
That's where we come in! As Lactation Consultant IBCLCs, we provide the assistance you need to succeed in the long-term. We'll assess you and your baby's health background, perform examinations, and figure out the best strategy for you. If your baby breastfeeds well, we'll support your plan to exclusively breastfeed and teach you all the techniques and education you need to keep going. With at least one appointment (maybe two), you'll be back on track in no time. Don't hesitate to reach out to us via LINKTREE in our bio! #milkearlyparentingsupport #melbourneIBCLC #triplefeeding #pumping #breastfeeding #lactation",,,,,,
growing__paynes,3,0,2024-02-16T12:46:29.000Z,"Great speedy service from @medela_uk for renting this hospital grade pump for 2 weeks to get my supply up. 
#triplefeeding #pumping #feedingjourney #feedingstory",,,,,,
basilroadblog,3,0,2024-01-02T13:00:46.000Z,"I feel like I've mentioned triple feeding in quite a few posts and it's something that I thought deserved its own dedicated post given how many people I know who have been through it. So today I'm going to discuss what triple feeding is, why it might be suggested and what you need to be aware of.

For the full post head to the link in my bio.

#breastfeeding #chestfeeding #triplefeeding #expressing #pumping #formulafeeding #bottlefeeding #fourthtrimester #breastfedbaby #chestfedbaby #formula #infantformula #supplementing #topups",,,,,,
the.smart.doula,3,4,2024-01-13T22:53:59.000Z,"Finally got round to doing this! @lucywebberfeedingsupport_ibclc  parachuted in and saved our sanity, I will be forever grateful. I did loose pieces of my feeding relationship with Noah, it was tinged with anxiety. I feel lucky he remained happy to go between boob and bottle, but I certainly lost some of that booby magic, he often wants a bottle when he is tired and not boob as it is easier!  #breastfeeding #bottlefeeding #triplefeeding #pumpingmama #breastfeedingjourney #tonguetie #doula #ibclc",,,,,,
herasmilkyway,3,1,2023-05-19T21:46:46.000Z,"When taking care of a baby while triple feeding, I couldn’t care less of my appearance. But every now and then I just need to not feel like a house troll 🧌! I love mom-friendly brands like @hellopopsiclo for making it so easy. A comfortable, functioning, and cute outfit to wear while taking care of business 💕. 

#momlife #triplefeeding #breastfeeding",,,,,,
carolinasbreastchoice,3,0,2023-03-20T12:00:06.000Z,"Repost from @babysettler
•
Do you triple feed?

Many do when working to establish and increase milk supply. 

It's exhausting. The amount of time it takes, cleaning pump parts, and the overall stress of the situation can be too much to handle. It’s not sustainable.

If you are triple feeding, I hope you are reading this...
1. You're a rockstar🌟this journey is NOT easy.
2. You don't have to triple feed forever. There are other ways to increase your supply.
3. Feeding is not all or nothing. You can provide your baby with breastmilk AND formula in whatever ratios work best for you and baby.
4. You can (and SHOULD) get an IBCLC involved in your plan. They can evaluate the challenges that might be affecting your breastfeeding journey. Then, work with you to develop a long-term plan to reach your goals.

📲 If you're ready to have personalized support- use the link in our bio to book a consultation with one of our IBCLCs.

#triplefeeding #babysettler #settledbaby #breastfeeding #scdoulas #tegacaymoms #yorkcountysc #yorkcountymoms #doulas #breasttogo #rockhillsc #ibclc #clt #breastfeedingjourney #cltmoms #fortmillmoms #ncdoula #rockhillmoms #babysleep #babyphotography #babysleeptips #5s #babyinprogress #gentleparenting #newlymama #pregolife #instapregnant #babypictures #bottlefeeding #triplefeed",,,,,,
annelouiserussell,3,0,2022-10-19T12:35:54.000Z,"To all those triple feeding mamas out there, it gets easier. I was there this time a year ago and now my baby is playing with an old pump part I barely recognise x #triplefeeding #breastfeeding #lactation #infantfeeding #pumpingmamas #breastmilk",,,,,,
foxymomma_lactation,3,0,2022-09-09T18:55:04.000Z,"👉Let me tell you a little more about me...

This is a picture that I took of me and my new baby working on triple feeding. We triple fed in some form for over 2 months. 😮‍💨

Triple feeding = nursing at the breast, pumping, and then feeding baby expressed milk 

🤱🏻My daughter was unable to latch due to an anterior tongue tie and lip tie. This means she couldn't transfer milk well. I had to give her enough calories via spoon or bottle feeding for her to even have the energy to try and latch and suck enough milk out. Then I needed to figure out how to pump with a baby who was still hungry. It was exhausting. Feeding her/ expressing milk took at least an hour AT A TIME.... 🕗newborn babies feed every 2 hours. I literally did nothing but feed my baby and cry about how I didn't seem to have enough for her. 

👩‍🏫Now here's what I want you to learn from my experience. It wasn't that I couldn't make enough... it was that there was not an appropriate amount of demand being given to my breasts to tell them to make an adequate supply.

 Lack of demand ➕  extreme stress ➕ exhaustion 🟰 low supply

Once I was able to get my daughter latching with a better suck, transition off of the nipple shield and relax about how I was going to feed her BAM - I started to make enough milk! ✨

💕 If you're being told to supplement or if you're triple feeding... reach out to me! I know your struggle and I have become educated in all the ways to help. 

Let me be to you who I needed at that time!!!

#normalbreastmilkproduction #lowmilksupplyproblems #lowmilksupplysucks #lowmilkproduction #lowmilksupply #breastfeedingeducation #certifiedbreastfeedingspecialist #breastfeedingmama #breastfeedingtips #triplefeeding #supplyanddemandbreastfeeding #supplyanddemand",,,,,,
thenurturenook.nz,3,0,2022-08-28T22:00:48.000Z,"“If you’re seeing a newborn with excessive weight loss in the first week, one of the first things to check is whether the birthing parent had IV fluids during labour and delivery.

This extra fluid can pass through the placenta to the baby, leading to an artificially elevated birth weight.

This is harmless to the newborn, as they will naturally just wee it out over the next day or so, but it can cause the appearance of excess weight loss in the newborn when they’re weighed a few days later.

The subsequent concerns about inadequate milk intake usually result in the recommendation to give supplemental feeds +/- pump to increase supply. Hello, triple feeding. Hello, top-up trap!

In this situation, using the weight at 24 hours (after the diuresis has occurred but before any true weight loss will have happened) as the “birth weight” can give a better representation of how feeding is going (along with the usual markers of output eg wees and poos)”

📸🖊 Aotearoa Baby Clinic 

www.thenurturenook.co.nz 

#breastfeeding #newbornweightloss #triplefeeding",,,,,,
ourvillagecircle,3,0,2022-05-03T21:34:12.000Z,"The disappearing act... 💨

A part of many new parents' journey - and often the moment is imperceptible - when suddenly life becomes about the baby... even in our loved ones' eyes.

Do you remember when that was for you?

Here at Our Village Circle, we see you.  This space is for you.

Full conversation with Jennifer Silliman, producer of @ppdfilm on our latest podcast episode - link in bio! ✨

#OurVillageCircle #OurVillageCirclePodcast #DarkSideOfTheFullMoon #PPDFilm #PPDStory #PMADAwareness #2weeksPostpartum #InTheThickOfIt #Breastfeeding #FormulaFeeding #37weeksPregnant #DisappearingAct #Poof #AllAboutBaby #HoldingSpace #PPDAwareness #PostpartumOCD #PostpartumPTSD #Misdiagnosis #Induction #Preeclampsia #TripleFeeding #BarefootAndPregnant #WeHearYou #WeSeeYou #NICUjourney #Preemie #PlacentaPrevia #EmergencyCesarean #CesareanAwareness",,,,,,
growpilates,3,0,2022-08-02T00:36:41.000Z,"With it being World Breastfeeding Week (#wbw2022), some tips on looking after your back and neck while feeding seemed appropriate. 

However you feed - breast, bottle, expressing, or any combination of these - it’s just as important to look after your body as it is to feed your baby. Being in pain isn’t going to help anyone! 

Prevention is always better than cure, so hopefully these tips help you avoid and aches or pains! 

Let me know how you go, or if you’ve got any other suggestions below! 
.
.
.
#worldbreastfeedingweek #breastfeeding #bottlefeeding #expressingmilk #topupfeeds #triplefeeding #postnatalsupport #postnatalcare #postnatalhealth #postpartum #postpartumbody #postpartumsupport #womenshealth #womenshealthphysio #maternitycare #womensupportingwomen #physiotips #growknowledge #growstronger #growpilates",,,,,,
therealtorthatsmiles,3,0,2022-06-24T18:45:27.000Z,I'm still here 👋 #momlife #realtor #breastfeeding #triplefeeding #newborn #overcomingobstacles,,,,,,
sthnnaturalparentingnetwork,3,0,2022-02-23T23:44:34.000Z,"Breastfeeding isn't all or nothing.⁠

#breastfeeding isn't all or nothing. Exclusive breastfeeding for the first six months is the global guideline but if your journey looks a bit different you can be confident that the effort of providing any breastmilk to your baby is worth it. ⁠
⁠
Because of the way birth and the postnatal period is managed in our modern world,  breastfeeding initiation is sometimes not well-supported by the health care system (public and private) and formula top-ups are prescribed.  This might be temporary or an ongoing part of feeding a baby and can range from once a day to every feed.  Formula can even become the primary food source for many babies. However introducing formula doesn't have to mean ending breastfeeding.  If your baby is still going to the breast,  you can continue to offer it. The immune support and bonding continues to be important even if nutrition is not fully met at the breast. ⁠
⁠
If you are on the #triplefeeding cycle of feeding at the breast,  topping up with formula and/or expressed breastmilk or donor milk, followed by a session with the breast pump then you are practising the hardest method of feeding your baby. Something has to give but it doesn't have to be a total switch. You might choose to put your baby to the breast at alternate feeds and pump every second feed. You might decide to stop offering the breast and just pump. Or stop pumping and just offer the breast. You can choose to finish at the breast after every formula feed and enjoy your baby drifting off to sleep at your breast. You might find pumping is your preference to direct feeding or perhaps you hate the pump but enjoy direct feeding your baby, even if they are not effectively removing a full feed. ⁠
⁠
Breastfeeding can look very different and still be important to your baby. Using a supplementary nursing system (supply line) at some or all feed times.  Topping up with a small cup of your own expressed milk, #donormilk or formula after some or all feeds. There is no one right way and lots of flexibility. You can stop breastfeeding completely and then #relactate if you change your mind days or weeks later.",,,,,,
mumsgullak,3,1,2021-08-04T05:13:58.000Z,"Breastfeeding is one of the precious gift a mother can have , but with my #premietwins it wasn’t that straight forward . Specially when my milk supply was super low and the both babies were moving to different schedules, I went ahead with #triplefeeding . 
Wait ! What is that ?? 

 A typical triple feeding is 
1) nurse 2)bottle feed 3)pump
Where bottle feed can be formula or breast milk . 
Triple feeding is highly recommended for baby’s weight gain and as well as to address the Low milk supply as pumping does the work on behalf of baby :) 

Triple feeding does looks tiring , but if you seek your partner’s helps / family’s help to bottle feed while you pump, it’s way much manageable. 
So do not shy, go ahead and ask your partners / family to help you to feed the baby. 
Even if you aren’t triple feeding, you can always pump for bottle feed and let your partners / family build a bond with the little ones , while you get some “me” time .

#newmumlife #breastfeeding #breastfeedingmum #breastfeedingweek #breastfeedingjourney #proudtobreastfeed #newbornfeeding #bondingwithbaby #sgmummy #singaporemummies #mumsgullak #goodthingsabout2021 #partnerfeeds #mumssupport #twinsmum #twinsparents #teamwork #learnparenting #motherhoodjourney #sgmummyblogger #sgtwins",,,,,,
jennycharlesibclc,3,0,2021-07-23T21:47:16.000Z,"Sometimes parents find themselves triple feeding – feeding baby at the breast, offering a top-up of either expressed milk or formula and then pumping. If you have ever done this, then hats off to you; it’s ridiculously hard work!

Triple feeding can be suggested when a baby hasn’t gained sufficient weight. The idea is sound – you feed baby at the breast but then give them a little extra to boost their weight gain while pumping to increase or maintain your milk supply.
 
But the reality can be very challenging. We know that breastfed babies feed very regularly in the early weeks and so parents can find that by the time they’ve completed all three steps, it’s time to start over again. This can very quickly become overwhelming!

The good news is that triple feeding is meant to be a temporary strategy, and it is usually entirely possible to get to the point where top-ups and pumping sessions are slowly decreased to the point where they are no longer needed. 

There are some tips that can help while triple feeding:
• Getting someone else to give the top-up can mean that you can get on with pumping immediately after the feed at the breast. 
• If this isn’t possible then a hands-free pumping bra can allow you to feed baby their top-up while you pump. 
• Having extra pump parts can also mean that you don’t have to wash them after every pumping session. 
• Sometimes you may end up missing a pumping session – this is ok. Occasionally something has to give, and a little break can be the thing that keeps you going for the next day or two. 

However, my biggest tip, if you find yourself triple feeding is to seek out some specialist breastfeeding support. Slow weight gain is often due to ineffective milk transfer at the breast and so getting an IBCLC to do a full feeding assessment and support you to make changes is wise. If an ineffective latch isn’t the cause of the insufficient weight gain, then an IBCLC would be able to explore other possible causes with you and work alongside you to create a plan for going forward.

#breastfeeding #chestfeeding #breastfeedingsupport #breastmilk #humanmilk #triplefeeding #topups #pumping #expressing #lactationconsultant #ibclc",,,,,,
sthnnaturalparentingnetwork,3,0,2021-06-24T03:37:08.000Z,"#breastfeeding isn't all or nothing. Exclusive breastfeeding for the first six months is the global guideline but if your journey looks a bit different you can be confident that the effort of providing any breastmilk to your baby is worth it. 

Because of the way birth and the postnatal period is managed in our modern world,  breastfeeding initiation is sometimes not well-supported by the health care system (public and private) and formula top-ups are prescribed.  This might be temporary or an ongoing part of feeding a baby and can range from once a day to every feed.  Formula can even become the primary food source for many babies. However introducing formula doesn't have to mean ending breastfeeding.  If your baby is still going to the breast,  you can continue to offer it. The immune support and bonding continues to be important even if nutrition is not fully met at the breast. 

If you are on the #triplefeeding cycle of feeding at the breast,  topping up with formula and/or expressed breastmilk or donor milk, followed by a session with the breast pump then you are practising the hardest method of feeding your baby. Something has to give but it doesn't have to be a total switch. You might choose to put your baby to the breast at alternate feeds and pump every second feed. You might decide to stop offering the breast and just pump. Or stop pumping and just offer the breast. You can choose to finish at the breast after every formula feed and enjoy your baby drifting off to sleep at your breast. You might find pumping is your preference to direct feeding or perhaps you hate the pump but enjoy direct feeding your baby, even if they are not effectively removing a full feed. 

Breastfeeding can look very different and still be important to your baby. Using a supplementary nursing system (supply line) at some or all feed times.  Topping up with a small cup of your own expressed milk, #donormilk or formula after some or all feeds. There is no one right way and lots of flexibility. What you are doing in the second week is not the way you have to continue. You can stop breastfeeding completely and then #relactate if you change your mind days or weeks later.",,,,,,
purelatch,3,0,2021-06-04T14:14:25.000Z,"Posted @withregram • @themilkmanual whenever i mention “Triple Feeding”, or TF for short, people often DM me to ask what it is. so i made this post to summarize it! 

long story short, triple feeding can be exhausting and confusing and definitely should be a plan established with some guidance! if you feel like you need a TF plan or was given a TF plan with no further assistance, def reach out to an IBCLC for further assistance. 

have you ever had to triple feed? are you triple feeding now?! share your experience and any tips for other families doing the same 🙂 #triplefeeding #momshelpingmoms #houstonlactationconsultant",,,,,,
flow_lactation,2,2,2024-07-18T13:00:15.000Z,"Flange fitting part 2-
When a flange fits well, you should:

1. Feel comfortable for the total 15-20 minute pumping session
2. Get optimal milk output
3. Have no skin damage or blanching from pumping
4. See only the nipple moving in the flange tunnel, no areola

Just like when runners buy a new pair of running shoes, it’s a more involved process than simply measuring the length of the foot. You would try it on, see if it works with your favorite socks, make sure your heel doesn’t slip, make sure your toes don’t get blisters, etc.

Flange fitting is the same! It’s more than just measuring! 

#ibclc #pumping #exclusivepumping #evidencebased #milkdonor #overproducer #triplefeeding #flangefitting #lactationconsultant #breastfeedingsupport #pumpingisbreastfeeding
.
.
.
*disclaimer: We are healthcare providers but not necessarily your healthcare providers. Information shared on social media is for general education only. Please discuss your situation with your provider.",,,,,,
wovenpediatrics,2,0,2024-09-30T04:00:18.000Z,"Triple Feeding. *big sigh*

Lots of moms come to Woven Pediatrics on a Triple Feeding schedule: nurse, pump, bottle. (See top photo.) Nobody likes it. Nobody wanted it to be that way. Most of the time, it's totally unnecessary.

There are many ways to change up a Triple Feeding schedule to find something that works! (See bottom photo.) If you are Triple Feeding, you need to schedule a breastfeeding medicine consult.

#denvermoms #triplefeeding",,,,,,
barebalance.drl,2,0,2023-11-29T18:58:33.000Z,"✨Triple feeding ✨

If you’ve done this you know how exhausting it can be. 

Breastfeeding- This alone might be something your struggling with for a multitude of reasons 
•latch issues 
•inverted nipples 
•low supply 
•mastitis 
•healing nipples 
•milk blebs 
•clogs 
•heavy let down 
•lip or tongue ties 
•weak muscles 

-after that pumping to increase supply, empty you if baby hasn’t or to build milk stash … this means after you just sat and fed your baby for 15min to an hour now.. you are potentially confined to that chair while you continue to pump for another ~ 30 minutes. 

Then you are to offer a bottle either of breast milk or formula… so you continue to sit. 

If you are a highly productive person this could drive you crazy, not to mention if you have other kids, and you have to clean all those bottles and parts. 😳 I know it’s a tough journey. I did it! And there were moments when I wanted to throw in the towel because I was frustrated, exhausted, feeling like an unproductive milk machine and overwhelmed. Luckily, I had a very supportive partner who would take it upon himself to pick up the slack, clean and sanitize the pumping stuff. 

This is one of the many reasons to have a great support system. I’m forever thankful for my husband’s encouragement and understanding during our breastfeeding journey. So if you are in this phase remember it is temporary and you are stronger than this! 

And partners… listen to what your wives are saying and NOT saying! Clean the parts for them, offer to bottle feed the baby so they can move around and take time for themselves, don’t worry about the dishes or laundry, encourage them to nap and snack and LOVE on those ladies! 

#breastfeedingmama #triplefeeding #pumping #nursingmama #fedisbest #postpartum #postpartumjourney #stl #stlmom #elvies",,,,,,
leva.app,2,1,2023-08-18T14:40:37.000Z,"To the combo feeders, the “just enoughers”, the triple feeders, the exclusive pumpers, the “I wish we made it longer” mama: 
•every•drop•counts•
Each drop you made for your baby, is pure magic, and today we celebrate you 💜 #everydropcounts #nurseon #triplefeeding #combofeeding #lowsupply #levameanslift #womensupportingwomen",,,,,,
latchperfecttonguetie,2,3,2023-06-17T13:24:09.000Z,"Advertised with @toddleabout, enabling parents to reach out for support when encountering infant feeding difficulties. #tonguetiespecialist #tonguetie #frenulotomy #reflux #colic #pain #mentalhealth #givingup #breastfeeding #formula #bottlefeeding #expressingmilk #triplefeeding",,,,,,
breastfeedingadvocate4moms,2,0,2023-01-18T20:47:00.000Z,"I remember my first born... things were going well in the hospital. Lactation nurse said all looked good. I felt confident; I mean breastfeeding is natural right? The baby should know exactly what to do! WRONG! I kept nursing and she was crying never content. My nipples were cracked and bleeding. Even a towel or my shirt/bra touching them hurt. Doctor was concerned due to lack of weight gain and suggested I supplement 2 oz of formula at each feeding. I cried. Bawled my eyes out. Felt like a total failure. So I booked an appointment with a lactation consultant. 
She said I had a low milk supply. I needed to nurse, supplement 1 to 2 oz of formula or pumped milk and then pump 8 to 10 times a day. Nights were the hardest. I skipped some pumping sessions and found out that this is the most critical time to pump. Hormones are highest and set tone for the day at night. Once I was disciplined about night pumping I got my supply up. But it was so hard. I was determined though. I also got an extension to my leave, had a supportive moms nursing group and supportive partner. I may have given up if it were different. Not all moms have these things. Moms need more support to be able to overcome these challenges. Breastfeeding is a learned skill but so worth it for the benefite to mom and baby.

Who else had to triple feed? What happened? Comment below to share your story. 

Click follow for more. 

#breastfeedingmom #breastisbest #breastfeeding #breastfeedingmama #triplefeeding",,,,,,
chrysy.and.teddy,2,0,2022-09-17T20:37:19.000Z,"We have been helping our mommy pump milk for our new, human baby brother. She spent 7.5 weeks #triplefeeding (breast feed + bottle feed + pumping every time the baby eats) using a hospital grade breast pump rented from #nursingmotherscouncel to get milk supply up to meet baby’s needs and because he had significant weight loss at 3 days of life. All of this combined with the support of some amazing PAMF lactation consultants, and now she is able to feed baby with breast milk from the boob, bottle, or #supplementalnursingsystem (SNS). They also helped with a feeding plan that supported breastfeeding from the beginning, so Mom was able to transition back from mostly bottle-feedings to mostly breastfeedings. We still help her pump 3 times a day to keep up with his nutrition needs and be able to have milk to supplement with.
We tend to think breastfeeding will just happen and feel like a failure as moms if it doesn’t, but many moms do have feeding challenges in some form. 
There are so many socioeconomic barriers to breastfeeding and our family has been so lucky! We live in California and have language in mom’s work contract that protects leave time and keep healthcare benefits so that mom and baby can take the time and access weekly lactation appointments and this crazy feeding schedule. We also live in an area with more access to lactation consultants through insurance or community, and access education and support through #nursingmotherscouncel and costly equipment and lactation paraphernalia through PAMF lactation and insurance.
There’s not anything wrong with formula-feeding or people who choose formula for one reason or another (and being able to supplement with formula when needed saved our family!), but we need to do more as a society to support breastfeeding and access for all than we are currently doing.
We are loving our new baby brother and all of his smells, and still take ever opportunity for mama snuggles that we can get.",,,,,,
acelleron_medical_products,2,0,2022-09-14T20:14:56.000Z,"Sometimes breastfeeding doesn't go as expected. If that's the case,  triple feeding may be able to help!

Even when things don't go as planned (really, does that ever happen?), it's still possible to work towards your goals. Remember to be flexible as needs change and challenges arise. Give yourself and your littles grace as you work through overcoming these challenges. 

One way to work through challenges is with triple feeding. Combining direct nursing, supplementing (either with pumped breastmilk or formula), and pumping is one method to overcome certain challenges. 

Be sure to work closely with your pediatrician, especially if weight loss or lack of weight gain is a problem. Working with a lactation professional can also be invaluable as you develop a plan for you and baby.

Get the full rundown on triple feeding in our Baby, Breast, and Beyond blog. Link in bio. 

#triplefeeding #nursing #pumping #supplementing #unexpected #breastfeeding #chestfeeding #lactation #plan #blog #blogpost",,,,,,
milkandyoupeers,2,0,2022-06-16T14:52:18.000Z,"We love receiving feedback from MUMS we have supported! 

From triple feeding to EBF over a number of weeks is a huge accomplishment for this MUM and baby! 

When you're not feeling confident about your feeding goals get in touch!! 

#breastfeedinggoals #supportformums #triplefeeding",,,,,,
sthnnaturalparentingnetwork,2,0,2021-12-26T23:07:04.000Z,"#breastfeeding isn't all or nothing. Exclusive breastfeeding for the first six months is the global guideline but if your journey looks a bit different you can be confident that the effort of providing any breastmilk to your baby is worth it. ⁠
⁠
Because of the way birth and the postnatal period is managed in our modern world,  breastfeeding initiation is sometimes not well-supported by the health care system (public and private) and formula top-ups are prescribed.  This might be temporary or an ongoing part of feeding a baby and can range from once a day to every feed.  Formula can even become the primary food source for many babies. However introducing formula doesn't have to mean ending breastfeeding.  If your baby is still going to the breast,  you can continue to offer it. The immune support and bonding continues to be important even if nutrition is not fully met at the breast. ⁠
⁠
If you are on the #triplefeeding cycle of feeding at the breast,  topping up with formula and/or expressed breastmilk or donor milk, followed by a session with the breast pump then you are practising the hardest method of feeding your baby. Something has to give but it doesn't have to be a total switch. You might choose to put your baby to the breast at alternate feeds and pump every second feed. You might decide to stop offering the breast and just pump. Or stop pumping and just offer the breast. You can choose to finish at the breast after every formula feed and enjoy your baby drifting off to sleep at your breast. You might find pumping is your preference to direct feeding or perhaps you hate the pump but enjoy direct feeding your baby, even if they are not effectively removing a full feed. ⁠
⁠
Breastfeeding can look very different and still be important to your baby. Using a supplementary nursing system (supply line) at some or all feed times.  Topping up with a small cup of your own expressed milk, #donormilk or formula after some or all feeds. There is no one right way and lots of flexibility. What you are doing in the second week is not the way you have to continue. You can stop breastfeeding completely and then #relactate if you change your mind days or weeks later.",,,,,,
the_breastmilk_balance,1,0,2024-09-05T04:48:41.000Z,Are you surprised at this answer? Let’s talk about it in the comments. #breastmilk #breastfeedingmom #nursingmom #breastfeeding #pumpingmom #breastpump #breastfeedingsupport #lactation #lactationcounselor #nicu #nicubaby #nursingmom #explorepage #fyp #thebmb #breastmilkbalance #oversupplybreastmilk #oversupply #hungercues #triplefeeding,,,,,,
christinefavard.themamacoach,1,0,2024-02-05T00:50:49.000Z,"Triple feeding is really hard to manage but sometimes necessary to reach your breastfeeding goal while helping your baby gain weight. 

This should not 🙅‍♀️ be attempted for long periods of time & there should always be a goal to decrease the amounts you are supplementing with until you are no longer supplementing. 

Need more breastfeeding support?
Lactation consultations are available at the link in my bio 🔗

HSA/FSA & BOOK NOW Pay Later available 💓

#triplefeeding #breastfeedingtips #breastfeedingmoms #pumpingmoms",,,,,,
imlondikim,1,0,2024-01-29T07:21:55.000Z,#purpose #momlife #ftm #firsttimemom #breastfeedingmom #postpartumjourney #boymom #travelingbaby #pumpingmom #triplefeeding #momjournal #workingmom,,,,,,
broadwaylactivistalliance,1,0,2022-05-21T15:33:33.000Z,"Thank you @lactationhub for this helpful guide to alternative formula brands to help broaden the potential formula options for families. Check in with your child’s pediatrician for their specific formula needs before switching brands. 

✨During this very dire time of the U.S. formula shortage, I am offering my Lactation Counseling services free of charge to the Broadway community. 

✨However you feed your baby, you are extraordinary. Whether you formula feed, human milk feed or a combination of both and are in of need support, please DM me here. 

#formulashortage #infantfeeding #formulafeeding #breastfeeding #chestfeeding #combinationfeeding #triplefeeding #infant #parent #mom #dad",,,,,,
baby.reflux,1,2,2023-03-09T20:36:08.000Z,"If you’re breastfeeding and have decided to try an elimination diet to help with reflux and/or potential allergy symptoms I am sure the next sentence will ring true:
IT’S SO HARD! 

That’s not to say it’s not worth it - but it is a big undertaking and it’s not always just a case of saying ‘I am not going to eat dairy’- especially when even things like bread contain it! 

That’s why we created this guide- in it, we go through different ways of approaching an elimination diet, what to look for symptom wise, and how to (eventually) re-introduce foods. We also go through common sources of dairy and soy (and other names they go by!) so that you can be confident that the food you’re eating is safe. 

If you’d like a copy, comment ‘guide’ on this post and we’ll send a purchase link directly to your inbox 

#eliminationdiet #totaleliminationdiet #cmpa #cmpababy #breastfeeding #combofeeding #triplefeeding #reflux #refluxbaby #refluxmom #allergymom #allergybaby #newbaby #newmom #infantacidrefluxsolutions #spittingup #babyreflux #refluxbabylife #refluxbabytips #refluxbabyproblems",,,,,,
milkbarlactation,1,0,2021-09-20T01:21:10.000Z,"I didn’t breastfeed my firstborn. I was uneducated. I expected it to be easy and natural. I didn’t expect the intolerable pain from his tongue tie. I didn’t expect the trauma/PTSD from an unexpected c-section. I didn’t give myself a chance to learn.

I thought I knew what to expect. As a first time mom, that just was naive of me.
I should’ve done my research. 
I should’ve advocated for myself. 
I should’ve done more for myself…
….But I didn’t know.

I remember feeling so guilty and not good enough for giving up pumping because I didn’t produce what he needed. I didn’t produce because i didn’t remove milk properly- because I didn’t know. I remember people asking if I was breastfeeding and the guilt of saying “no”. 

Some moms can’t breastfeed. Some moms choose not to. Some moms adore breastfeeding. Some moms feel touched out by breastfeeding.

My feeding journeys haven’t been without difficulty, but they were both beautiful and unique.

That’s what sparked to me want to know more for other people. I want people to be prepared and know they’re not alone. I want to help people achieve their goals to the best of my ability to avoid people feeling like I did. 

However your journey goes, you’re amazing- and your children think so too!

#postpartum #bottlefed #triplefeeding #ibclc #myjourney #proudmama #breastfeeding",,,,,,
infant_feeding_ats,1,0,2022-11-25T15:00:11.000Z,"Triple Feeding is meant to be a short-term method used to increase milk supply, and to ensure adequate nutrition and weight gain in the infant. 

Triple feeding is exhausting and usually not sustainable as a long-term option. 

During triple feeding, during each and every feeding session, baby will:
-engage in direct breastfeeding
-have additional supplementation (via expressed/donor milk or formula via bottle, cup or similar)

And mother will:
-follow up with pumping from both breasts

The goal through implementing a Triple Feeding routine is to increase milk supply and to help baby achieve optimal growth and strength as a step toward helping them become more efficient at the breast. 

Have you practiced Triple Feeding?  Tell us about your experience.

#triplefeeding #bottlefeeding #cupfeeding #breastfeeding #SNS #shorttermsolutions  #betteroutcomes #lactationsupport #infantfeedingandsupport #advancedtherapysolutions",,,,,,
lactation_shares,1,0,2022-11-06T16:55:12.000Z,"Repost from @thebreastfeedingpediatrician. Thank you for permission/sharing
•
“Bring baby it breast for each feed and then when they are finished, offer some formula to top them off.”

Have you heard this before?

Many well-intentioned health care providers give this advice, particularly if the baby is slow to gain weight, is still working on learning how to latch, or “until milk comes in.” Although there are times when formula is medically indicated in babies, there is a key piece of information that many people do not include in their advice.

What can happen is that babies get some breastmilk from feeding directly, and then take formula when offered. This can lead to babies feeling more full than they otherwise would have, which can lead to less frequent feeding at the breast or a less vigorous suck at the next feed.

So when the next feed comes around, baby may not remove as much milk. Parents worry because it was a short feed and offer formula again, which the baby often takes. This cycle continues and the baby may feed less and less at the breast, which can ultimately lead to a decline in milk production, which further perpetuates less feeding at the breast and more from the bottle.

So what to do if your baby is not feeding effectively at the breast? Bring them to breast, pump, and then give the pumped milk. If there is not enough milk to give, THEN give formula when indicated. The key is to pump every time that formula is give, so that your body gets the stimulation it needs to keep making milk!

#breastfeeding #breastmilk #newborn #evidencebased #pediatrics #pediatrician #triplefeeding #pumping",,,,,,
fullcirclelcnyc,1,0,2021-02-16T01:40:59.000Z,"This is the typical feeling when I give a mom a triple feeding plan at discharge but it doesn’t have to be that way! It’s crucial you follow up with your Board Certified Lactation Consultant if a feeding plan is not working for you, ideally within 24-48 hours so we can come up with a new plan-one you don’t want to set on fire. #lactationconsultant #breastfeeding #feedingplans #theresalwaysplanb #newborn #breastmilk #lactation #triplefeeding #bottlefeeding #supplementalnursing #newbaby #mamahood #pumpedmilk",,,,,,
cindyrubinmd,0,1,2024-06-13T17:01:22.000Z,"Triple feeding is when you nurse your baby, then offer a bottle of pumped breast milk or formula, and finally, pump to maintain or increase your milk supply. This process is often recommended when babies aren't able to efficiently get enough milk from breastfeeding alone, which can be due to various reasons like being too sleepy, not strong enough, or other challenges 🤱🏽🤱🏿🤱🏼🧑🏽‍🍼🤱🏾🤱🤱🏻

WHY TRIPLE FEEDING? THE REALITY OF TRIPLE FEEDING?

Read about it more in this blog post! Link in comments 💜

#intouchpeds
#intouchpediatrics
#drcindyrubin
#4thtrimester
#newparentchicago
#postpartum
#chicagomommy
#breastfeedingsupport
#triplefeeding",,,,,,
la_leche_league_york_region,0,0,2024-01-26T16:07:39.000Z,"Many nursing parents have questions about supplementation. One method is by finishing at the breast.
~Offer a limited amount (less than a full feeding) of supplement with the bottle, then offer the breast. Your baby may be more patient and calm at the breast with some milk from the bottle in her belly at the beginning of the feeding.
~End the feeding at the breast. This will help your baby associate feeling full and content with breastfeeding, rather than bottle feeding. Think 'dessert at the breast'.
~Know that it may take several feedings to determine how much supplement to give by the bottle.

More information about supplementation and breastfeeding:
https://www.lllc.ca/how-protect-breastfeeding-while-supplementing
https://www.lllc.ca/triple-feeding

#LLLC #lalecheleaguecanada #dessert #breastfeeding #chestfeeding #supplementation #triplefeeding",,,,,,
doula_lindsay_757,0,0,2023-10-26T13:49:46.000Z,"Repost from @skilledlactationsolutions
•
Save this for when you need it! It’s so hard to remember at 3am when you wonder if a little bit of formula will help your baby sleep longer, or go from the 5th to the 10th percentile.

What most parents and doctors don’t know is that just one bottle starts a cycle that is really hard to pull out of without help. Even when supplements are medically needed, it’s important to work with an IBCLC to protect your supply and wean from them if your goal is to exclusively breast or chest feed. Need help with this? Click on the link in our bio to get started and don’t forget to follow us to see what else we share about supplementing and milk supply #lowmilksupply #milksupply #lactationcookies #lactationtreats #powerpumping #elviepump #sleeptraining #infantsleep #newbornsleep #postpartum #infantfeeding #breastfedbaby #chestfedbaby #supplementalnursingsystem #triplefeeding #nippleshield #bottlefeeding",,,,,,
lactationhelp,0,0,2023-10-02T12:03:15.000Z,"🍼🤱 Triple Feeding: A Deep Dive into Modern Motherhood 🤱🍼
Navigating the challenges of breastfeeding? Triple feeding combines breastfeeding, pumping, and bottle-feeding to ensure your baby gets the nutrition they need. While it can be a lifesaver for some, it's essential to weigh the pros and cons. Join us as we explore the ins and outs of triple feeding. Every baby and mother's journey is unique. 💕 #BreastfeedingJourney #TripleFeeding #ModernMotherhood #NationalBreastfeedingWeek 🇨🇦

https://lactationhelp.ca/articles",,,,,,
a_beautiful_life_well_lived,0,1,2022-04-06T01:57:12.000Z,"As soon as I found out I was pregnant I knew I wanted to exclusively breastfeed. I met with a lactation consultant (LC) while I was pregnant and was reassured I was good to go. 

After my daughter was born, we had her latched and nursing as quickly as possible. I fed her every 2-3 hours like I was supposed to. While in the hospital, I met with two different LCs who made sure she had a good latch and said everything looked good, that I looked so comfortable nursing her. 

We go to her first peds appointment after being released from the hospital and she had lost some weight, which is normal, but she was jaundiced so we had her bilirubin levels tested. We went back two days later for a weight check and her bilirubin tested again. It had increased so we were sent back to the hospital for treatment. We went back for another weight check and she lost more weight. They told us to come back Wed and if she didn't gain anything we would have to start formula. 

At that next appointment she had lost more weight. My baby lost an entire pound, 12% of her birth weight (they want to keep it to 10% or less). I was devastated and could not stop crying for days. I had unknowingly been starving my little miracle. I was a mess when I gave her her first bottle. I felt like I failed her. My body had once again failed me. My breasts have one job and they couldn't do it.

I met with the LC  again and I was doing everything by the book yet was still only able to get 4-6 ounces a day.

I started triple feeding. I did this every 2-3 hours. I have been doing this for 6 months.  I've eaten all of the foods and supplements, taken vitamins and even prescription medication but I'm still only able to feed my daughter one bottle every day or two. 

It took me several months but I was finally able to get my provider to do some lab tests. My prolactin is low which causes slow refill and I have IGT which limits how much milk my breasts can hold at one time. Once again my hormones are out of whack. I'm devastated I can't exclusively breastfeed but I did a lot of research on formula and I'm confident I'm giving her the best and she is fed. She is a happy, growing baby which is what is most important",,,,,,
mothersmentor,0,0,2021-11-04T09:21:45.000Z,"‘Triple feeding ‘
Article seen in the Age Good Weekend 3010/21
See Mother’s Mentor Facebook for more details 

 #Lcanz #triplefeeding #expressingbreastmilk #breastfeeding 
#newborn",,,,,,
lifeattarget,-1,20,2024-05-19T18:26:03.000Z,"Today is Human Milk Donation Day!

As many of you know, I triple fed both my babies. I am a ""just-enougher"", ie. I don't respond brilliantly to a pump and can express just enough (if I'm lucky) so when I was needing to supplement with large volumes of milk, I struggled to keep up. First time around, I didn't know donor milk was an option. I beat myself up that I can barely express a drop and had no choice but to supplement with formula. Second time around, though a much harder experience, I was more informed. I found a really lovely milk donor who happened to be just down the road and it alleviated so much of the pressure.

Milk banks are rightly reserved for premature and poorly babies, for whom breast milk can offer important health benefits and acts almost as a medicine. Peer milk donation is accessible to all and can be used for a multitude of reasons. We are forever grateful for the donations we received at a really challenging time. 

Did you donate milk? Or receive it? Would love to hear your story! 

#worlddayofhumanmilkdonation #humanmilk4humanbabies #HumanMilkDonationDay #MilkDonor #FalteringGrowth #TripleFeeding #InformedIsBest #SupportedIsBest #NorthWestMumsClub #OnlineMummyGroup #BreastfeedingMama #BoobingIt @elliesteen_",,,,,,
motherloveherb,-1,1,2024-09-30T22:05:12.000Z,"If you have experience triple feeding, drop your best tips for the mamas going through it now. 👇️⁠
⁠
Comment ""NAVIGATE"" to learn about what triple feeding is, what it is used for, how to do it, and alternative options. ⁠

This information is not intended to be a substitute for professional medical advice, diagnosis, or treatment. Always seek the advice of a physician or IBCLC (International Board Certified Lactation Consultant) with any questions regarding a medical condition or treatment.",,,,,,
midwife_alex,-1,2,2024-03-05T18:00:26.000Z,"Happy IBCLC Day!!

An International Board Certified Lactation Consultant does more than just help with breastfeeding. 

For many they can support families through so many things like: 
💜 How to manage lactation going back to work 
💜 How to deal with breast or bottle aversions
💜 Navigating induced lactation
💜 Support with low milk supply 
💜 Painful feeding 
💜 Weaning
💜 Weaning from lactation tools like nipple shield or supply lines

Some specialise is certain areas such as:
💜 Tongue-tie release 
💜 Inducing lactation 
💜 Pumping/expressing 
💜 Mastitis management 
💜 Lactation after pregnancy or infant loss 

IBCLC's have unique skills that are there to help families navigate lactation and feeding. Many have additional qualifications in the medical field e.g Midwives, Nurses, Osteopaths and Doctors. There is a vast range of scopes not mentioned and it's very much a calling. 

Big Cheers to my fellow IBCLC's for all the hard work and endless care you provide families in your care!

#breastmilk #IBCLC #lactation #lactationconsultant #lactationsupport #breastfeeding #pumpingmilk #pumpingmama #pumping #expressing #newborn #baby #feed #feeding #triplefeeding #mixfeeding #midwife  #nurse #doctor #breast #breastmilk #breastfeedingmom #ibclc",,,,,,
motherloveherb,-1,7,2024-02-24T19:55:15.000Z,"Do you have experience with triple feeding? 🤱🍼⁠
⁠
Be sure to click the link in our bio to read our blog that shares the steps for triple feeding, alternative options, and more, all written by an IBCLC.⁠
⁠
*This is not intended to be medical advice. Always seek support from a lactation consultant or health professional.",,,,,,
kidscuddlesandmuddypuddles,-1,8,2024-01-27T23:36:38.000Z,"Today is World Breast Pumping Day. 

I’m sat here reflecting on our breastfeeding journey… the start of which was rocky to say the least. Baby was failing to put weight on, we were in and out of hospital for checks and weigh-ins, I was constantly being told to formula feed and the guilt I felt for not wanting to was immense. 

Here was this tiny, scrawny baby who was ‘failing to thrive’ and it was all my fault… that’s how I felt. 

It wasn’t til I met an amazing lactation consultant who taught me about triple feeding and told me why I needed to do it, that I felt empowered to make it work. 

The intense feeding cycle of 2 rounds of switch feeding, then pumping on each side, then offering that expressed milk in a bottle (for each and every feed) lasted 3 or 4 weeks. 

It was a blur of breast pumps, boobs out constantly, unrivalled tiredness and with my other half working away, my other children basically had to fend for themselves. 

But… it worked! My supply increased, baby found her rhythm despite her posterior tongue tie and silent reflux, and she began to gain weight! She has continued to thrive and flourish ever since. 

We may only be feeding once a day at bedtime now, but we are still going at 15 months old. I am proud of our resilience and determination. Pumping worked wonders for us, it allowed us to carry on exclusively breastfeeding and ultimately… it saved my baby. 

#worldbreastpumpingday #breastfeedingjourney #lactationconsultant #triplefeeding #expressedmilk #breastpumps #postereriortonguetie #silentreflux #exclusivebreastfeeding #resilienceanddetermination #breastfeedingsuccess #pumpingforbaby #mumlife #parentingjourney #motherhoodstories",,,,,,
lifeofkatiehope,-1,2,2023-08-08T19:47:08.000Z,"World Breastfeeding Week ended yesterday but here in the states it is National Breastfeeding Month so in honor of reaching one year of breastfeeding in a couple days I wanted to share some photos from my daughters milestone sessions. 

Our journey has been difficult, we had to supplement with formula in the hospital due to her low blood sugar levels or they would have taken her to the nicu for at least a week, no one told me about donor milk and no one told me I had to pump when she was supplemented. We continued to supplement for a month and a half or so and we finally got to a place where she nursed exclusively, and while she did gain weight, it slowed so much we had no choice but to supplement again. When she was 3 months we began triple feeding, so for every daytime feed she nurses, I pump, and she gets a bottle. It is exhausting but we’ve been doing it for 9 months and she is thriving. When she was four months old we learned about donor milk and I am so grateful to all the mama’s that have helped feed my baby as she did not tolerate formula well and the difference in her from supplementing with formula to donor milk is astounding. 

No hate or judgment to anyone who uses formula! It just wasn’t what was best for our family 🫶🏼

When she latches I don’t just call it breastfeeding, I call it nursing because it is so much more than just her feeding, it is connection, it is regulation, it is pain relief, it is so many things and I am so very grateful I have been able to provide that for her and will continue to provide that for her. 

I write this while nap trapped after having nursed her to sleep and looking back at all these photos makes me so happy we capturdthese moments, this time in life is so fleeting and I always want to remember every moment of this journey. It is probably the hardest thing I’ve ever done, but it’s also the most worthwhile. I can’t believe we’ve made it this far and that she is about to be 1 🥹

📸: @hctsphotography 

#breastfeedingjourney #donormilk #triplefeeding #lowmilksupply #nursingmom #mamalife #momlifebestlife #honestmotherhood #unfilteredmotherhood #rawmotherhood",,,,,,
feedeatspeak,-1,33,2023-08-06T07:00:10.000Z,"When breastfeeding isn’t working
It is so important to be honest about what to expect with breastfeeding in the early days. Whilst it's natures way of feeding our babies it doesn’t always come naturally. Some women may struggle with the following difficulties from birth:
- Non latching babies
- Significant pain and trauma to the nipples
- Delay in transition from colostrum to mature milk
- Low milk supply

I want to acknowledge these potential challenges, not to put you off breastfeeding, but to ensure that it doesn't derail your breastfeeding journey. Challenges can be overcome! Early & appropriate intervention is key to having the best likelihood of success.

If you encounter difficulties in the early days of breastfeeding there are 3 things you need to do-
1. Seek immediate, qualified breastfeeding SUPPORT.
It can be helpful pre-birth to identify where you are going to get help if you need it.

2. FEED your baby
If your baby can latch and if you are physically able to feed, then do this at the breast. If there are weight concerns, reduced nappy output or low milk supply you will likely also need to pump after feeds and top up.
If you can’t feed at the breast or if you need to top up,  this can be done via an alternative method such as syringe, finger feeding, cup feeding or bottle.

3. PUMP to tell the breasts they need to make milk.
If your baby is not latching or you can't latch them due to pain/trauma then pump a minimum of 8 times in 24 hours and feed that milk to your baby while healing/working on latching.

If you're breastfeeding but there are concerns that baby is not getting enough milk (weight/nappies best indicators)then continue to breastfeed, pump then top up with your milk. This is known as triple feeding. It is only a short term fix as part of a monitored feeding plan. You would do this a minimum of 8 times in 24 hours.
In the event there is a shortfall of milk then use formula alongside. As your breast milk increases through feeding and pumping, the formula top ups will be replaced with breast milk top ups.
Please share any early breastfeeding challenges you had & your tips for overcoming them",,,,,,
boobingit,-1,3,2023-09-18T15:46:11.000Z,"“As I was breastfeeding, pumping, and formula feeding, gradually feeding my baby became more and more stressful, and when something had to give, breastfeeding seemed the obvious choice. At 6 weeks old, I breastfed Erin for the final time. 

At first, giving up breastfeeding was a massive relief. Feeding became much simpler, I didn’t have to worry about what I was wearing which seemed like such a trivial thing but was a really big deal for me, and Erin was a happy and healthy baby. But as the months went on, and I saw more and more women breastfeeding their babies, I started to feel like I’d given up too easily...""

Read Josie’s full breastfeeding story now on boobingit.com.
.
.
.
.
.
#breastfeedinglife #breastfeedingfamily #breastfeedingsupport #breastfeedinghelp #breastfeedingawareness #normalisebreastfeeding #normalizebreastfeeding #breastfedbaby #newparents #breastfeedingtips #milksupply #breastfeeding #breastfeedingmom #breastfeedingislove #breastfeedingchallenges #breastfeedwithoutfear #breastfeedingmum #milkmaker #breastfeedingmama #breastfeedingjourney #dropthecover #nursingmama #mumlife #maternityleave #firsttimemum #honestmotherhood #triplefeeding #bottlefeeding #formulafeeding #pumpingmoms",,,,,,
dont_you_worry_mama,-1,3,2023-07-24T17:19:17.000Z,"Our boob journey 

Almost 2.5 years of breastfeeding has come to an end…

We’ve fed in the air, on a boat, at the park, in the bars, on the floor (thanks covid), in hospital, at a rave, upside down, watching Adele & Gabrielle, by the sea, with the monkeys, on the tram, at the park, on the sidelines , at parties, at the zoo, in museums, at work, whilst dancing, in the park, at the shops, whilst presenting, on the train, at the theatre, whilst walking… I could go on… but most of the time we fed at home… those times will always be ours. 

The gaze you gave me, the smile as you fed, your signing of ‘more boob please’, your look of content after a feed… the comfort it brought you… and me…

After a complicated birth, time in hospital, weight loss, tongue tie & 12 weeks of triple feeding… we did it!! I’m so proud of us both! And I’m so fortunate we had the right support to enable us to continue as we did. 

How I love you my darlin’ baby boy!

#motherofdragons #breastfeeding #breastfeedingmom #boobjourney #triplefeeding #breastfeedingmama #breastfeedingjourney #wedidit",,,,,,
kidscuddlesandmuddypuddles,-1,3,2023-05-04T20:55:04.000Z,"How it started 👑 vs. how it finished! 🤣 (Swipe 👉)

We had such a lovely morning at our local breastfeeding group today! The ladies got us into the spirit with a coronation party with breakfast, cakes and a raffle! 🧁 We are so lucky to have such a nice community of likeminded mums to share these occasions with! 

It’s also a brilliant opportunity for us to chat about all things motherhood related, help each other with feeding worries and to share our experiences, good and bad! 🤱

Do you go to a breastfeeding group or parent and baby group? What do you love about it? 🥰

#kingscoronation #hercrownhasslipped #dribblybaby #breastfeedinggroup #breastfeeding #breastfeedingjourney #breastfeedingmama #breastfeedingmum #sixmonthsofbreastfeeding #breastfeedingissues #switchfeeding #triplefeeding #pumpingmilk #breastpump #tonguetie #tonguetiebabies #posteriortonguetie #tonguetierelease #silentrefluxbaby #silentreflux #overcomingobstacles #mummyblogger #mumblog #mumsofinstagram #mumlifeonthegrid #parentblogger #ukblogger #kidscuddlesandmuddypuddles",,,,,,
physicianguidetobreastfeeding,-1,0,2023-04-20T00:04:44.000Z,"physicianguidetobreastfeeding
Triple Feeding is MISERY. If you are discharged from the hospital in the tailspin of triple feeding, reach out for help immediately. And STOP triple feeding. See this post for a more reasonable approach to low production/increasing production and getting baby fed:

More info here: 
katrinamitchell.org -> lactation -> breastfeeding by age and stage -> early postpartum

#triplefeeding #triplefeedingissoexhausting #triplefeedingplan #stoptriplefeeding #pumpingmisery #lowbreastmilksupply #lowbreastmilk #increasingmilksupply #increasingmilkproduction #increasingmilksupplynaturally

(art by #chloetrayhurn)",,,,,,
kidscuddlesandmuddypuddles,-1,10,2023-01-18T16:30:40.000Z,"Just chillin’ with my elephant! 😍🐘 

#cutebaby #elephantpillow #13weeksold #breastfeedingmama #refluxbaby #silentreflux #petitebaby #triplefeeding #postpartumjourney #icpsurvivor #mummybloggers #mumblog #mumblogger #mumsofinstagram #mumswhoblog #parenting #parentblogger #blogger #kids #children #kidscuddlesandmuddypuddles",,,,,,
charlottethedoula,-1,1,2023-01-27T18:22:44.000Z,"Today is World Breast Pumping Day, and it feels right for me to say what I’d like to have heard over two and a half years ago, when my breastfeeding journey looked like triple feeding - pumping to top up Margot’s feeds and then eventually exclusive pumping and I didn’t know where I fit in conversations about breastfeeding and bottle feeding. 

If your experience looked, or looks, similar to mine then I want to remind you that pumping and feeding your baby with a bottle IS breastfeeding. It absolutely has a place in breastfeeding journeys, whether through choice or necessity or both. But if you feel grief around the fact that the details of how you’re feeding your baby look different to how you imagined, then that is absolutely valid. If you wish you could pump and you can’t, it’s ok to feel sadness and wish things were different. If you imagined only feeding your baby from your breast and you’ve found yourself pumping, it’s ok to feel loss. And if you are dealing with external pressures to pump, or to not, that’s unfair and very tough. 

And however you feel, there is no doubting that pumping is hard work. More time spent planning pumping sessions, worrying about supply, sterilising bottles, checking milk storage. It takes determination and patience and love. So here is me saying - I see you, you’re amazing 🤍

#worldbreastpumpingday #breastfeeding #exclusivelypumping #triplefeeding #expecting2023 #duein2023 #pregnancycourse #antenatalclass #birthprep #kingstonmums #kingstonmumtobe #surbitonmums #teddingtonmums #caesareanbirth #induction #homebirth #dueinmarch #dueinapril #dueinmay #firsttimemum #28weeks pregnant #30weekpregnant #32weekspregnant",,,,,,
kidscuddlesandmuddypuddles,-1,4,2022-12-25T17:29:05.000Z,"Merry Christmas to all the mamas out there who are #boobingit through the chaos of the Christmas season! 🎄 Little one is under the weather today so is either attached to me (literally 😆) or falling asleep mid feed! 😴 Thank goodness for the pump to help us regulate things! 

This is the first time since birth that we’ve had 2 weeks off of weigh ins, next one is in the new year! 🙌 Hoping for some great milky Christmas gains! 🤞 

Wishing you all a wonderful day full of fun, family and love (and booby cuddles)! 🥰

#christmasday #nearly10weeksold #petitebaby #slowweightgain #silentreflux #triplefeeding #breastfeeding #breastfeedingjourney #breastfeedingmama #babycuddles #submucosaltonguetie #boostyoursupply #postpartumjourney #icpsurvivor #mummybloggers #mumblog #mumblogger #mumsofinstagram #mumswhoblog #parenting #parentblogger #blogger #kids #children #kidscuddlesandmuddypuddles",,,,,,
kidscuddlesandmuddypuddles,-1,6,2022-12-19T19:58:55.000Z,"We’re celebrating a 160g weight gain this week! 🙌 Still not gaining the 30-40g a day that is ‘recommended’ but as we are finding out, E is following her own path! This is 60g more than she gained last week though and makes her officially 7lb 9oz at 9 weeks old! My little dot. 🥰

We’re continuing with breast compressions during feeds and offering each side twice. We’re still triple feeding (breast x 4 - express - bottle) when needed, when she hasn’t emptied me herself but as her latch and feeding is becoming more efficient, there’s a need to do this less. 😮‍💨 We have a virtual appointment with our breastfeeding consultant tomorrow so we’ll discuss the plan going forward and hopefully we can relax a bit over the Christmas period! 🎄

I just love how she holds my finger with her little hand. 😍❤️🥰

#9weeksold #petitebaby #slowweightgain #silentreflux #triplefeeding #breastfeeding #breastfeedingjourney #breastfeedingmama #babycuddles #submucosaltonguetie #fauxtonguetie #boostyoursupply #postpartumjourney #icpsurvivor #christmasnails #mummybloggers #mumblog #mumblogger #mumsofinstagram #mumswhoblog #parenting #parentblogger #blogger #kids #children #kidscuddlesandmuddypuddles",,,,,,
kidscuddlesandmuddypuddles,-1,6,2022-12-15T11:15:27.000Z,"Post-vaccination cuddles prescribed today! She’s still so tiny that the standard 8 week old paracetamol dose is too big, so the doctor had to work out how much she could have! 😂🙈 

She was only 7lb 3 at her last weigh in on Monday having gained just 100g in a week. We’re still triple feeding so hopefully the jabs don’t knock her for six and she has a bigger gain next Monday! 🤞

Keep warm everyone, it’s freezing out there! ❄️

#8weeks #8weekinjections #postvaccinationcuddles #slowweightgain #silentreflux #triplefeeding #breastfeeding #breastfeedingjourney #breastfeedingmama #babycuddles #submucosaltonguetie #fauxtonguetie #boostyoursupply #postpartumjourney #mummybloggers #mumblog #mumblogger #mumsofinstagram #mumswhoblog #parenting #parentblogger #blogger #kids #children #kidscuddlesandmuddypuddles",,,,,,
kidscuddlesandmuddypuddles,-1,10,2023-01-05T14:57:51.000Z,"Baby loved her first baby massage class today! 👊🥰 I’m hoping it will help her with her reflux and ease her wind 💨! Thankfully she’s continuing to put on weight after our crazy feeding regime and is now a mighty 8lb 2oz at 11 weeks old! 😆 Just look at that smile… 😁😍

#babyweightgain #breastfeedingmama #refluxbaby #silentreflux #petitebaby #triplefeeding #postpartumjourney #icpsurvivor #mummybloggers #mumblog #mumblogger #mumsofinstagram #mumswhoblog #parenting #parentblogger #blogger #kids #children #kidscuddlesandmuddypuddles",,,,,,
lifeattarget,-1,6,2022-05-17T15:34:53.000Z,"Windswept feeding with a view! 

It's taken such a long time to get to a place where we can go out for the day and I can rely on feeding Ottilie rather than needing to be restricted by a 2-3 hour pumping schedule. Triple feeding is brutal!

We've got a long way to go in getting answers, but sat on the lakeside at Trentham whilst watching Oscar play with my Auntie, this felt a huge step ❤️",,,,,,
boobingit,-1,3,2022-03-14T19:48:04.000Z,"""Triple feeding my daughter was exhausting and made me feel like a failure

After being induced my daughter Alice arrived on the 13th May. Shortly after she was born my heart rate was going through the roof and Alice was showing signs of infection so we were both put on an IV drip.

Fast forward two days where I thought we would be going home as the infection bloods were okay and I seemed to be breastfeeding fine.  Alice was checked over and appeared to be a bit yellow. Her bilirubin levels were higher then normal so was put under the UV lights. 

On the third day of Alice being under the lights I could sense something wasn’t right…she looked visibly smaller, the rolls on her legs were getting smaller and she was sleepier then ever. 

Moving forwards a plan needed to be put in place. I myself suggested formula top ups, I couldn’t see any other way out of this and I just wanted her to get healthy so we could finally go home. 

I thought that the top-ups would be the easy solution, and that they'd be temporary. As soon as I put the bottle in her mouth – that was it. I could feed her, she was asleep but she was eating. I was so relieved, and at that moment in time, it didn’t really occur to me how it would affect my breastfeeding journey. 

The feeding plan was to offer the breast first, give formula top-ups, and express milk. Sounds easy right?""

Read Victoria’s full story now on boobingit.com.
.
.
.
.
#breastfeeding #triplefeeding #bottlefeeding #formulafeeding #expressing #expressingmilk #normalizebreastfeeding #breastmilk #breastfeed #postpartum #nursing #breastfed #breastpump #birth #pregnancy #firsttimemum #breastfeedinghelp #breastfeedingsupport #breastfeedingmama #lactation #lactationsupport #breastfeedingproblems #breastfeedingawareness #breastfeedingjourney #liquidgold #newbaby #breastfedbaby #breastfeedingeducation #breastfeedingproblem #breastfeedingmum",,,,,,
lifeattarget,-1,3,2022-02-18T10:08:33.000Z,"Go Slow....

Nursery days feel like we rush him up, rush him out the door, then he gets home and we rush a snack, rush to get him to bed... So on Fridays, we go slow. I let Oscar lie in (and means Ottilie and I can too!) and we take it easy.

I've been giving myself a bit of a hard time about what we ""should"" be doing now Ottilie is 12 weeks old but have had some lovely reassurance that we ""should"" only be doing what I feel I can handle. And if that's staying home, have lots of cuddles, going for a walk and watching Frozen for the 765th time, THAT'S OK! 

Happy Friday all! 

#OMGABC - G is for Go Slow",,,,,,
lifeattarget,-1,15,2022-01-31T08:49:40.000Z,"E is for ...

Expressing. 

A common 4am sight at the mo! Everyone asleep except me...pumping, nursing, reading in an attempt to stay awake.

With Oscar, we triple fed for months on end, I expressed for 17 months. This time around we really hoped that pump wouldn't need to make an appearance unless I fancied a few hours out (haha) or even once I returned to work. Unfortunately, we've had a bit of déjà vu and weight gain issues with Ottilie have meant triple feeding once again. 

We are so much better informed this time around, and better supported in many ways, but it is no less physically and emotionally draining. I feel like a milk cow. I feel guilt that I've not been able to give either of my babies enough. I feel sad and angered at some of the not so useful advice I've received. I feel empowered and determined to keep going. I feel grateful for the support that I have had, and for finding a kind milk donor who takes a little pressure off me. 

Turns out expressing is a huge part of our breastfeeding experience for a second time. But after every hurdle we overcame with Oscar and to still be breastfeeding him, I'm determined (read stubborn!) that we will get through this and it'll get easier! 

E is for ... - #OMGABC #TheOnlineMummyGroup @theonlinemummygroup
.
.
.
.
.
.
#LifeatTarget #Blogger #BreastfeedingMama #Breastfeeding #TripleFeeding #TandemFeeding #ExtendedBreastfeeding #PumpingMama #FalteringGrowth #BoobingIt @BoobingIt #Newborn #MumLife #Mummyhood #MotherhoodUnplugged #ParentBlogger #UKMumBlog #Parenting #ToddlerMum #ParentingLife #pbloggersuk #NorthWestMums #MummyBlogger #UKMummyBlogger #MumsofIG #discoverunder2k",,,,,,
kidscuddlesandmuddypuddles,-1,16,2022-12-09T12:06:01.000Z,"We’ve just come to the end of a week of “triple feeding” (breastfeed - pump - bottle)  due to a poor latch because of a recently diagnosed submucosal or faux tongue tie leading to faltering weight gain - again!! 

That meant for each feed, we’ve been offering each breast twice (so 4 lots of boob!), swapping to the other side as soon as the rhythmic deep suck and swallows subside. Then after that, expressing with the pump to make sure each breast is empty, then offering that milk in a bottle! 🍼 All to help increase my supply, and get some weight on this kid!! 

Each cycle takes us about an hour to 90 minutes, with winding breaks and a mid feed nappy change. Baby has time for a nap 😴 while I sterilise the pump, grab a cuppa ☕️ and run for a wee! She’s been feeding about every 2 hours so we have about half hour before we start all over again! 🙈

To say I’ve been knackered is an understatement! 🤣 But… after only 4 days she had gained 140g which is her biggest ever gain in the shortest amount of time. 🙌 Totally worth it! My supply has been ‘reset’ and baby is feeding much more efficiently. 

We also went for a session of #craniosacraltherapy yesterday, and already baby’s tongue is looser and has a wider range of movement! The tightness in her jaw seems to be resolving and her mouth is now opening wider!! 😁 All this has lead to a much better, deeper latch this morning and better use of her tongue at the breast! 🙌

Moving forward, we’re continuing with the double 2 sided feeding and hoping and praying for a massive gain on the scales on Monday!! 🤞

I can’t believe we’ve been on this faltering weight gain journey since day 5 post birth - baby is 8 weeks old next week! 🤷‍♀️ It’s been tough, mentally and physically, but I really hope we’ve finally identified all the causes (with the silent reflux diagnosis a few weeks ago too) and baby’s weight will just keep going up!! 

Have you ever had to #triplefeed? Was it successful for you? 

#triplefeeding #triplefeedingissoexhausting #breastfeedingjourney #breastfeedingmum #breastfeedingproblems #breastfeeding #submucosaltonguetie #fauxtonguetie #boostyoursupply #postpartumjourney #weightgainjourney #silentreflux",,,,,,
charlottethedoula,-1,8,2022-01-27T11:03:19.000Z,"I'm in the process of recording my breastfeeding story to share with my wonderful doula pals. Each time I talk about feeding Margot, I get stuck on a certain point. Absorbed in remembering a different stage. 
 
This time, I have become fixated on the idea of this lost new mother, scared and confused and lacking any sort of professional help, attempting to breastfeed her tongue-tied baby, whilst expressing for a top-up feed and giving this bottle of expressed milk knowing that babies can develop a preference for the bottle, but that not pumping enough could impact on a fragile supply and leave the baby hungry. What I would do to go back, scoop her up and tell her 'I see how hard this is, I see your fear and I feel your unfounded sense of failure. I see you'.
 
It wasn’t sustainable. I saw no end point. I relished the power I felt in making the decision to pump exclusively. I told myself I would do it for a year. I researched obsessively. Pumping schedules. When I could drop the second night time pump. How to build a stash. Enough in the fridge to not panic about the next few feeds. How to maximise the effectiveness of each pumping session. Flange size. Power pumping to mimic cluster feeding. It goes on and on.
 
But my god it was TOUGH. Pumping whilst looking after Margot alone. Pumping whilst out. Explaining myself. Setting alarms. Endless alarms. Pumping in the night. Bottle feeding responsively. Paced bottle feeding. Safe storage and preparation of milk. Sterilization of bottles. Silently dealing with my grief of not feeding at my breast.
 
So if that's you now, I see you. If that was you, I see you. If you managed for a week, I see you. If you continued for months and years, I see you. It's so fucking tough. Please, reach out if you need and let someone hold you emotionally in the way I needed
 
For breastfeeding support please see these wonderful accounts
@emmapickettibclc 
@kathrynstaggibclc 
@olivia_lactation_consultant 
@cordeliauys 
@milkmoosh 
@milkmakingmama 

#worldbreastpumpingday #breastfeeding #triplefeeding #exclusivepumping #combifeeding #breastfeedingsupport #postnataldoula #breastfeedinggrief #bottlefeeding #infantfeeding #fouthtrimester",,,,,,